ROWID	_StaticName|TEXT	_Class|INTEGER	_SkinName|INTEGER	_AniName|INTEGER	_ActName|INTEGER	_CamName|INTEGER	_Press|INTEGER	_SizeParam1|INTEGER	_SizeParam2|INTEGER	_Material|INTEGER	_Weight|DOUBLE	_Height|INTEGER	_RotationAngleSpeed|DOUBLE	_PressLevel|INTEGER	_TwoPassAlpha|BOOLEAN	_RandomFrameSummon|BOOLEAN	_throughpass|BOOLEAN	_ContentsID|TEXT
1000001		16	24123	20688	20687	0	0	216	0	0	7.0	100	500.0	10	true	true	false	
1000002		16	44871	22547	44870	0	0	160	0	3	10.0	100	240.0	10	true	true	false	
1000003		16	44303	35512	35511	0	0	100	0	2	3.0	80	360.0	9	true	true	false	
1000004		15	27998	2584	2901	0	0	50	0	2	5.0	100	360.0	5	true	true	false	
1000005		10	44616	2790	44327	0	0	100	0	0	5.0	100	720.0	9	true	true	false	
1000006		16	44305	44306	44304	0	0	80	0	2	10.0	80	360.0	-1	true	true	false	
1000007		10	44616	2790	44327	0	0	50	0	0	2.0	50	720.0	1	true	true	false	
1000008		10	2083	2572	44427	0	0	60	0	0	1.0	100	720.0	-1	true	true	false	
1000009		10	44838	2818	3198	0	0	30	0	0	2.0	100	720.0	1	true	true	false	
1000010		10	19479	19475	42233	0	0	75	0	1	5.0	100	150.0	3	true	true	false	
1000011		10	44624	2810	3188	0	0	30	0	0	1.1	100	720.0	1	true	true	false	
1000012		16	44849	2806	63159	0	0	130	0	0	8.0	100	240.0	3	true	true	false	
1000013		16	44848	20688	20687	0	0	216	0	0	10.0	100	500.0	10	true	true	false	
1000014	Gunner_WildLand	10	44854	44853	44852	0	0	35	0	0	10.0	100	720.0	10	true	true	false	
1000015		16	44857	44856	44855	0	0	120	0	0	10.0	100	360.0	10	true	true	false	
1000016		16	44860	44859	44858	0	0	70	0	0	10.0	100	360.0	5	true	true	false	
1000017		10	28519	28518	44863	0	0	60	0	0	1.1	100	720.0	3	true	true	false	
1000018		10	38413	25909	36906	0	0	80	0	0	1.1	100	720.0	1	true	true	false	
1000019		10	2337	2776	3172	0	0	30	0	0	2.0	100	720.0	1	true	true	false	
1000020		10	18917	19531	18916	19788	0	30	0	1	1.0	100	720.0	3	true	true	false	
1000021		10	45334	45335	45333	0	0	30	0	0	1.0	50	720.0	1	true	true	false	
1000022		10	25908	25909	36906	0	0	80	0	0	1.1	100	720.0	1	true	true	false	
1000101		16	16269	16270	44330	17160	0	130	0	0	5.0	250	360.0	10	true	true	false	
1000102		16	17081	2592	44329	3350	0	130	0	0	5.0	300	300.0	11	true	true	false	
1000103		16	17080	2803	44331	3347	0	100	0	1	5.0	300	300.0	11	true	true	false	
1000104		16	35271	2585	44349	3325	0	120	0	1	5.0	100	72.0	2	true	true	false	
1000105		10	2373	2788	3153	3320	0	45	0	0	1.1	100	720.0	12	true	true	false	
1000106		11	2406	2793	44423	0	0	20	0	0	0.0	100	0.0	-1	true	false	false	
1000107		15	29385	29387	44424	30801	0	216	0	0	7.0	100	300.0	10	true	true	false	
1000108		21	2516	2846	44425	0	0	0	0	2	10.0	100	720.0	-1	true	true	false	
1000109		15	29385	29387	44426	30801	0	50	0	0	7.0	100	300.0	9	true	true	false	
1000110		11	27568	2793	45271	0	0	20	0	0	0.0	100	0.0	10	true	false	false	
1000111		21	27533	27532	44441	3342	0	100	0	1	1.2	100	720.0	-1	true	true	true	
1000112		11	2472	2575	44611	3362	0	35	0	0	1.0	100	70.0	0	true	true	false	
1000113		10	44613	44614	44612	0	0	170	0	2	10.0	1000	720.0	11	true	false	false	
1000114		15	21235	21236	44847	22311	0	75	0	0	5.0	100	500.0	11	true	true	false	
1000115		10	2516	2846	44868	0	0	120	0	0	0.0	100	720.0	-1	true	true	false	
1000116		11	2102	2575	44902	3362	0	35	0	0	1.0	100	70.0	0	true	true	false	
1000117		10	2516	2846	44926	0	0	0	0	2	10.0	100	720.0	-1	true	true	false	
1000118		15	21235	21236	45091	22311	0	55	0	0	1.2	100	500.0	1	true	true	false	
1000119		15	21235	21236	45256	22311	0	0	0	0	1.2	100	500.0	-1	true	true	false	
1000120		11	2405	2792	45257	0	0	35	0	0	1.0	100	720.0	1	true	false	false	
1000121		10	2516	2846	44425	0	0	0	0	2	10.0	100	720.0	-1	true	true	false	
1000122		10	2516	2846	44425	0	0	0	0	2	10.0	100	720.0	-1	true	true	false	
1000123		16	16031	16032	45293	3320	0	50	0	1	10.0	100	0.0	5	true	true	false	
1000124		10	27533	27532	45372	3342	0	60	0	1	3.0	100	720.0	9	true	true	true	
1000125		10	14500	2579	45373	0	0	45	0	0	5.0	100	720.0	10	true	true	false	
1000126		11	2472	2575	45375	3362	0	35	0	0	1.0	100	720.0	2	true	true	false	
1000127		10	17085	2579	45395	0	0	45	0	0	5.0	100	720.0	10	true	true	false	
1000128		11	2087	2572	45399	3313	0	30	0	1	3.0	100	720.0	1	true	true	false	
1000129		11	2087	2572	45401	3313	0	30	0	1	1.2	100	720.0	1	true	true	false	
1000131		16	2407	2794	45360	3339	0	100	0	2	7.0	100	120.0	10	true	true	false	
1000151		21	2516	2846	45632	0	0	0	0	0	0.0	100	720.0	-1	true	true	false	
1000152		16	16783	17068	46828	0	0	110	0	1	10.0	400	360.0	10	true	true	false	
1000153		16	19649	17068	46159	0	0	110	0	1	5.0	400	360.0	10	true	true	false	
1000154		10	45863	45864	45856	0	0	120	0	1	5.0	400	360.0	10	true	true	false	
1000155		16	2483	2826	45885	0	0	75	0	0	10.0	100	200.0	10	true	true	false	
1000156		16	2483	2826	45887	0	0	75	0	0	5.0	100	200.0	10	true	true	false	
1000157		16	2483	2826	45887	0	0	30	0	0	5.0	100	200.0	1	true	true	false	
1000158		16	2516	27532	45964	0	0	60	0	0	5.0	100	720.0	8	true	true	false	
1000159		16	2516	27532	45967	0	0	60	0	0	5.0	100	720.0	8	true	true	false	
1000160		16	2516	27532	45966	0	0	60	0	0	5.0	100	720.0	8	true	true	false	
1000161		16	19649	17068	46159	0	0	110	0	1	5.0	400	360.0	8	true	true	false	
1000162		69	16051	16784	46265	0	0	130	0	0	10.0	500	360.0	10	true	true	false	
1000163		16	17140	15928	46218	0	0	100	0	1	10.0	100	200.0	11	true	true	false	
1000164		21	2516	2846	45632	0	0	100	0	1	5.0	100	200.0	-1	true	true	false	
1000165		10	2489	2828	16836	0	0	100	0	1	10.0	100	200.0	10	true	true	false	
1000166		10	46262	46258	46259	0	0	60	0	0	10.0	100	720.0	10	true	true	false	
1000167		21	2516	2846	45632	0	0	0	0	0	0.0	100	720.0	-1	true	true	false	
1000168		10	17518	2572	46409	0	0	30	0	1	1.2	100	720.0	1	true	true	false	
1000181		21	2516	2846	45799	0	0	0	0	0	0.0	100	720.0	-1	true	true	false	
1000182		16	34697	21459	23302	23297	0	200	0	1	7.0	100	300.0	10	true	true	false	
1000183		74	35507	24664	40668	0	1	140	260	0	10.0	100	250.0	10	true	true	false	
1000184		16	30154	2841	28979	3372	0	200	0	1	10.0	500	360.0	10	true	true	false	
1000186		10	2399	2790	47717	3337	0	100	0	0	5.0	100	720.0	3	false	true	false	
1000187		16	15353	2841	48094	3372	0	120	0	0	5.0	100	720.0	3	true	true	false	
1000188		21	2516	2846	47681	0	0	0	0	0	0.0	100	720.0	-1	true	true	false	
1000189		21	2516	2846	47681	0	0	0	0	0	0.0	100	720.0	-1	true	true	false	
1000190		22	21224	2575	20697	3316	0	35	0	0	3.0	100	720.0	5	true	true	false	
1000191		16	27649	2586	48105	3334	0	150	0	2	10.0	100	200.0	10	true	true	false	
1000192		16	48365	2794	40681	3339	0	100	0	2	7.0	100	120.0	10	true	true	false	
1000193		10	17518	2572	2887	3313	0	30	0	1	5.0	100	720.0	-1	true	true	false	
1000194		11	2406	2793	48009	0	0	20	0	0	3.0	100	720.0	1	true	true	false	
1000195		69	14047	2586	47999	3334	0	230	0	2	10.0	500	120.0	10	true	true	false	
1000196		10	2404	2791	49663	3338	0	50	0	0	0.0	100	160.0	5	true	true	false	
1000201		16	46844	46843	46842	20330	0	130	0	0	5.0	250	360.0	10	true	true	false	
1000202		16	46449	38902	46294	0	0	130	0	0	5.0	250	360.0	10	true	true	false	
1000203		16	46278	2783	45920	20330	0	130	0	0	5.0	250	120.0	10	true	true	false	
1000204		16	46834	46833	46832	20330	0	130	0	0	5.0	250	360.0	10	true	true	false	
1000205		21	2516	2846	46296	0	0	0	0	2	10.0	100	720.0	-1	true	true	false	
1000211		10	27533	27532	46397	3342	0	60	0	1	3.0	100	720.0	-1	true	true	true	
1000212		16	46862	46863	46861	0	0	70	0	2	5.0	100	360.0	9	true	true	true	
1000221		16	46918	46917	46916	0	0	50	0	2	0.0	100	0.0	10	true	true	false	
1000222		16	25390	25389	46824	0	0	50	0	2	0.0	100	0.0	10	true	true	false	
1000223		10	2090	2573	46825	3314	0	35	0	0	1.3	100	720.0	0	true	true	false	
1000224		16	35514	35512	35511	0	0	50	0	2	3.0	80	360.0	9	true	true	false	
1000225		16	46921	46920	46919	0	0	50	0	2	0.0	100	0.0	10	true	true	false	
1000226		16	46924	46923	46922	0	0	50	0	2	0.0	100	0.0	10	true	true	false	
1000227		16	46927	46926	46925	0	0	50	0	2	0.0	100	0.0	10	true	true	false	
1000231		21	47524	47525	47526	0	0	0	0	2	10.0	100	720.0	-1	true	true	false	
1000232		16	2516	27532	47262	0	0	60	0	0	5.0	100	720.0	8	true	true	false	
1000233		16	2516	27532	47263	0	0	60	0	0	5.0	100	720.0	8	true	true	false	
1000234		16	2516	27532	47264	0	0	60	0	0	5.0	100	720.0	8	true	true	false	
1000235		16	2516	27532	47265	0	0	60	0	0	5.0	100	720.0	8	true	true	false	
1000237		16	2337	2776	47542	0	0	50	0	2	0.0	100	0.0	-1	true	true	false	
1000238		16	2337	2776	47543	0	0	50	0	2	0.0	100	0.0	-1	true	true	false	
1000239		16	2337	2776	47544	0	0	50	0	2	0.0	100	0.0	-1	true	true	false	
1000240		16	2337	2776	47545	0	0	50	0	2	0.0	100	0.0	-1	true	true	false	
1000241		16	47303	47307	47299	0	0	0	0	2	10.0	100	720.0	-1	true	true	false	
1000242		16	47304	47307	47300	0	0	0	0	2	10.0	100	720.0	-1	true	true	false	
1000243		16	47305	47307	47301	0	0	0	0	2	10.0	100	720.0	-1	true	true	false	
1000244		16	47306	47307	47302	0	0	0	0	2	10.0	100	720.0	-1	true	true	false	
1000245		16	2516	27532	47538	0	0	60	0	0	5.0	100	720.0	8	true	true	false	
1000246		16	2516	27532	47539	0	0	60	0	0	5.0	100	720.0	8	true	true	false	
1000247		16	2516	27532	47540	0	0	60	0	0	5.0	100	720.0	8	true	true	false	
1000248		16	2516	27532	47541	0	0	60	0	0	5.0	100	720.0	8	true	true	false	
1000251		10	15293	15292	46227	16034	0	60	0	2	10.0	100	0.0	10	true	true	false	
1000252		10	19449	19448	46228	0	0	50	0	2	10.0	100	0.0	10	true	true	false	
1000253		10	2114	2580	46141	3321	0	50	0	0	1.1	100	720.0	2	true	true	false	
1000254		10	2437	2805	46143	3349	0	50	0	1	1.1	100	720.0	2	true	true	false	
1000255		10	2149	2573	2889	3314	0	30	0	0	1.0	100	720.0	2	true	true	false	
1000256		10	2435	2804	3182	3348	0	50	0	1	1.0	100	720.0	2	true	true	false	
1000257		10	2089	2573	2889	3314	0	30	0	0	1.3	100	720.0	2	true	true	false	
1000258		10	2102	2575	2892	3316	0	35	0	1	1.05	100	720.0	2	true	true	false	
1000259		10	18798	2595	2912	3336	0	50	0	0	1.2	100	720.0	4	true	true	false	
1000260		16	14024	2841	3240	3372	0	100	0	0	10.0	100	720.0	10	true	true	false	
1000261		13	25739	2577	2894	3318	0	20	0	0	1.0	100	720.0	0	true	true	false	
1000262		16	24407	21462	23300	23101	0	50	0	0	1.1	100	720.0	10	true	true	false	
1000263		21	2516	2846	46279	0	0	0	0	2	10.0	100	720.0	-1	true	true	false	
1000264		10	28358	28359	36512	33551	0	70	0	0	10.0	100	720.0	5	true	true	false	
1000265		18	2391	2588	46297	3335	0	40	0	1	1.4	100	720.0	5	true	true	false	
1000266		18	2131	2588	46297	3335	0	40	0	1	1.2	100	720.0	2	true	true	false	
1000267		17	2128	2587	2904	3326	0	30	0	0	1.1	100	720.0	5	true	true	false	
1000268		10	24314	24313	24312	3351	0	50	0	0	1.2	100	720.0	5	true	true	false	
1000269		10	2110	2579	2896	3320	0	45	0	1	1.1	100	720.0	5	true	true	false	
1000270		10	21055	21056	24265	23102	0	35	0	0	1.1	100	720.0	2	true	true	false	
1000271		10	2483	2826	3207	16013	0	45	0	0	1.2	100	720.0	5	true	true	false	
1000272		10	2323	2761	3111	3364	0	80	0	0	1.2	100	720.0	2	true	true	false	
1000273		10	21224	2575	20697	3316	0	35	0	0	3.0	100	720.0	0	true	true	false	
1000274		10	21762	21056	24265	23102	0	35	0	0	1.1	100	720.0	2	true	true	false	
1000275		17	21782	21462	21461	23101	0	30	0	0	1.1	100	720.0	3	true	true	false	
1000276		17	21463	21462	21461	23101	0	30	0	0	1.1	100	720.0	3	true	true	false	
1000277		10	2490	2828	3209	0	0	45	0	2	1.1	100	720.0	3	true	true	false	
1000278		10	14099	2799	3176	3345	0	50	0	1	1.2	100	720.0	2	true	true	false	
1000279		17	19427	2591	42731	23391	0	60	0	0	1.0	100	720.0	0	true	true	false	
1000280		10	2355	2708	46853	3331	0	55	0	1	1.2	100	720.0	10	true	true	false	
1000301		10	2324	2762	46137	28455	0	35	0	0	1.1	100	720.0	0	true	true	false	
1000302		10	28443	28442	46805	0	0	35	0	0	1.1	100	720.0	0	true	true	false	
1000303		10	35488	28573	46840	0	0	35	0	0	1.1	100	720.0	0	true	true	false	
1000351		16	2410	2794	47207	0	0	100	0	2	7.0	100	360.0	10	true	false	false	
1000352		16	2288	2592	48023	0	0	130	0	0	5.0	300	360.0	10	true	false	false	
1000353		75	2494	2830	3212	0	1	225	355	0	10.0	100	360.0	10	true	false	false	
1000354		16	2127	2586	47706	0	0	150	0	2	10.0	100	360.0	10	true	false	false	
1000355		76	174	2836	48347	0	1	200	200	0	10.0	500	180.0	10	true	false	false	
1000356		76	174	2836	48538	0	1	400	500	0	10.0	500	180.0	10	true	false	false	
1000357		76	174	2836	48915	0	1	400	500	0	10.0	500	180.0	10	true	false	false	
1000358		76	2499	2835	47019	0	0	50	50	2	10.0	100	0.0	1	true	false	false	
1000359		10	2516	2846	47611	0	0	0	0	2	10.0	100	720.0	-1	true	false	false	
1000360		21	2516	2846	47612	0	0	0	0	2	10.0	100	720.0	-1	true	false	false	
1000361		16	27533	27532	47626	0	0	60	0	1	3.0	100	720.0	9	true	false	true	
1000362		10	2410	2794	47633	0	0	100	0	2	7.0	100	360.0	1	true	false	false	
1000363		21	27533	27532	47707	0	0	60	0	0	3.0	100	720.0	9	true	false	false	
1000364		10	2497	2833	47715	0	0	50	0	0	0.0	50	720.0	5	true	false	false	
1000365		10	2497	2833	47716	0	0	50	0	0	0.0	50	720.0	5	true	false	false	
1000366		10	2412	2794	47633	0	0	100	0	2	7.0	100	360.0	1	true	false	false	
1000367		21	27533	27532	48024	0	0	60	0	0	3.0	100	720.0	9	true	false	false	
1000368		10	2092	2573	48920	0	0	25	0	0	1.0	100	720.0	1	true	true	false	
1000369		10	2090	2573	48920	0	0	25	0	0	1.0	100	720.0	1	true	true	false	
1000370		10	2088	2573	48920	0	0	25	0	0	1.0	100	720.0	1	true	true	false	
1000371		16	2434	2803	48345	0	0	80	0	0	5.0	100	360.0	10	true	true	false	
1000372		10	2116	2580	48335	0	0	60	0	0	1.0	100	720.0	10	true	true	false	
1000373		10	2114	2580	48335	0	0	60	0	0	1.0	100	720.0	10	true	true	false	
1000374		10	28362	2580	48335	0	0	60	0	0	1.0	100	720.0	10	true	true	false	
1000375		10	2112	2580	46141	0	0	60	0	1	10.0	100	720.0	1	true	true	false	
1000376		10	2115	2580	46141	0	0	60	0	1	10.0	100	720.0	1	true	true	false	
1000377		10	2487	2827	3208	0	0	70	0	0	5.0	100	200.0	2	true	true	false	
1000378		16	24123	20688	20687	0	1	216	0	0	7.0	100	500.0	10	true	true	false	
1000379		21	357	48354	48355	0	0	100	0	0	10.0	100	360.0	10	true	false	false	
1000380		21	27533	27532	48435	0	0	60	0	0	3.0	100	720.0	-1	true	false	false	
1000381		10	2401	2791	48576	0	0	50	0	0	0.0	100	160.0	5	true	false	false	
1000382		21	359	48631	48629	0	0	50	0	0	10.0	100	360.0	10	true	false	false	
1000383		21	361	48632	48630	0	0	50	0	0	10.0	100	360.0	10	true	false	false	
1000384		10	2404	2791	48576	0	0	50	0	0	0.0	100	160.0	5	true	false	false	
1000385		16	265	17342	48645	0	0	50	0	0	10.0	100	360.0	9	true	false	false	
1000386		10	27533	27532	48651	0	0	50	0	0	10.0	100	360.0	1	true	false	false	
1000387		21	252	2832	48909	0	0	50	0	0	10.0	100	180.0	1	true	false	false	
1000388		21	252	2832	48910	0	0	50	0	0	10.0	100	180.0	1	true	false	false	
1000389		10	2099	2575	2892	0	0	35	0	0	1.0	100	720.0	1	true	true	false	
1000390		16	32236	2585	2902	0	0	100	0	0	10.0	100	200.0	10	true	false	true	
1000391		10	2089	2573	48920	0	0	50	0	0	1.0	100	720.0	5	true	true	false	
1000392		10	2337	2776	49007	0	0	30	0	2	0.0	100	720.0	-1	true	true	false	
1000393		10	2337	2776	49006	0	0	30	0	2	0.0	100	720.0	-1	true	true	false	
1000401	AsaiHunter_Boss	10	15297	2810	47656	0	0	90	0	0	4.0	100	720.0	10	true	true	false	
1000402		76	441	47661	47660	0	0	150	0	2	10.0	100	0.0	10	true	true	false	
1000403		10	14001	25471	47670	0	0	35	0	2	10.0	100	720.0	10	true	true	false	
1000404	Academic_MechaDuck1	10	2346	2784	47671	0	0	80	0	1	5.0	100	240.0	5	true	true	false	
1000405		10	21226	2783	47672	0	0	50	0	1	10.0	100	720.0	8	true	true	false	
1000406		78	2338	2777	3137	0	0	50	0	1	10.0	100	720.0	5	true	true	false	
1000407		23	37171	34178	35503	0	0	50	0	0	10.0	400	160.0	10	true	true	false	
1000451		69	19752	2840	19320	0	0	280	0	1	10.0	100	270.0	10	true	true	false	
1000452		69	35271	2585	24713	24434	0	100	0	0	10.0	100	200.0	10	true	false	true	
1000453		69	35271	2585	48696	24434	0	100	0	0	10.0	100	200.0	5	true	false	true	
1000454		21	2516	2846	48697	0	0	0	0	0	0.0	100	720.0	-1	true	true	false	
1000455		69	40781	40780	48716	0	0	75	0	0	5.0	100	360.0	10	true	true	false	
1000501		20	2110	2579	47662	3320	0	45	0	1	1.1	100	720.0	10	true	false	true	
1000502		20	15287	15286	47702	0	0	45	0	1	1.1	100	120.0	10	true	false	true	
1000503		20	26818	26819	47703	0	0	45	0	1	1.1	100	120.0	10	true	false	true	
1000504		20	14099	2799	48352	0	0	50	0	1	1.2	100	720.0	10	true	false	true	
1000505		10	49254	2585	48557	24434	0	100	0	0	5.0	100	200.0	10	true	false	true	
1000506		10	2336	2775	48578	0	0	30	0	0	1.2	100	720.0	1	false	false	false	
1000507		10	49891	49893	49892	0	0	100	0	0	5.0	100	200.0	10	true	false	false	
1000508		21	2516	2846	50256	0	0	0	0	0	0.0	100	720.0	-1	true	true	false	
1000531		21	2516	2846	48433	0	0	0	0	0	0.0	100	720.0	-1	true	true	false	
1000532		16	48624	48623	49325	0	0	75	0	2	10.0	100	360.0	10	true	true	false	
1000533		16	48624	48623	49223	0	0	75	0	2	10.0	100	360.0	10	true	true	false	
1000534		16	2516	27532	50061	0	0	60	0	0	5.0	100	720.0	8	true	true	false	
1000535		16	48432	37629	48552	0	0	30	0	0	10.0	500	0.0	10	true	true	true	
1000536		21	48432	37629	50051	0	0	30	0	0	10.0	500	720.0	10	true	true	true	
1000537		16	48624	48623	50134	0	0	75	0	2	10.0	100	360.0	10	true	true	false	
1000551	cerberos_Red	16	48346	2830	47710	0	1	225	355	2	10.0	500	200.0	10	true	true	false	
1000552	Aod_Attacker_Child_Mammon_Guard	10	48432	37629	48552	0	0	60	0	0	10.0	100	720.0	10	true	true	false	
1000553		21	2516	2846	48433	0	0	0	0	0	0.0	100	0.0	-1	true	true	false	
1000554		18	2516	2846	48549	0	0	0	0	0	0.0	100	0.0	-1	true	true	false	
1000555		10	26962	2846	48550	0	0	50	0	0	10.0	500	0.0	12	true	true	true	
1000556		16	48346	2830	48617	0	1	225	355	2	10.0	100	270.0	10	true	true	false	
1000557		21	2516	2846	48433	0	0	0	0	0	0.0	100	0.0	-1	true	true	false	
1000558		21	2516	2846	48433	0	0	0	0	0	0.0	100	0.0	-1	true	true	false	
1000559		21	49770	49771	49769	0	0	0	0	0	0.0	100	0.0	-1	true	true	false	
1000550	cerberos_Red	75	48346	2830	48617	0	1	225	355	2	10.0	500	160.0	10	true	true	false	
1000560		16	48987	48986	49251	0	0	75	0	2	10.0	100	360.0	10	true	true	true	
1000561		16	48624	48623	48622	0	0	75	0	2	10.0	100	360.0	10	true	true	false	
1000562		16	48987	48986	49337	0	1	120	0	2	10.0	100	720.0	-1	true	true	false	
1000563		21	2516	2846	48433	0	0	0	0	0	0.0	100	720.0	-1	true	true	false	
1000564		21	2516	2846	48433	0	0	0	0	0	0.0	100	720.0	-1	true	true	false	
1000565		21	2516	2846	48433	0	0	0	0	0	0.0	100	720.0	-1	true	true	false	
1000566		16	48987	48986	48985	0	1	120	0	0	5.0	100	720.0	10	true	true	false	
1000567		16	26962	2846	49171	0	0	60	0	0	10.0	100	720.0	10	true	true	false	
1000568		16	48987	48986	49204	0	0	0	0	0	0.0	100	720.0	10	true	true	true	
1000570		21	2516	2846	48433	0	0	0	0	0	0.0	100	720.0	-1	true	true	false	
1000571		16	48428	48429	48430	0	0	80	0	0	6.0	100	350.0	11	true	true	false	
1000572		10	48658	2823	48664	0	0	0	0	0	1.0	100	720.0	9	true	true	false	
1000573		21	2516	2846	50149	0	0	0	0	0	0.0	100	720.0	-1	true	true	false	
1000574		10	48662	48661	48663	0	0	50	0	2	10.0	100	0.0	12	true	true	false	
1000575		10	2337	2776	48659	0	0	50	0	0	10.0	500	720.0	10	true	true	false	
1000576		10	2516	2846	50149	0	0	20	0	0	0.0	100	720.0	-1	true	true	false	
1000577		10	2516	2846	50149	0	0	0	0	0	0.0	100	720.0	-1	true	true	false	
1000578		10	48655	48654	48687	0	0	0	0	2	10.0	100	0.0	-1	true	true	false	
1000579		10	2516	2846	50149	0	0	0	0	0	0.0	100	720.0	-1	true	true	false	
1000580		16	48428	48429	49169	0	0	80	0	0	6.0	100	350.0	11	true	true	false	
1000581		10	48658	2823	48664	0	0	0	0	0	1.0	100	720.0	9	true	true	false	
1000582		10	48658	2823	48664	0	0	0	0	0	1.0	100	720.0	9	true	true	false	
1000583		16	48428	48429	49679	0	0	80	0	0	6.0	100	350.0	11	true	true	false	
1000584		10	2337	2776	48659	0	0	20	0	0	0.0	100	720.0	10	true	true	false	
1000591		74	48619	48620	48618	0	1	450	450	0	10.0	500	120.0	11	true	true	true	
1000592		10	2285	2776	48659	0	0	150	0	0	10.0	500	720.0	10	true	true	false	
1000593		10	48432	37629	49257	0	0	60	0	0	10.0	100	720.0	5	true	true	false	
1000594		10	2337	2776	48659	0	0	0	0	0	10.0	500	720.0	-1	true	true	false	
1000595		74	48619	48620	49504	0	1	450	450	0	10.0	500	120.0	11	true	true	false	
1000596		16	2285	2776	48659	0	0	50	0	0	5.0	100	720.0	9	true	true	true	
1000597		10	48432	37629	49767	0	0	100	0	0	10.0	100	720.0	6	true	true	false	
1000598		74	48619	48620	50050	0	1	450	450	0	10.0	500	120.0	11	true	true	false	
1000599		10	50151	50152	50150	0	0	120	0	2	10.0	100	0.0	12	true	true	true	
1000600		10	46215	25468	3168	3309	0	35	0	0	1.1	100	720.0	0	true	true	false	
1000601	WraithDesert	17	19427	2591	2908	23391	0	60	0	0	1.0	100	720.0	0	true	true	false	
1000602		10	47883	25469	3169	14273	0	35	0	0	1.1	100	720.0	0	true	true	false	
1000610		69	2139	2593	49013	3329	0	50	0	0	10.0	300	720.0	10	true	true	false	
1000611		69	25549	2592	49158	3328	0	200	0	1	10.0	300	200.0	10	true	true	false	
1000612	Guardian	69	24665	24664	49167	24666	1	140	260	0	10.0	100	120.0	10	true	true	false	
1000613		69	26705	2816	49174	3357	0	100	0	0	10.0	100	200.0	10	true	true	false	
1000614		20	2395	2592	49224	3328	0	100	0	1	10.0	300	200.0	-1	true	false	false	
1000615		20	49225	2592	49224	3328	0	100	0	1	10.0	300	200.0	-1	true	false	false	
1000616		20	34795	2592	49224	3328	0	100	0	1	10.0	300	200.0	-1	true	false	false	
1000640		10	50120	2783	3147	0	0	100	0	1	10.0	100	720.0	9	true	true	false	
1000641		10	50240	25471	3171	0	0	35	0	0	1.1	100	720.0	1	true	true	false	
1000650		21	2516	2846	49226	0	0	0	0	2	10.0	100	720.0	-1	true	true	false	
1000651		10	27998	2584	49227	3324	0	50	0	2	10.0	100	360.0	11	true	true	false	
1000652		16	2148	2592	49253	3328	0	130	0	0	5.0	100	480.0	10	true	true	false	
1000653		16	2407	2794	49256	3339	0	100	0	2	7.0	100	120.0	10	true	true	false	
1000654		74	2507	2842	49686	3371	1	180	200	0	10.0	100	240.0	10	true	true	false	
1000655		16	2408	2794	49698	3339	0	100	0	2	7.0	100	120.0	10	true	true	false	
1000656		10	2501	2816	49704	3368	0	100	0	0	5.0	100	300.0	10	true	true	false	
1000657		16	2468	2820	49705	3361	0	130	0	0	5.0	100	720.0	10	true	true	false	
1000658		77	2502	2838	49707	3369	1	200	300	2	10.0	700	0.0	10	true	false	false	
1000659		10	28836	28840	28839	0	0	30	0	0	1.0	100	720.0	10	true	true	false	
1000660		10	39765	39764	50786	19789	0	100	0	1	5.0	100	150.0	10	true	true	false	
1000661		16	40656	40657	50787	0	0	80	0	1	7.0	100	360.0	10	true	true	false	
1000662		10	40655	15972	50788	0	0	75	0	2	5.0	100	150.0	10	true	true	false	
1000663		10	40781	40780	50789	0	0	75	0	0	5.0	100	150.0	10	true	true	false	
1000751		16	50773	50774	50772	0	0	130	0	0	10.0	100	360.0	10	true	true	false	
1000752		77	40962	14051	49710	14324	0	350	0	0	10.0	100	0.0	10	true	true	false	
1000753		10	15297	2810	50438	0	0	90	0	0	4.0	100	720.0	10	true	true	false	
1000754		10	49827	2810	50438	0	0	30	0	0	4.0	100	720.0	1	true	true	false	
1000755		10	49826	2810	50438	0	0	30	0	0	4.0	100	720.0	1	true	true	false	
1000756		16	51131	20688	49840	30807	0	60	0	0	7.0	100	300.0	3	true	true	false	
1000757		16	24123	20688	20687	19768	0	60	0	0	7.0	100	500.0	3	true	true	false	
1000758		16	50158	46843	50157	0	0	130	0	0	5.0	100	360.0	10	true	true	false	
1000759		69	50437	16784	50436	0	0	130	0	0	10.0	500	360.0	10	true	true	false	
1000760		10	50459	28518	50458	0	0	90	0	0	4.0	100	360.0	7	true	true	false	
1000761		16	50617	38405	50618	38410	0	120	0	1	5.0	100	360.0	9	true	true	false	
1000762		75	51132	28038	50619	0	0	350	0	0	10.0	200	350.0	10	true	true	false	
1000763		10	50459	28518	50620	0	0	90	0	0	4.0	100	360.0	7	true	true	false	
1000764		10	50630	37629	50629	0	0	100	0	0	4.0	100	360.0	7	true	true	false	
1000765		74	50641	24664	50640	0	1	140	260	0	10.0	100	250.0	10	true	true	false	
1000766		16	50731	38405	50618	38410	0	120	0	1	5.0	100	360.0	9	true	true	false	
1000767		21	2516	2846	50766	0	0	0	0	2	10.0	100	720.0	-1	true	false	false	
1000768		10	50777	50776	50775	0	0	90	0	0	4.0	100	360.0	7	true	true	false	
1000769		16	50808	50809	50810	0	0	160	0	3	10.0	100	240.0	10	true	true	false	
1000770		10	2141	2595	2912	3336	0	50	0	0	4.0	100	720.0	4	true	true	false	
1000771		11	41691	41932	41931	0	0	30	0	0	1.0	100	720.0	10	true	true	false	
1000772		11	15353	2841	51013	3372	0	120	0	0	3.0	100	720.0	5	true	true	false	
1000773		15	51133	2583	2900	3323	0	60	0	0	4.0	100	400.0	4	true	true	false	
1000774		10	51134	45335	45333	0	0	30	0	0	1.0	50	720.0	1	true	true	false	
1000775		10	51130	2581	2898	3322	0	40	0	0	1.0	100	720.0	0	true	true	false	
1000776		11	2367	2576	51335	3317	0	30	0	0	3.0	100	720.0	0	true	true	false	
1000777		11	2407	2794	51336	3339	0	100	0	2	7.0	100	120.0	10	true	true	false	
1000778		16	27649	2586	51344	3334	0	150	0	2	10.0	100	200.0	10	true	true	false	
1000779		16	50773	50774	51591	0	0	130	0	0	10.0	100	360.0	10	true	true	false	
1000801		10	51655	44418	29244	14273	0	35	0	0	1.1	100	720.0	1	true	true	false	
1000811		16	24407	21462	52034	0	0	400	0	0	1.1	100	720.0	0	true	true	false	
1000821	WraithBlack	17	2394	2591	2908	23391	0	60	0	0	1.0	100	720.0	0	true	true	false	
1000822		10	17566	25472	17565	17585	0	35	0	0	1.1	100	720.0	0	true	true	false	
1000834		22	21224	2575	52457	3316	0	35	0	0	3.0	100	720.0	5	true	true	false	
1000835	Goblin_Spartan_Normal	11	19323	2575	52458	3362	0	35	0	0	1.0	100	720.0	0	true	true	false	
1000836	OrcGreen	12	19792	2579	52460	3320	0	45	0	0	1.1	100	500.0	0	true	true	false	
1000837	Knoll_Warrior_Desert	10	19079	2801	52459	3346	0	35	0	0	1.1	100	720.0	0	true	true	false	
1000838	Goblin_Spartan_Normal	11	19324	2575	52458	3362	0	35	0	0	1.0	100	720.0	0	true	true	false	
1000839		21	2516	2846	52691	0	0	0	0	0	0.0	100	720.0	-1	true	true	false	
1000840		69	21224	2575	52457	3316	0	35	0	0	3.0	100	720.0	5	true	true	false	
1000841		69	21224	2575	52457	3316	0	35	0	0	3.0	100	720.0	5	true	true	false	
1000842		69	21224	2575	52457	3316	0	35	0	0	3.0	100	720.0	5	true	true	false	
1000843		69	21224	2575	52457	3316	0	35	0	0	3.0	100	720.0	5	true	true	false	
1000851		16	50773	50774	52720	0	0	130	0	0	10.0	100	360.0	-1	true	true	true	
1000852		16	50773	50774	52747	0	0	130	0	0	10.0	100	360.0	10	true	true	false	
1000853		16	50158	46843	52748	0	0	130	0	0	5.0	100	360.0	10	true	true	false	
1000854		69	50437	16784	52749	0	0	130	0	0	10.0	500	360.0	10	true	true	false	
1000855		16	50808	50809	52750	0	0	160	0	3	10.0	100	240.0	10	true	true	false	
1000856		74	50641	24664	52751	0	1	140	260	0	10.0	100	250.0	10	true	true	false	
1000871		16	25486	21236	52778	22311	0	200	0	0	6.0	100	350.0	10	true	true	false	
1000872		16	25487	21236	52779	22311	0	200	0	0	6.0	100	350.0	10	true	true	false	
1000873		16	25738	22547	52776	23299	0	160	0	3	10.0	100	240.0	10	true	true	false	
1000874	Segyesu_boss	78	24458	24457	52780	24459	0	1300	0	3	10.0	1500	40.0	10	true	false	false	
1000875		16	25391	2591	52777	25387	0	160	0	0	1.0	100	720.0	10	true	true	false	
1000876		21	2516	2846	54044	0	0	0	0	2	10.0	100	720.0	-1	true	false	false	
1000901		16	53884	2586	52791	0	0	220	0	2	10.0	500	120.0	10	true	false	false	
1000902		10	53252	2573	53255	55949	0	35	0	3	1.3	100	720.0	10	true	false	false	
1000903		10	53253	2573	53255	55951	0	35	0	3	1.3	100	720.0	10	true	false	false	
1000904		10	53254	2573	53255	55950	0	35	0	3	1.3	100	720.0	10	true	false	false	
1000905		16	53884	2586	52791	0	0	150	0	2	10.0	100	200.0	10	true	false	false	
1000906		10	53844	53847	53843	0	0	100	0	2	10.0	100	200.0	10	true	false	false	
1000907		10	53846	53848	53845	0	0	100	0	2	10.0	100	200.0	10	true	false	false	
1000908		16	53973	53975	53974	0	0	150	0	2	10.0	100	200.0	10	true	false	false	
1000909		75	53972	40849	53917	0	1	200	400	2	10.0	500	100.0	11	true	false	false	
1000910		16	53885	2586	53919	0	0	220	0	2	10.0	500	360.0	10	true	false	false	
1000911		78	53934	53935	53933	0	1	700	1000	0	10.0	250	80.0	11	true	false	false	
1000912		16	53884	2586	52791	0	0	280	0	2	10.0	500	360.0	11	true	false	false	
1000913		16	53885	2586	53919	0	0	220	0	2	10.0	500	360.0	11	true	false	false	
1000914		16	53884	2586	52791	0	0	220	0	2	10.0	500	360.0	11	true	false	false	
1000915	HideMonster	21	2516	2846	53985	0	0	0	0	2	10.0	100	720.0	-1	true	false	false	
1000916		75	54512	40849	54519	0	1	200	250	2	10.0	100	100.0	10	true	false	false	
1000917		10	54514	53847	53843	0	0	100	0	2	10.0	100	200.0	10	true	false	false	
1000918		10	54513	53848	53845	0	0	100	0	2	10.0	100	200.0	10	true	false	false	
1000919		16	54511	53975	53974	0	0	150	0	2	10.0	100	200.0	10	true	false	false	
1000920	HideMonster	21	2516	2846	54530	0	0	0	0	2	10.0	100	720.0	-1	true	false	false	
1000921	HideMonster	21	2516	2846	54583	0	0	0	0	2	10.0	100	720.0	-1	true	false	false	
1000922	HideMonster	21	2516	2846	54531	0	0	0	0	2	10.0	100	720.0	-1	true	false	false	
1000923	HideMonster	21	2516	2846	54532	0	0	0	0	2	10.0	100	720.0	-1	true	false	false	
1000924		16	50808	50809	52750	0	0	160	0	3	10.0	100	240.0	10	true	false	false	
1000925		10	14099	2799	54764	0	0	50	0	1	1.2	100	720.0	10	true	false	false	
1000926		10	2430	2799	54764	0	0	50	0	1	1.2	100	720.0	10	true	false	false	
1000927		10	2429	2799	54764	0	0	50	0	1	1.2	100	720.0	10	true	false	false	
1000928		75	54778	18616	54777	0	0	200	0	0	10.0	100	160.0	10	true	false	false	
1000929		16	54857	22547	22546	0	0	160	0	3	10.0	100	240.0	10	true	false	false	
1000930		10	54858	21233	21231	0	0	35	0	0	1.0	100	720.0	2	true	false	false	
1000931		10	54859	21233	21231	0	0	35	0	0	1.0	100	720.0	2	true	false	false	
1000932		10	54860	21233	21231	0	0	35	0	0	1.0	100	720.0	2	true	false	false	
1000933		10	54861	21233	21231	0	0	35	0	0	1.0	100	720.0	2	true	false	false	
1000934		16	55334	43113	54741	0	0	120	0	0	10.0	100	360.0	10	true	false	false	
1000935	Ent_Gray	16	25738	22547	22546	23299	0	160	0	3	10.0	100	240.0	3	true	false	false	
1000936		10	53236	16272	55904	0	0	35	0	0	1.0	100	720.0	2	true	false	false	
1000937	Wisp_Giant_BD	10	2285	2731	55910	0	0	100	0	0	10.0	100	720.0	-1	true	false	true	
1000938	Wisp_Giant_BD	10	2285	2731	55997	0	0	100	0	0	10.0	100	720.0	-1	true	false	true	
1000939	LamiaRed	12	53519	2595	56013	3336	0	100	0	0	5.0	100	720.0	10	true	false	false	
1000940	HideMonster	21	2516	2846	61250	0	0	0	0	2	10.0	100	720.0	-1	true	false	false	
1000941	HideMonster	21	2516	2846	61251	0	0	0	0	2	10.0	100	720.0	-1	true	false	false	
1000942	HideMonster	21	2516	2846	61252	0	0	0	0	2	10.0	100	720.0	-1	true	false	false	
1000943		10	2516	2846	62253	0	0	0	0	2	10.0	100	720.0	-1	true	false	false	
1000944		74	50641	24664	62272	0	1	140	260	0	10.0	100	250.0	10	true	true	false	
1000951		10	54700	54703	54697	0	0	100	0	2	10.0	100	50.0	12	true	false	false	
1000952		10	54701	54703	54698	0	0	100	0	2	10.0	100	50.0	12	true	false	false	
1000953		10	54702	54703	54699	0	0	100	0	2	10.0	100	50.0	12	true	false	false	
1000954		10	53252	2573	55245	0	0	35	0	0	1.3	100	720.0	0	true	false	false	
1000955		75	55341	55340	55344	0	0	100	0	3	10.0	100	50.0	12	true	false	false	
1000956		75	55342	55340	55344	0	0	100	0	3	10.0	100	50.0	12	true	false	false	
1000957		10	55863	55860	55859	0	0	100	0	3	10.0	100	50.0	12	true	false	false	
1000958	HideMonster	21	2516	2846	55889	0	0	0	0	2	10.0	100	720.0	-1	true	false	true	
1000959	HideMonster	21	2516	2846	55890	0	0	0	0	2	10.0	100	720.0	-1	true	false	true	
1000960		10	2337	2776	55891	0	0	50	0	0	10.0	500	720.0	-1	true	true	true	
1000961	Mushroom_Big	11	27568	2793	3232	0	0	35	0	0	0.0	100	0.0	10	true	false	false	
1000962	Mushroom_Big	11	23388	2793	3232	0	0	35	0	0	0.0	100	0.0	10	true	false	false	
1000963		10	55972	55973	55971	0	0	100	0	3	10.0	100	50.0	12	true	false	false	
1001002	LamiaRed	12	53519	2595	53150	3336	0	100	0	0	5.0	100	720.0	10	true	false	false	
1001001	Sandworm	75	51132	28038	52975	19769	0	100	0	0	10.0	200	350.0	10	true	true	true	
1001004		69	2114	2580	52974	3321	0	60	0	0	5.0	100	720.0	10	true	true	false	
1001005		16	2438	2806	52977	3350	0	130	0	0	5.0	100	240.0	10	true	true	false	
1001006		21	26714	26715	53025	0	0	90	0	1	10.0	100	500.0	10	true	false	true	
1001007		21	2516	2846	53937	0	0	0	0	2	10.0	100	720.0	-1	true	false	false	
1001003		11	15353	2841	51013	3372	0	120	0	0	3.0	100	720.0	5	true	true	false	
1001008		20	2516	2846	53026	0	0	0	0	2	10.0	100	720.0	-1	true	false	false	
1001009		21	2516	2846	53938	0	0	0	0	2	10.0	100	720.0	-1	true	false	false	
1001010	SpittlerPurple	21	2403	2791	54086	3338	0	50	0	0	0.0	100	160.0	5	true	true	false	
1001011		11	51133	2583	53958	3323	0	60	0	0	4.0	100	400.0	4	true	true	false	
1001012		11	26714	26715	54018	0	0	90	0	1	10.0	100	500.0	10	true	false	true	
1001013		74	50641	24664	33034	0	1	140	260	0	10.0	100	250.0	10	true	true	false	
1001051		17	2134	2591	2908	0	0	60	0	0	1.0	100	720.0	0	true	true	false	
1001052		10	46206	25470	3170	0	0	35	0	0	1.1	100	720.0	0	true	true	false	
1001053		10	25373	21251	28790	0	0	35	0	0	1.1	100	720.0	0	true	true	false	
1001065	HideMonster	10	2516	2846	53358	0	0	0	0	2	10.0	100	720.0	-1	true	false	false	
1001066		16	40656	40657	53439	0	0	80	0	1	7.0	100	360.0	10	true	true	false	
1001067		10	2480	2825	53483	0	0	30	0	0	1.2	100	720.0	0	true	true	false	
1001068		10	2481	2825	53483	0	0	30	0	0	1.2	100	720.0	0	true	true	false	
1001069		21	2516	2846	53491	0	0	0	0	0	2.0	100	720.0	-1	true	false	false	
1001070		21	2516	2846	53526	0	0	0	0	0	10.0	100	360.0	-1	true	false	false	
1001071		10	2482	2825	53483	0	0	30	0	0	1.2	100	720.0	0	true	true	false	
1001072		21	2516	2846	53491	0	0	0	0	0	2.0	100	720.0	-1	true	false	false	
1001080		16	53488	2592	53487	3350	0	130	0	0	5.0	300	300.0	11	true	true	false	
1001081		16	53489	16270	53486	17160	0	130	0	0	5.0	250	360.0	10	true	true	false	
1001091		21	2516	2846	53526	0	0	0	0	2	10.0	100	360.0	-1	true	false	false	
1001100		10	35445	42516	42515	42780	0	35	0	0	1.1	100	720.0	0	true	true	false	
1001101	HopGoblinBlack	11	2355	2708	53776	33868	0	70	0	1	1.2	100	500.0	9	true	true	false	
1001102	BrooBlack	17	2128	2587	53777	3326	0	30	0	0	1.1	100	720.0	0	true	true	false	
1001103	MinotaurosHeavy	16	2137	2592	53779	3328	0	100	0	0	5.0	100	360.0	1	true	true	false	
1001104	OgreBlack04	16	2386	2585	53778	3325	0	120	0	1	5.0	100	720.0	2	true	true	false	
1001105	OgreGray02	16	2387	2585	53778	3325	0	120	0	1	5.0	100	720.0	2	true	true	false	
1001106		10	2084	2572	2887	3313	0	30	0	0	1.0	100	720.0	0	true	true	false	
1001107	Cerberos	75	2145	2599	53936	3366	1	225	355	0	10.0	100	120.0	5	true	true	false	
1001108	MinotaurosWhite	16	49225	2592	63152	3328	0	100	0	0	5.0	100	360.0	1	true	true	false	
1001109		10	51832	51833	51834	52010	0	35	0	0	1.1	100	720.0	0	true	true	false	
1001110		10	2323	2761	53923	3364	0	45	0	0	1.1	100	720.0	0	true	true	false	
1001120		10	54050	25468	3168	3309	0	30	0	0	1.1	100	720.0	0	true	true	false	
1001121		10	54048	25468	3168	3309	0	30	0	0	1.1	100	720.0	0	true	true	false	
1001122		10	2337	2776	54085	0	0	30	0	2	0.0	100	720.0	-1	true	true	false	
1001131		16	25486	21236	54054	22311	0	200	0	0	6.0	100	350.0	10	true	true	false	
1001132		16	25487	21236	54053	22311	0	200	0	0	6.0	100	350.0	10	true	true	false	
1001133		16	25738	22547	54055	23299	0	160	0	3	10.0	100	240.0	10	true	true	false	
1001134	Segyesu_boss	78	24458	24457	54060	24459	0	1300	0	3	10.0	1500	40.0	10	true	false	false	
1001135		16	25391	2591	54058	25387	0	160	0	0	1.0	100	720.0	10	true	true	false	
1001136		10	2398	2790	54059	3337	0	70	0	0	5.0	100	720.0	2	false	true	false	
1001141		69	29437	16784	54071	18308	0	130	0	2	10.0	500	360.0	10	true	true	false	
1001142		69	31042	28651	54068	30800	0	216	0	0	7.0	100	300.0	10	true	true	false	
1001143		23	30352	29128	54069	30799	0	200	0	0	10.0	100	200.0	10	true	true	false	
1001144	PHOENIX	74	29248	29270	54070	31516	0	130	0	0	10.0	250	240.0	10	true	true	false	
1001145		78	31106	31107	54072	31516	0	0	0	0	10.0	250	120.0	-1	true	true	false	
1001146		10	30352	29128	54089	30799	0	180	0	0	10.0	100	200.0	10	true	true	false	
1001147		10	29127	29128	54089	30799	0	180	0	0	10.0	100	200.0	10	true	true	false	
1001148		16	2410	2794	54560	3339	0	100	0	2	1.0	80	360.0	9	true	true	false	
1001151		16	24407	21462	54073	23101	0	100	0	0	1.1	100	720.0	10	true	true	false	
1001152		16	23664	21459	54079	23297	0	200	0	1	7.0	100	300.0	10	true	true	false	
1001153		16	23373	20963	54076	24436	1	200	200	0	7.0	100	120.0	10	true	true	false	
1001154	Ogre_Ignacio	16	23151	2585	54078	24434	0	100	0	0	5.0	100	200.0	10	true	true	false	
1001155	Guardian	75	24665	24664	54077	24666	1	140	260	0	10.0	100	160.0	10	true	true	false	
1001156		16	24407	21462	54074	23101	0	400	0	0	1.1	100	720.0	0	true	true	false	
1001157		16	24407	21462	54075	0	0	400	0	0	1.1	100	720.0	0	true	true	false	
1001161	LamiaRed	12	53519	2595	54520	3336	0	100	0	0	5.0	100	720.0	10	true	false	false	
1001162	Sandworm	75	51132	28038	54522	19769	0	100	0	0	10.0	200	350.0	10	true	true	true	
1001163		69	2114	2580	54521	3321	0	60	0	0	5.0	100	720.0	10	true	true	false	
1001164		16	2438	2806	54523	3350	0	130	0	0	5.0	100	240.0	10	true	true	false	
1001165		11	51133	2583	54524	3323	0	60	0	0	4.0	100	400.0	4	true	true	false	
1001201	UnstableBlackBoss	10	2483	2826	54104	16013	0	75	0	0	5.0	100	200.0	2	true	true	false	
1001202		10	56268	2593	2910	3329	0	50	0	0	1.1	100	720.0	9	true	true	false	
1001206		22	21224	2575	20697	3316	0	35	0	0	3.0	100	720.0	5	true	true	false	
1001210	Green_Apocalypse	77	40962	14051	54730	14324	0	350	0	0	10.0	600	0.0	10	true	true	false	
1001216	WraithDesert	17	19427	2591	2908	23391	0	60	0	0	1.0	100	720.0	0	true	true	false	
1001221		16	17081	2592	54950	3350	0	130	0	0	5.0	300	300.0	11	true	true	false	
1001222		15	21235	21236	54951	22311	0	75	0	0	5.0	100	500.0	11	true	true	false	
1001223		16	17080	2803	54952	3347	0	100	0	1	5.0	300	300.0	11	true	true	false	
1001224		16	16269	16270	54953	17160	0	130	0	0	5.0	250	360.0	10	true	true	false	
1001225		15	21235	21236	55360	22311	0	55	0	0	1.2	100	500.0	1	true	true	false	
1001226		15	21235	21236	55857	22311	0	0	0	0	1.2	100	500.0	-1	true	true	false	
1001227		11	27568	2793	56853	0	0	20	0	0	0.0	100	0.0	10	true	false	false	
1001241		16	2483	2826	54954	0	0	75	0	0	10.0	100	200.0	10	true	true	false	
1001242		16	17140	15928	54955	0	0	100	0	1	10.0	100	200.0	11	true	true	false	
1001243		16	16783	17068	54956	0	0	110	0	1	10.0	400	360.0	10	true	true	false	
1001244		16	19649	17068	54957	0	0	110	0	1	5.0	400	360.0	10	true	true	false	
1001245		69	16051	16784	54958	0	0	130	0	0	10.0	500	360.0	10	true	true	false	
1001246		16	19649	17068	54957	0	0	110	0	1	5.0	400	360.0	8	true	true	false	
1001261		10	2116	2580	54959	0	0	60	0	0	1.0	100	720.0	10	true	true	false	
1001262		10	2114	2580	54959	0	0	60	0	0	1.0	100	720.0	10	true	true	false	
1001263		10	28362	2580	54959	0	0	60	0	0	1.0	100	720.0	10	true	true	false	
1001264		16	2410	2794	54960	0	0	100	0	2	7.0	100	360.0	10	true	false	false	
1001265		16	2288	2592	54961	0	0	130	0	0	5.0	300	360.0	10	true	false	false	
1001266		16	2127	2586	54962	0	0	150	0	2	10.0	100	360.0	10	true	false	false	
1001267		76	174	2836	54963	0	1	200	200	0	10.0	500	180.0	10	true	false	false	
1001268		76	174	2836	54965	0	1	400	500	0	10.0	500	180.0	10	true	false	false	
1001269		76	174	2836	54964	0	1	400	500	0	10.0	500	180.0	10	true	false	false	
1001270		10	27533	27532	56102	0	0	50	0	0	10.0	100	360.0	1	true	false	false	
1001271		10	2410	2794	56273	0	0	100	0	2	7.0	100	360.0	1	true	false	false	
1001272		16	2434	2803	56384	0	0	80	0	0	5.0	100	360.0	10	true	true	false	
1001281		16	46844	46843	54966	20330	0	130	0	0	5.0	250	360.0	10	true	true	false	
1001282		16	46449	38902	54967	0	0	130	0	0	5.0	250	360.0	10	true	true	false	
1001283		16	46278	2783	54968	20330	0	130	0	0	5.0	250	360.0	10	true	true	false	
1001284		16	46834	46833	54969	20330	0	130	0	0	5.0	250	360.0	10	true	true	false	
1001285		16	25390	25389	56367	0	0	50	0	2	0.0	100	0.0	10	true	true	false	
1001286		21	47524	47525	56608	0	0	0	0	2	10.0	100	720.0	-1	true	true	false	
1001287		16	2516	27532	56619	0	0	60	0	0	5.0	100	720.0	8	true	true	false	
1001288		16	2516	27532	56620	0	0	60	0	0	5.0	100	720.0	8	true	true	false	
1001289		16	2516	27532	56621	0	0	60	0	0	5.0	100	720.0	8	true	true	false	
1001290		16	2516	27532	56622	0	0	60	0	0	5.0	100	720.0	8	true	true	false	
1001301		10	2323	2761	53923	3364	0	45	0	0	1.1	100	720.0	0	true	true	false	
1001302		10	33031	2761	53923	3364	0	45	0	0	2.0	100	720.0	2	true	true	false	
1001305		16	56288	21459	56287	23297	0	200	0	1	7.0	100	300.0	10	true	true	false	
1001306	Crow_Owl	10	24317	24316	24315	3351	0	35	0	0	1.2	100	720.0	0	true	true	false	
1001307		11	57350	2794	51336	3339	0	100	0	2	7.0	100	120.0	10	true	true	false	
1001308		10	2403	2791	54086	3338	0	50	0	0	0.0	100	160.0	5	true	true	false	
1001309		17	2396	2593	2910	3329	0	50	0	0	1.1	100	720.0	9	true	true	false	
1001310		17	2138	2593	2910	3329	0	50	0	0	1.1	100	720.0	9	true	true	false	
1001311		10	2488	2827	3208	0	0	70	0	0	5.0	100	200.0	2	true	true	false	
1001312		10	54858	21233	21231	0	0	35	0	0	1.0	100	720.0	2	true	false	false	
1001313		10	54859	21233	21231	0	0	35	0	0	1.0	100	720.0	2	true	false	false	
1001314		10	54860	21233	21231	0	0	35	0	0	1.0	100	720.0	2	true	false	false	
1001315		10	54861	21233	21231	0	0	35	0	0	1.0	100	720.0	2	true	false	false	
1001316		10	2480	2825	53483	0	0	30	0	0	1.2	100	720.0	0	true	true	false	
1001317		10	2481	2825	53483	0	0	30	0	0	1.2	100	720.0	0	true	true	false	
1001318		10	54700	54703	57074	0	0	100	0	2	10.0	100	50.0	12	true	false	false	
1001319	X_GhoulMummy	10	53252	2573	57121	3314	0	30	0	0	1.0	100	720.0	0	true	true	false	
1001320		10	2490	2828	3209	0	0	45	0	2	1.1	100	500.0	0	true	true	false	
1001321		10	2489	2828	3209	0	0	45	0	2	1.1	100	500.0	0	true	true	false	
1001322		16	44860	44859	44858	0	0	70	0	0	10.0	100	360.0	5	true	true	false	
1001323	Ent_Gray	16	54857	22547	22546	23299	0	160	0	3	10.0	100	240.0	3	true	true	false	
1001324	DrakeHatchlingGreen	10	2454	2815	3195	0	0	30	0	0	1.2	100	720.0	0	true	true	false	
1001325		10	2487	2827	3208	0	0	70	0	0	5.0	100	200.0	2	true	true	false	
1001326		10	54778	18616	18615	3338	0	50	0	0	0.0	100	160.0	5	true	true	false	
1001327	X_GhoulMummy	10	53253	2573	57121	3314	0	30	0	0	1.0	100	720.0	0	true	true	false	
1001350		16	56871	2592	56873	3350	0	130	0	0	5.0	300	300.0	11	true	true	false	
1001351		16	57008	57009	56623	0	0	35	0	0	1.2	100	720.0	0	true	true	false	
1001352	BrooLich	17	21795	2587	2904	3326	0	30	0	0	1.1	100	720.0	0	true	true	false	
1001353	Goblin_Asai	11	14278	2575	2892	3316	0	35	0	0	1.05	100	720.0	0	true	true	false	
1001354	HopGoblinBoy02	11	2358	2708	3042	3331	0	55	0	0	1.2	100	500.0	1	true	true	false	
1001355	GargoyleBlue	15	2378	2584	57355	3324	0	50	0	2	1.5	100	720.0	1	true	true	false	
1001356	AsaiShamanWhite	10	2450	2812	3190	3354	0	30	0	0	1.1	100	720.0	0	true	true	false	
1001357		10	15297	2810	3188	16044	0	30	0	0	1.1	100	720.0	0	true	true	false	
1001358	GreenGolem	16	2127	2586	2903	3334	0	150	0	2	10.0	100	120.0	3	true	true	false	
1001359		10	15125	15124	57354	16016	0	30	0	0	5.0	100	720.0	0	true	true	false	
1001360		10	55905	2827	3208	0	0	70	0	0	5.0	100	200.0	2	true	true	false	
1001361	Goblin_Asai	12	14278	2575	2892	3316	0	35	0	0	1.05	100	720.0	0	true	true	false	
1001362		16	57378	2806	56308	3350	0	130	0	0	5.0	300	300.0	11	true	true	false	
1001363		10	15125	15124	57747	16016	0	30	0	0	5.0	100	720.0	0	true	true	false	
1001364		10	15125	15124	57750	16016	0	30	0	0	5.0	100	720.0	0	true	true	false	
1001369		10	39669	39635	39634	3353	0	30	0	0	2.0	100	720.0	0	true	true	false	
1001370	MeteorFairyQueenGreen	16	27992	15972	55202	16015	0	70	0	2	5.0	100	200.0	2	true	true	false	
1001371	SkeletonGold_Boss	10	2366	2576	55320	3317	0	60	0	1	3.0	100	720.0	5	true	true	false	
1001372		15	29385	29387	55335	30801	0	200	0	1	10.0	100	200.0	10	true	true	false	
1001373		10	21723	21722	55337	22274	0	35	0	0	10.0	100	720.0	5	true	true	false	
1001374	Scolpion_Ivory	16	24123	20688	55895	19768	0	216	0	0	7.0	100	500.0	3	true	true	false	
1001375		16	39096	48429	55896	39099	0	80	0	0	6.0	100	350.0	9	true	true	false	
1001376	Gunner_WildLand	10	44854	44853	55894	0	0	35	0	0	10.0	100	720.0	10	true	true	false	
1001377		16	37744	37745	55893	3357	0	100	0	0	10.0	100	200.0	10	true	false	false	
1001378	Gunner_WildLand	10	44854	44853	56387	0	0	35	0	0	10.0	100	720.0	10	true	true	false	
1001379	Trap_Fire	10	42318	42317	56395	0	0	10	0	0	1.0	10	0.0	-1	true	true	false	
1001380	Trap_Ice	10	42321	42320	56397	0	0	10	0	0	1.0	10	0.0	-1	true	true	false	
1001381	Trap_Flash	10	42324	42323	56396	0	0	10	0	0	1.0	10	0.0	-1	true	true	false	
1001382	HoundSnowStrong_Black	10	2351	2572	57348	3313	0	30	0	1	1.2	100	720.0	0	true	true	false	
1001383		21	2516	2846	57347	0	0	0	0	0	0.0	100	720.0	-1	true	true	false	
1001384		22	21224	2575	57415	3316	0	35	0	0	3.0	100	720.0	5	true	true	false	
1001391		10	21239	21233	21231	0	0	35	0	0	1.0	100	720.0	2	true	false	false	
1001392	SpiderYellow	14	2117	2581	2898	3322	0	40	0	0	1.2	100	720.0	0	true	true	false	
1001393	SpittlerGreen	10	2401	2791	3162	3338	0	50	0	0	0.0	100	160.0	5	true	true	false	
1001394		10	44616	2790	44327	0	0	50	0	0	2.0	50	720.0	1	true	true	false	
1001395		16	44860	44859	44858	0	0	70	0	0	10.0	100	360.0	5	true	true	false	
1001396	Ent_Gray	16	22548	22547	22546	23299	0	160	0	3	10.0	100	240.0	3	true	true	false	
1001411	Knight_Oriental_BD	10	57812	34178	57319	37229	0	50	0	0	10.0	400	160.0	10	true	true	false	
1001412		16	57811	57009	56623	0	0	35	0	0	1.2	100	720.0	0	true	true	false	
1001413	Solider_Oriental_Red_BD	11	56955	2644	57931	0	0	50	0	0	10.0	100	720.0	1	true	true	false	
1001414		11	39636	39635	39634	3353	0	30	0	0	2.0	100	720.0	0	true	true	false	
1001415	BoarManWarrior_red	12	21249	21483	21248	3348	0	55	0	0	1.1	100	720.0	0	true	true	false	
1001416	BoarManGunner_red	12	21457	2805	21456	3349	0	55	0	0	1.1	100	720.0	0	true	true	false	
1001417	HoundSnowStrong	10	2085	2572	2888	3313	0	30	0	1	1.2	100	720.0	0	true	true	false	
1001418	HoundSnowStrong_Black	10	2351	2572	2888	3313	0	30	0	1	1.2	100	720.0	0	true	true	false	
1001419		15	54856	29387	57964	30801	0	200	0	1	10.0	100	200.0	10	true	true	false	
1001420		21	2516	2846	56281	0	0	0	0	2	10.0	100	720.0	-1	true	true	false	
1001421	LivingSword01	10	56872	2823	58602	0	0	30	0	1	1.1	100	720.0	0	true	true	false	
1001422	Solider_Oriental_Yellow_BD	11	56956	2644	57934	0	0	50	0	0	10.0	100	720.0	1	true	true	false	
1001423	Knight_Oriental_Red_BD	10	58528	34178	58524	37229	0	50	0	0	10.0	400	160.0	10	true	true	false	
1001424	AsaiShamanZombie	10	2451	2813	58603	3355	0	30	0	0	1.1	100	720.0	0	true	true	false	
1001425	HopGoblinBoy01	11	2354	2708	59640	3331	0	55	0	0	1.2	100	500.0	1	true	true	false	
1001431	RedLotusPalace_Beast	16	58403	57920	57918	0	0	130	0	0	10.0	100	360.0	10	true	true	false	
1001432	RedLotusPalace_Ratman	69	57380	57381	57379	0	0	60	0	0	5.0	100	720.0	10	true	true	false	
1001433		10	27826	27827	27825	0	0	50	0	0	1.05	100	500.0	0	true	true	false	
1001434	X_BatBlack	13	2105	2577	2894	0	0	20	0	0	1.0	100	720.0	0	true	true	false	
1001435	X_TrollWhite	16	2122	2583	2900	0	0	60	0	0	1.0	100	360.0	1	true	true	false	
1001436	BoarManGunner	12	2437	2805	56614	0	0	0	0	1	1.5	100	720.0	0	true	true	false	
1001437	BoarManWarrior	10	2435	2804	3182	0	0	0	0	1	1.5	100	720.0	0	true	true	false	
1001438		10	2282	2579	2896	0	0	55	0	1	3.0	100	500.0	9	true	true	false	
1001439	OrcGrey	12	2373	2788	3153	0	0	45	0	0	1.5	100	720.0	0	true	true	false	
1001440		10	2372	2579	2896	0	0	55	0	1	1.5	100	500.0	9	true	true	false	
1001441	OgreBlack03	16	2385	2585	2902	0	0	120	0	1	5.0	100	720.0	2	true	true	false	
1001442		12	2110	2579	2896	0	0	55	0	1	1.5	100	500.0	9	true	true	false	
1001443	X_TrollWhite	16	2123	2583	2900	0	0	60	0	0	1.0	100	360.0	1	true	true	false	
1001444	BoarManGunner	12	2437	2805	56614	0	0	0	0	1	1.1	100	720.0	0	true	true	false	
1001445		10	2282	2579	56615	0	0	55	0	1	1.1	100	500.0	9	true	true	false	
1001446	Orc_Gray_Rat	10	2374	2789	56618	0	0	10	0	0	1.0	100	720.0	0	true	true	false	
1001447	X_SkeletonGray	11	2104	2576	2893	3317	0	38	0	0	3.0	100	720.0	0	true	true	false	
1001448		11	2261	2708	3042	3331	0	55	0	0	1.2	100	500.0	1	true	true	false	
1001449		10	18798	2595	2912	3336	0	50	0	0	1.2	100	720.0	4	true	true	false	
1001450		10	24317	24316	24315	3351	0	35	0	0	1.2	100	720.0	0	true	true	false	
1001451		16	2337	2776	57006	0	0	50	0	2	0.0	100	0.0	-1	true	true	false	
1001452		16	2337	2776	57007	0	0	50	0	2	0.0	100	0.0	-1	true	true	false	
1001453	HideMonster	10	2516	2846	57118	0	0	0	0	2	10.0	100	720.0	-1	true	false	false	
1001454	HideMonster	10	2516	2846	57117	0	0	0	0	2	10.0	100	720.0	-1	true	false	false	
1001461		16	57191	38902	57134	0	0	130	0	0	5.0	250	360.0	10	true	true	false	
1001462		10	57192	2783	57135	34671	0	100	0	1	10.0	100	720.0	9	true	true	false	
1001463		10	57193	2761	57136	3364	0	80	0	0	1.2	100	720.0	5	true	true	false	
1001464	CyclopsWhite	10	57194	2803	57137	3347	0	100	0	0	1.5	100	360.0	3	true	true	false	
1001465		16	57195	15923	57138	16014	0	80	0	0	5.0	100	200.0	2	true	true	false	
1001466		16	57196	22547	57139	0	0	160	0	3	10.0	100	240.0	10	true	true	false	
1001467		10	57197	2790	57140	3337	0	70	0	0	5.0	100	720.0	2	false	true	false	
1001468		16	57198	15928	57141	16042	0	100	0	2	5.0	100	200.0	2	true	true	false	
1001469	Knoll_Gunner_Flame-thrower	14	57199	2802	57142	3346	0	30	0	0	1.1	100	200.0	0	true	true	false	
1001470		69	57200	2580	57143	3321	0	60	0	0	5.0	100	720.0	10	true	true	false	
1001471		16	57201	15972	57144	16015	0	70	0	2	5.0	100	200.0	2	true	true	false	
1001472		10	57202	2788	57146	3320	0	55	0	1	1.1	100	500.0	9	true	true	false	
1001473		10	57203	2826	57147	0	0	45	0	0	1.2	100	720.0	0	true	true	false	
1001474		69	57204	2841	57148	3372	0	120	0	1	10.0	500	360.0	10	true	true	false	
1001475	DragonSycophantBishopBlack	16	57238	2820	57815	3361	0	130	0	0	5.0	100	720.0	1	true	true	false	
1001476	HideMonster	10	2516	2846	57334	0	0	0	0	2	10.0	100	720.0	-1	true	false	false	
1001477	HideMonster	10	2516	2846	57602	0	0	0	0	2	10.0	100	720.0	-1	true	false	false	
1001478	HideMonster	10	2516	2846	57751	0	0	0	0	2	10.0	100	720.0	-1	true	false	false	
1001501		10	27998	2584	57514	3324	0	50	0	2	10.0	100	360.0	11	true	true	false	
1001502		16	2148	2592	57515	3328	0	130	0	0	5.0	100	480.0	10	true	true	false	
1001503		16	2407	2794	57516	3339	0	100	0	2	7.0	100	120.0	10	true	true	false	
1001504	Manticore_Lord	74	2507	2842	57517	3371	1	180	0	0	10.0	100	240.0	10	true	true	false	
1001505	LamiaRed	12	29133	2595	39670	3336	0	80	0	0	1.2	100	720.0	1	true	true	false	
1001521		16	2408	2794	57518	3339	0	100	0	2	7.0	100	120.0	10	true	true	false	
1001522		10	2501	2816	57519	3368	0	100	0	0	5.0	100	300.0	10	true	true	false	
1001523	DragonSycophantBishopLotus	16	2468	2820	57520	3361	0	130	0	0	5.0	100	720.0	10	true	true	false	
1001524	Lotus_Golem	77	2502	2838	57521	3369	1	200	0	2	10.0	700	0.0	10	true	false	false	
1001525	Mushroom_Small	11	2405	2792	57814	0	0	35	0	0	1.0	100	720.0	0	true	true	false	
1001526	DragonSycophantBishopLotus	16	2468	2820	57858	3361	0	100	0	0	5.0	100	720.0	-1	true	true	false	
1001541		10	39765	39764	57522	19789	0	100	0	1	5.0	100	150.0	10	true	true	false	
1001542		16	40656	40657	57523	0	0	80	0	1	7.0	100	360.0	10	true	true	false	
1001543		10	40655	15972	57524	0	0	75	0	2	5.0	100	150.0	10	true	true	false	
1001544		10	40577	15124	57525	0	0	75	0	0	5.0	100	150.0	10	true	true	false	
1001545	Green_Apocalypse	77	40962	14051	57526	14324	0	350	0	0	10.0	600	0.0	10	true	true	false	
1001546		10	40781	40780	57527	0	0	75	0	0	5.0	100	150.0	10	true	true	false	
1001547	HideMonster	10	2516	2846	57606	0	0	0	0	2	10.0	100	720.0	-1	true	false	false	
1001548		11	40848	40849	57913	0	1	30	0	0	1.05	100	100.0	-1	true	true	false	
1001549		11	40848	40849	57917	0	1	30	0	0	1.05	100	100.0	-1	true	true	false	
1001550		11	40848	40849	57914	0	1	30	0	0	1.05	100	100.0	-1	true	true	false	
1001551		11	40848	40849	57916	0	1	30	0	0	1.05	100	100.0	-1	true	true	false	
1001552		11	40848	40849	57915	0	1	30	0	0	1.05	100	100.0	-1	true	true	false	
1001553		10	40716	40713	40719	0	0	40	0	0	1.0	100	720.0	10	true	true	false	
1001554		10	40717	40714	40711	0	0	40	0	0	1.0	100	720.0	10	true	true	false	
1001555		10	40718	40715	40712	0	0	40	0	0	1.0	100	720.0	10	true	true	false	
1001556		10	40718	40715	40712	0	0	40	0	0	1.0	100	720.0	10	true	true	false	
1001557		10	18918	2572	58412	3313	0	30	0	0	1.2	100	720.0	0	true	true	false	
1001561		21	2516	2846	50766	0	0	0	0	2	10.0	100	720.0	-1	true	false	false	
1001562		16	57540	16270	57539	0	0	130	0	0	5.0	250	360.0	10	true	true	false	
1001563		16	57542	15923	57541	0	0	80	0	0	5.0	100	200.0	2	true	true	false	
1001564		10	2351	2572	2887	0	0	30	0	1	1.2	100	720.0	0	true	true	false	
1001565		10	2085	2572	2887	0	0	30	0	0	1.2	100	720.0	0	true	true	false	
1001566		10	39636	39635	39634	0	0	30	0	0	2.0	100	720.0	0	true	true	false	
1001567		10	56956	2644	58604	0	0	30	0	0	5.0	100	720.0	0	true	true	false	
1001568		10	56955	2644	58604	0	0	30	0	0	5.0	100	720.0	0	true	true	false	
1001569		16	57542	15923	15921	0	0	80	0	0	5.0	100	200.0	2	true	true	false	
1001570		12	38901	38902	38903	38905	0	70	0	0	10.0	100	200.0	9	true	true	false	
1001571		10	58637	2580	57543	0	0	60	0	0	1.0	100	720.0	10	true	true	false	
1001572		10	2116	2580	2897	0	0	60	0	0	3.0	100	720.0	10	true	true	false	
1001573		12	2112	2580	2897	0	0	60	0	0	1.1	100	720.0	0	true	true	false	
1001574		12	2114	2580	2897	0	0	60	0	0	3.0	100	720.0	1	true	true	false	
1001575		12	2115	2580	2897	0	0	60	0	1	1.1	100	720.0	1	true	true	false	
1001576		10	21055	21056	24265	0	0	35	0	0	1.1	100	720.0	0	true	true	false	
1001577		17	21463	21462	21461	0	0	30	0	0	3.0	100	720.0	0	true	true	false	
1001578		17	56268	2593	2910	0	0	50	0	0	10.0	300	720.0	10	true	true	false	
1001579		21	2516	2846	58612	0	0	0	0	2	10.0	100	720.0	-1	true	false	false	
1001581		16	58636	2592	57544	0	0	130	0	0	5.0	300	360.0	10	true	false	false	
1001582		10	2338	2777	58032	0	0	30	0	0	1.2	100	720.0	-1	true	true	false	
1001583		16	2136	2592	63158	0	0	100	0	0	5.0	300	360.0	1	true	true	false	
1001584		16	2148	2592	63158	0	0	150	0	0	5.0	100	360.0	1	true	true	false	
1001585		10	28519	28518	44863	0	0	60	0	0	1.1	100	720.0	3	true	true	false	
1001591		21	2516	2846	57805	0	0	0	0	2	10.0	100	720.0	-1	true	false	false	
1001592		10	2285	2731	57808	0	0	30	0	0	2.0	100	720.0	1	true	true	false	
1001593		10	57962	37629	57941	0	0	100	0	0	4.0	100	360.0	7	true	true	false	
1001594		10	42528	43113	54741	0	0	100	0	0	4.0	100	360.0	7	true	true	false	
1001595		16	23375	20963	20964	0	1	200	200	0	7.0	100	120.0	10	true	true	false	
1001596		16	2124	2583	2900	0	0	60	0	0	1.0	100	360.0	1	true	true	false	
1001597		69	2139	2593	49013	0	0	50	0	0	10.0	300	720.0	10	true	true	false	
1001598		10	27533	27532	58030	0	0	60	0	1	3.0	100	720.0	-1	true	true	true	
1001599		16	16031	16032	58051	0	0	50	0	1	10.0	100	500.0	5	true	true	false	
1001600		16	23373	20963	20964	0	1	200	200	0	7.0	100	120.0	10	true	true	false	
1001601		10	57962	37629	58540	0	0	60	0	0	3.0	100	360.0	7	true	true	false	
1001602		10	57810	37629	57941	0	0	100	0	0	4.0	100	360.0	7	true	true	false	
1001603		11	2486	2827	3208	0	0	100	0	0	4.0	100	360.0	7	true	true	false	
1001604		10	2489	2828	3209	0	1	90	90	2	1.1	100	500.0	0	true	true	false	
1001605		16	23375	20963	57942	23298	1	200	200	0	7.0	100	120.0	10	true	true	false	
1001606		16	44293	15972	57963	16015	0	70	0	2	5.0	100	200.0	2	true	true	false	
1001607		10	2338	2777	58032	0	0	30	0	0	1.2	100	720.0	-1	true	true	false	
1001608		11	58246	40849	58005	0	1	30	0	0	1.05	100	100.0	-1	true	true	false	
1001609		16	58382	58383	58384	0	0	70	120	2	10.0	100	720.0	7	true	true	false	
1001610		11	2490	2828	3209	0	1	60	60	2	1.1	100	500.0	0	true	true	false	
1001611		11	58644	58383	58617	0	0	0	0	2	3.0	100	720.0	5	true	true	true	
1001612	Ent_Gray	16	54857	22547	59214	23299	0	160	0	3	10.0	100	240.0	3	true	true	false	
1001613		10	2403	2791	59641	3338	0	50	0	0	0.0	100	160.0	5	true	true	false	
1001614		11	58643	58383	68919	0	0	0	0	2	3.0	100	720.0	5	true	true	true	
1001641		10	2282	2579	59657	0	0	55	0	1	1.1	100	500.0	9	true	true	false	
1001642		10	57810	37629	59658	0	0	100	0	0	4.0	100	360.0	7	true	true	false	
1001651		16	2135	2592	58240	3328	0	10	0	0	10.0	100	480.0	10	true	false	false	
1001661		69	44298	2840	58605	0	0	280	0	1	10.0	100	270.0	10	true	true	false	
1001671		10	26735	26737	58646	0	0	30	0	0	1.2	100	720.0	-1	true	true	true	
1001672		10	27697	26737	58646	0	0	30	0	0	1.2	100	720.0	-1	true	true	true	
1001673		16	39084	21236	58647	22311	0	120	0	0	6.0	100	350.0	9	true	true	false	
1001674	HideMonster	21	2516	2846	59281	0	0	0	0	0	10.0	100	720.0	-1	true	true	false	
1001675		10	27697	26737	60138	0	0	30	0	0	1.2	100	720.0	-1	true	true	true	
1001676		10	26735	26737	60138	0	0	30	0	0	1.2	100	720.0	-1	true	true	true	
1002001	HoundNormal	10	2080	2572	58351	3313	0	30	0	0	1.2	100	720.0	0	true	true	false	
1002002	Orc Santa	12	14500	2579	58348	3320	0	45	0	0	1.1	100	500.0	0	true	true	false	
1002003	DragonSycophant_Cedric	17	2413	2795	58368	3340	0	50	0	0	1.1	100	720.0	0	true	true	false	
1002004	DragonSycophantPunisherGreen	16	2456	2816	58369	3357	0	100	0	0	5.0	100	300.0	1	true	true	false	
1002005	DragonSycophantPunisherGold	16	20483	2816	58356	3357	0	100	0	0	5.0	100	300.0	1	true	true	false	
1002006	DragonSycophantMagicBlue	10	2458	2817	58354	3358	0	30	0	0	1.1	100	720.0	1	true	true	false	
1002007	DragonSycophantAssassinBlack	10	2461	2818	58365	3359	0	30	0	0	1.1	100	720.0	0	true	true	false	
1002008	DragonSycophantClericBlack	10	2464	2819	58366	3360	0	30	0	0	1.1	100	720.0	0	true	true	false	
1002009	DragonSycophantBishopDesert	16	24071	2820	58353	3361	0	130	0	0	5.0	100	720.0	1	true	true	false	
1002010	Goblin_Spartan_Normal	11	2471	2575	58347	3362	0	35	0	0	1.0	100	720.0	0	true	true	false	
1002011		10	17085	2579	58346	3320	0	55	0	0	3.0	100	500.0	2	true	true	false	
1002012	BD_Barricade	77	24439	24440	58349	0	0	90	0	1	10.0	100	500.0	10	true	false	false	
1002013	LotusGolem_BD	76	25473	25766	58370	26802	0	700	0	2	10.0	700	40.0	10	true	false	false	
1002014	BlackDragon_BD	78	24451	25746	58373	26799	1	900	1200	0	10.0	500	40.0	10	true	false	false	
1002015	Orge_BD	16	24705	2585	58345	3325	0	200	0	1	10.0	100	200.0	10	true	false	false	
1002016	Minotauros_BD	16	25549	2592	58357	3328	0	200	0	1	10.0	300	200.0	10	true	false	false	
1002017	DragonSycophantPuni_BD	16	26705	2816	58360	3357	0	100	0	0	10.0	100	200.0	10	true	false	false	
1002018	BlackSmith_artillery	21	25003	25002	58361	0	0	50	0	1	10.0	100	360.0	11	true	true	false	
1002019	DarkCore_BD	77	24991	24990	58344	26800	0	50	0	0	10.0	300	720.0	10	true	false	false	
1002020	CorePortal_BD	21	25038	25037	58362	0	0	50	0	0	10.0	100	360.0	10	true	true	false	
1002021	SoliderGhost_BD	10	26300	2644	58352	0	0	50	0	0	10.0	100	720.0	1	true	true	false	
1002022	BattleBlackSmith_BD	10	25908	25909	58355	0	0	50	0	0	10.0	100	720.0	11	true	true	false	
1002023		21	26423	26424	58358	0	0	10	0	1	10.0	100	120.0	10	true	true	false	
1002024	FireCow_BD	20	2338	26723	58359	0	0	30	0	0	10.0	100	720.0	-1	true	false	false	
1002025	SoliderNormal_BD	10	2198	2644	58363	0	0	50	0	0	10.0	100	720.0	1	true	true	false	
1002026	HideMonster_BlackD	21	2516	2846	58350	0	0	0	0	0	10.0	100	720.0	-1	true	true	true	
1002027	DragonSycophantSolider_BD	10	25791	25790	58364	0	0	50	0	0	10.0	100	720.0	0	true	true	false	
1002028		76	26247	26248	58371	3342	0	50	0	0	10.0	100	120.0	10	true	false	false	
1002029	Wisp_Giant_BD	10	2285	2731	58367	3342	0	100	0	0	10.0	100	120.0	10	true	false	false	
1002030		77	26714	26715	58372	0	0	90	0	1	10.0	100	500.0	10	true	false	false	
1002031		16	26705	2816	58360	3357	0	100	0	0	10.0	100	200.0	10	true	true	false	
1002032		16	26596	26598	58375	0	0	50	0	0	10.0	100	720.0	-1	true	true	false	
1002033		78	24451	26960	58374	26799	1	900	1200	0	10.0	500	40.0	10	true	false	false	
1002034		18	2516	2846	58350	0	0	0	0	0	10.0	100	720.0	-1	true	true	false	
1002035		10	2458	2817	58378	3358	0	60	0	0	10.0	100	720.0	9	true	true	false	
1002036		10	2460	2818	58377	3359	0	60	0	0	10.0	100	720.0	9	true	true	false	
1002037		10	2413	2795	58380	3340	0	60	0	0	10.0	100	720.0	9	true	true	false	
1002038		21	2516	2846	58350	0	0	0	0	0	10.0	100	720.0	-1	true	true	false	
1002039		10	2463	2819	58376	3360	0	30	0	0	10.0	100	720.0	9	true	true	false	
1002040		16	2456	2816	58360	3357	0	100	0	0	10.0	100	300.0	9	true	true	false	
1002041		16	2467	2820	58379	3361	0	130	0	0	10.0	100	720.0	9	true	true	false	
1002042		21	24991	24990	58344	26800	0	50	0	0	10.0	300	720.0	10	true	false	false	
1002043	HideMonster	21	2516	2846	3254	0	0	0	0	0	0.0	100	720.0	-1	true	true	false	
1002050	Knight_Oriental_BD	10	58528	34178	59423	37229	0	0	0	0	10.0	400	160.0	10	true	true	false	
1002051	RedLotusPalace_Beast	16	58403	57920	59444	0	0	0	0	0	10.0	100	360.0	10	true	true	false	
1002052		16	44293	15972	59422	16015	0	0	0	2	5.0	100	200.0	10	true	true	false	
1002053		16	57540	16270	59445	0	0	0	0	0	5.0	250	360.0	10	true	true	false	
1002054		10	2337	2776	3172	0	0	30	0	0	2.0	100	720.0	1	true	true	false	
1002055		10	2080	2572	59901	3313	0	30	0	0	1.2	100	720.0	0	true	true	false	
1002061	HideMonster	10	2516	2846	59446	0	0	0	0	2	10.0	100	720.0	-1	true	false	false	
1002062		11	55037	24444	59447	0	0	0	0	2	10.0	100	720.0	-1	true	false	false	
1002063	HideMonster	10	2516	2846	59486	0	0	0	0	2	10.0	100	720.0	-1	true	false	false	
1002064	HideMonster	10	2516	2846	59660	0	0	0	0	2	10.0	100	720.0	-1	true	false	false	
1002065		10	2516	2846	59666	0	0	120	0	0	0.0	100	720.0	-1	true	true	false	
1002066		10	2516	2846	59920	0	0	120	0	0	0.0	100	720.0	-1	true	true	false	
1002081		10	60011	60067	60014	3359	0	60	0	0	10.0	100	720.0	9	true	true	false	
1002082		10	60010	60572	60574	3359	0	60	0	0	10.0	100	720.0	9	true	true	false	
1002083		10	60005	60573	60575	3359	0	60	0	0	10.0	100	720.0	9	true	true	false	
1002084	cerberos_Red	16	48346	2830	60817	0	1	225	355	2	10.0	500	200.0	10	true	true	false	
1002137		16	21460	21459	61223	23297	0	150	0	1	7.0	100	240.0	10	true	true	false	
1002138		16	23664	21459	61226	23297	0	200	0	1	7.0	100	300.0	10	true	true	false	
1002139		16	34697	21459	61226	23297	0	200	0	1	7.0	100	300.0	10	true	true	false	
1002140		16	38941	28651	61225	30800	0	216	0	0	7.0	100	150.0	9	true	true	false	
1002141		74	19552	2842	60821	3371	1	180	200	0	10.0	100	120.0	10	true	true	false	
1002142	Ent_Gray	16	22548	22547	61031	23299	0	160	0	3	10.0	100	240.0	3	true	true	false	
1002143	Grizzly_Gray	16	23375	20963	61028	23298	0	210	0	0	7.0	100	120.0	3	true	true	false	
1002144	HopGoblinBlack	11	2355	2708	61030	3331	0	55	0	1	1.2	100	500.0	1	true	true	false	
1002145		17	19427	2591	61029	23391	0	60	0	0	1.0	100	720.0	0	true	true	false	
1002146		10	2398	2790	61033	3337	0	70	0	0	5.0	100	720.0	2	true	true	false	
1002147		74	61139	61137	61136	3371	0	0	0	0	5.0	100	120.0	0	true	true	false	
1002148		16	39096	39097	61211	39099	0	80	0	0	6.0	100	350.0	9	true	true	false	
1002149		16	30154	2841	61212	3372	0	200	0	1	10.0	500	360.0	10	true	true	false	
1002150		74	35507	24664	61224	0	1	140	260	0	10.0	100	250.0	10	true	true	false	
1002151		16	46918	46917	60555	0	0	50	0	2	0.0	100	0.0	10	true	true	false	
1002152		16	46921	46920	60556	0	0	50	0	2	0.0	100	0.0	10	true	true	false	
1002153		16	46924	46923	60557	0	0	50	0	2	0.0	100	0.0	10	true	true	false	
1002154		16	46927	46926	60558	0	0	50	0	2	0.0	100	0.0	10	true	true	false	
1002155		16	48624	48623	60559	0	0	75	0	2	10.0	100	360.0	10	true	true	false	
1002156		10	14001	2571	60560	0	0	35	0	0	1.1	100	720.0	2	true	true	false	
1002157		10	2415	25468	60561	0	0	35	0	0	1.1	100	720.0	2	true	true	false	
1002158		10	24701	21251	60562	0	0	35	0	0	1.1	100	720.0	2	true	true	false	
1002159		10	2417	25470	60563	0	0	35	0	0	1.1	100	720.0	2	true	true	false	
1002160		10	32409	29369	60564	0	0	35	0	0	1.1	100	720.0	2	true	true	false	
1002161		10	38822	37728	60565	0	0	35	0	0	1.1	100	720.0	2	true	true	false	
1002162		10	2416	25469	60566	0	0	35	0	0	1.1	100	720.0	2	true	true	false	
1002163		10	2414	25467	60567	0	0	35	0	0	1.1	100	720.0	2	true	true	false	
1002164		10	2516	2846	60570	0	0	0	0	2	10.0	100	720.0	-1	true	false	false	
1002165		10	17566	25472	60723	0	0	35	0	0	1.1	100	720.0	2	true	true	false	
1002166		16	48987	48986	60746	0	1	120	0	2	10.0	100	720.0	-1	true	true	false	
1002170		10	60578	21251	60677	0	0	45	0	0	2.0	100	720.0	0	true	true	false	
1002175		10	2516	2846	60776	0	0	45	0	0	2.0	100	720.0	0	true	true	false	
1002176		16	58382	58383	60777	0	0	70	120	2	10.0	100	720.0	7	true	true	false	
1002177		11	58644	58383	60826	0	0	0	0	2	3.0	100	720.0	5	true	true	true	
1002178		11	58642	58383	61005	0	0	0	0	2	3.0	100	720.0	5	true	true	true	
1002179		11	61003	58383	60826	0	0	70	120	2	3.0	100	720.0	5	true	true	true	
1002180		10	57810	37629	60827	0	0	100	0	0	4.0	100	360.0	7	true	true	false	
1002181		75	60700	60697	60694	0	1	450	800	0	10.0	500	120.0	10	true	false	false	
1002182		75	61219	61220	61218	0	1	400	200	2	0.0	400	0.0	10	true	true	false	
1002183		10	2285	2731	61336	0	0	30	0	0	2.0	100	720.0	1	true	true	false	
1002184		75	2516	2846	61098	0	1	400	200	2	0.0	400	0.0	10	true	true	false	
1002185	Wisp_Giant_BD	10	2285	2731	61737	0	0	100	0	0	10.0	100	120.0	10	true	false	false	
1002211		16	60661	60658	60657	0	1	200	150	0	10.0	350	240.0	10	true	false	false	
1002212		16	60661	60658	61187	0	1	200	150	0	10.0	350	240.0	10	true	false	false	
1002221		16	61105	61106	61104	0	0	200	0	0	10.0	400	120.0	10	true	false	false	
1002222		10	61115	61106	61609	0	0	20	0	0	10.0	100	360.0	7	true	false	false	
1002223		10	61114	61106	61112	0	0	20	0	0	10.0	100	360.0	7	true	false	false	
1002224		10	61113	61106	61565	0	0	20	0	0	10.0	100	360.0	7	true	false	false	
1002225	HideMonster	10	2516	2846	61189	0	0	0	0	0	0.0	100	720.0	-1	true	false	false	
1002226	HideMonster	10	2516	2846	61373	0	0	0	0	0	0.0	100	720.0	-1	true	false	false	
1002227		21	61375	61376	61374	0	0	150	0	2	10.0	500	0.0	10	true	false	false	
1002228		21	61378	61379	61377	0	0	150	0	2	10.0	500	0.0	10	true	false	false	
1002229		21	61381	61382	61380	0	0	150	0	2	10.0	500	0.0	10	true	false	false	
1002230	HideMonster	10	2516	2846	61613	0	0	0	0	0	0.0	100	720.0	-1	true	true	false	
1002241		74	61108	61109	61107	0	1	400	700	0	10.0	500	120.0	11	true	false	false	
1002258	Knight_Oriental_BD	10	57812	34178	61086	37229	0	100	0	0	10.0	100	240.0	10	true	false	false	
1002259		16	57540	16270	61087	0	0	100	0	0	10.0	100	240.0	10	true	false	false	
1002260		10	61201	61200	61199	0	0	30	0	0	10.0	100	0.0	12	true	true	false	
1002261	HideMonster	21	2516	2846	61070	0	0	0	0	0	0.0	100	720.0	-1	true	false	false	
1002262		21	2516	2846	61098	0	0	200	200	0	10.0	200	720.0	0	true	false	false	
1002263		16	60661	60658	61125	0	0	100	0	0	10.0	100	240.0	10	true	false	false	
1002264	Wisp_Giant_BD	10	2285	2731	61127	3342	0	100	0	0	10.0	100	120.0	10	true	false	false	
1002265	HideMonster	21	2516	2846	61722	0	0	0	0	0	0.0	100	720.0	-1	true	false	false	
1002280	HideMonster	21	2516	2846	61010	0	0	0	0	0	0.0	100	720.0	-1	true	true	false	
1002300	Guardian	75	35507	24664	61169	24666	1	140	260	0	10.0	100	160.0	10	true	true	false	
1002321		16	53884	2586	61202	0	0	220	0	2	10.0	500	120.0	10	true	false	false	
1002322		16	53885	2586	61203	0	0	220	0	2	10.0	500	360.0	10	true	false	false	
1002323		16	53884	2586	61202	0	0	280	0	2	10.0	500	360.0	11	true	false	false	
1002324		16	53885	2586	61203	0	0	220	0	2	10.0	500	360.0	11	true	false	false	
1002325		16	53884	2586	61202	0	0	220	0	2	10.0	500	360.0	11	true	false	false	
1002326		78	53934	53935	61204	0	1	700	1000	0	10.0	250	80.0	11	true	false	false	
1002327		21	55341	55345	62522	0	0	100	0	3	10.0	100	50.0	12	true	false	false	
1002328		21	55342	55340	62523	0	0	100	0	3	10.0	100	50.0	12	true	false	false	
1002339		10	53236	16272	62589	0	0	35	0	0	1.0	100	720.0	2	true	false	false	
1002340	Slug_White	10	22167	22166	22165	0	0	35	0	0	1.0	100	120.0	-1	true	true	false	
1002351		76	19709	2838	61369	3369	0	440	0	2	10.0	700	40.0	10	true	false	false	
1002352		16	62912	21459	62603	23297	0	150	0	2	7.0	100	500.0	10	true	false	false	
1002353		16	62606	21459	62603	23297	0	150	0	2	7.0	100	500.0	10	true	true	false	
1002354		10	2337	2776	68229	0	0	30	0	2	0.0	100	720.0	-1	true	false	false	
1002355		10	2337	2776	68229	0	0	30	0	2	0.0	100	720.0	-1	true	false	false	
1002356	HideMonster	21	2516	2846	68234	0	0	100	0	2	10.0	100	720.0	-1	true	false	false	
1002361		10	61614	61615	47627	61977	0	20	0	0	10.0	100	360.0	7	true	false	false	
1002362	HoundSnowStrong	10	2084	2572	61641	3313	0	30	0	1	1.2	100	720.0	0	true	true	false	
1002363	HoundSnowStrong	10	2350	2572	61641	3313	0	30	0	1	1.2	100	720.0	0	true	true	false	
1002364	BrooBlack	17	2129	2587	61724	3326	0	30	0	0	1.1	100	720.0	10	true	true	false	
1002365	BrooBlack	17	2129	2587	2904	3326	0	30	0	0	1.1	100	720.0	10	true	true	false	
1002380		20	62453	40713	61723	0	0	40	0	0	6.0	100	720.0	10	true	false	false	
1002381		19	26807	15300	61726	0	0	50	0	3	0.0	100	80.0	10	true	false	false	
1002382	MinotaurosStrong	10	2135	2592	61730	3328	0	50	0	0	10.0	100	500.0	0	true	true	false	
1002383	MinotaurosStrong	10	2137	2592	61730	3328	0	50	0	0	10.0	100	500.0	0	true	true	false	
1002384		16	2148	2592	61729	3328	0	100	0	0	10.0	100	360.0	5	true	true	false	
1002385	Minotauros_BD	16	58636	2592	62450	3328	0	100	0	1	10.0	100	200.0	10	true	false	false	
1002386	BoarManGunner	12	2437	2805	62053	0	0	0	0	1	10.0	100	720.0	0	true	true	false	
1002387	KoboldGun	16	2493	2829	62050	3365	0	100	0	1	0.0	100	80.0	2	true	true	false	
1002388	Orc_Gray_Rat	10	2374	2789	62051	0	0	10	0	0	1.0	100	720.0	10	true	false	false	
1002389		15	29385	29387	62052	30801	0	200	0	1	10.0	100	200.0	10	true	true	false	
1002390		15	54856	29387	62168	30801	0	200	0	1	10.0	100	200.0	10	true	true	false	
1002391	KoboldWarriorYellow	11	2093	2574	62054	3315	0	35	0	0	7.0	100	720.0	0	true	true	false	
1002392		11	2094	2574	62054	3315	0	35	0	0	7.0	100	720.0	0	true	true	false	
1002393		11	2098	2574	62054	3315	0	35	0	0	7.0	100	720.0	0	true	true	false	
1002394		11	2096	2574	62449	3315	0	35	0	0	7.0	100	720.0	0	true	true	false	
1002395		11	2097	2574	62449	3315	0	35	0	0	7.0	100	720.0	0	true	true	false	
1002396	MinotaurosStrong	10	2136	2592	61730	3328	0	50	0	0	10.0	100	500.0	0	true	true	false	
1002397	Minotauros_BD	16	2288	2592	62244	3328	0	100	0	1	10.0	100	200.0	10	true	false	false	
1002398	HoundSnowStrong	10	2337	2776	61963	0	0	100	0	0	0.0	100	720.0	-1	true	true	false	
1002399		20	62453	40713	62175	0	0	40	0	0	6.0	100	720.0	10	true	false	false	
1002400	HoundSnowStrong	10	2337	2776	61964	0	0	100	0	0	0.0	100	720.0	-1	true	true	false	
1002401	MinotaurosCow	10	2338	26723	62006	0	0	30	0	0	1.2	100	720.0	-1	true	false	false	
1002402	Orc_Gray_Rat	10	2374	2789	62055	0	0	10	0	0	1.0	100	720.0	10	true	false	false	
1002403		21	2516	2846	62152	0	0	0	0	0	0.0	100	720.0	-1	true	true	false	
1002404		11	58644	58383	62273	0	0	0	0	2	3.0	100	720.0	5	true	true	true	
1002405		11	58643	58383	62273	0	0	0	0	2	3.0	100	720.0	5	true	true	true	
1002410	WarLord_Sigma	10	19551	19327	19326	19787	0	130	0	1	10.0	100	720.0	6	true	true	false	
1002411	Runeelf_Black	15	2428	2798	3175	3344	0	35	0	2	1.1	100	720.0	1	true	true	false	
1002412		10	33031	2761	3111	3364	0	45	0	0	2.0	100	720.0	2	true	true	false	
1002413		23	29127	29128	29129	30799	0	100	0	1	10.0	100	200.0	10	true	true	false	
1002414		16	2505	2841	62840	3372	0	120	0	0	5.0	100	720.0	3	true	false	false	
1002415	StrikeAlpha_Red	10	19477	19475	62841	19789	0	75	0	1	5.0	100	150.0	1	true	false	false	
1002416	GargoyleRed	15	2379	2584	62842	3324	0	50	0	2	1.5	100	720.0	1	true	false	false	
1002417	DragonSycophantPunisherRed	16	2457	2816	62839	3357	0	100	0	0	5.0	100	300.0	1	true	false	false	
1002418		10	0	0	0	0	0	0	0	0	1.0	100	720.0	0	true	true	false	
1002419		10	28433	2825	62857	0	0	30	0	0	1.2	100	720.0	0	true	true	false	
1002420	SpiderBlack	14	2119	2581	62858	3322	0	40	0	0	1.2	100	720.0	0	true	true	false	
1002421		10	30810	2572	62856	3313	0	50	0	1	3.0	100	720.0	-1	true	true	false	
1002422	Mecharoid_vII	10	18917	19531	62859	19788	0	30	0	1	1.0	100	720.0	0	true	true	false	
1002423		10	19532	19531	62859	19788	0	30	0	1	1.0	100	720.0	0	true	true	false	
1002424		10	2487	2827	62860	0	0	30	0	0	1.2	100	720.0	0	true	true	false	
1002425	LittleDemon	10	2431	2800	62861	0	0	0	0	0	1.1	100	720.0	0	true	true	false	
1002426	GhoulRed	10	2092	2573	62862	3314	0	35	0	0	1.3	100	720.0	0	true	true	false	
1002427	Knoll_Gunner_Flame-thrower	14	28292	2802	62863	3346	0	30	0	0	1.1	100	200.0	0	true	true	false	
1002428	GoblinRed	11	2103	2575	62864	3316	0	35	0	0	1.05	100	720.0	0	true	true	false	
1002429		10	17085	2579	62865	3320	0	55	0	0	3.0	100	500.0	2	true	true	false	
1002430	LizardmanRed	12	2116	2580	2897	3321	0	60	0	0	1.1	100	720.0	0	true	true	false	
1002451	KoboldWarriorBlack	11	2097	2574	62804	3315	0	35	0	0	1.05	100	720.0	0	true	true	false	
1002452	KoboldWarriorRed	11	2098	2574	62805	3315	0	35	0	0	1.05	100	720.0	0	true	true	false	
1002453	GoblinGray	11	2353	2787	62807	3316	0	35	0	0	1.05	100	720.0	0	true	true	false	
1002454	HoundSnowStrong_Black	10	2351	2572	62808	3313	0	30	0	1	1.2	100	720.0	0	true	true	false	
1002455	GoblinBlack	12	2102	2575	62806	3316	0	35	0	1	1.05	100	720.0	0	true	true	false	
1002456	OrcGrey_Big	12	2373	2788	62809	3320	0	45	0	0	1.1	100	500.0	1	true	true	false	
1002457		15	2123	2583	62810	3323	0	60	0	0	1.1	100	400.0	1	true	true	false	
1002458		13	2369	2578	62811	3319	0	35	0	0	1.05	100	720.0	1	true	true	false	
1002459	WraithRed	17	2134	2591	62812	3327	0	60	0	0	1.0	100	720.0	0	true	true	false	
1002460	HopGoblinBlack	11	2355	2708	62813	3331	0	55	0	1	1.2	100	500.0	1	true	true	false	
1002461	HarpyRed	17	2139	2593	62814	3329	0	50	0	0	1.1	100	720.0	1	true	true	false	
1002462	OgreRed	16	2383	2585	62815	3325	0	120	0	1	5.0	100	72.0	2	true	true	false	
1002463	Bmdoor	76	62833	62834	62835	0	0	0	0	3	0.0	700	0.0	10	true	false	false	
1002464	Bmdoor	76	62833	62834	62835	0	0	0	0	3	0.0	700	0.0	10	true	false	false	
1002465	Red Tower	21	434	2878	62837	0	0	0	0	2	0.0	700	0.0	10	true	false	false	
1002466	Blue Tower	21	498	2879	62836	0	0	0	0	2	0.0	700	0.0	10	true	false	false	
1002467		21	2516	2846	62849	0	0	0	0	0	0.0	100	720.0	-1	true	true	false	
1002468		21	2516	2846	62850	0	0	0	0	0	0.0	100	720.0	-1	true	true	false	
1002469	HoundSnowStrong_Black	10	2085	2572	62808	3313	0	30	0	1	1.2	100	720.0	0	true	true	false	
1002470	HoundSnowStrong_Black	10	2084	2572	62808	3313	0	30	0	1	1.2	100	720.0	0	true	true	false	
1002471	HoundSnowStrong_Black	10	2350	2572	62808	3313	0	30	0	1	1.2	100	720.0	0	true	true	false	
1002472	BrooLich	17	21795	2587	62843	3326	0	30	0	0	1.1	100	720.0	0	true	true	false	
1002473	BrooBlack	17	2129	2587	62843	3326	0	30	0	0	1.1	100	720.0	0	true	true	false	
1002474		17	2128	2587	62843	3326	0	30	0	0	1.1	100	720.0	0	true	true	false	
1002475	Knoll_Gunner_Flame-thrower	14	28292	2802	62844	3346	0	30	0	0	1.1	100	200.0	1	true	true	false	
1002476	Ent_Gray	16	54857	22547	62847	23299	0	160	0	3	10.0	100	240.0	1	true	true	false	
1002477	Ent_Gray	16	57196	22547	62847	0	0	160	0	3	10.0	100	240.0	1	true	true	false	
1002478		11	2364	2576	62848	3317	0	30	0	0	3.0	100	720.0	1	true	true	false	
1002479	CrowAssaultGray	15	2441	2808	3186	3352	0	0	0	0	1.1	100	720.0	1	true	true	false	
1002480	CrowAssassinGray	15	2439	2807	3185	3351	0	0	0	0	1.1	100	720.0	1	true	true	false	
1002481		16	24341	24340	62851	0	0	55	0	0	10.0	100	0.0	10	true	false	false	
1002482		16	62853	24340	62852	0	0	55	0	0	10.0	100	0.0	10	true	false	false	
1002483		10	2089	2573	62855	3314	0	30	0	0	1.3	100	720.0	0	true	true	false	
1002484		10	2092	2573	62855	3314	0	30	0	0	1.3	100	720.0	0	true	true	false	
1002485		10	45334	45335	62904	0	0	30	0	0	1.0	50	720.0	1	true	true	false	
1002486	HideMonster	10	2516	2846	62909	0	0	0	0	0	0.0	100	720.0	-1	true	true	false	
1002487		11	2391	2588	63058	3335	0	40	0	1	1.4	100	720.0	5	true	true	false	
1002501		10	39669	39635	39634	3353	0	30	0	0	2.0	100	720.0	0	true	true	false	
1002502		11	39636	39635	39634	3353	0	30	0	0	2.0	100	720.0	0	true	true	false	
1002551	Apocalypse_AirShip	71	19752	2840	63091	3370	0	200	250	1	5.0	220	50.0	4	true	true	false	
1002552	BabyEnt_A_Under	10	21237	21233	63092	23296	0	35	0	0	1.0	100	720.0	0	true	true	false	
1002553	BrooWhite	17	2128	2587	63131	3326	0	30	0	0	1.1	100	720.0	0	true	true	false	
1002554	CalamaryWhiteGiant	16	15920	15124	63154	16016	0	100	0	0	5.0	100	200.0	2	true	true	false	
1002555		10	35577	2761	63095	3364	0	80	0	0	1.2	100	720.0	5	true	true	false	
1002556	Charty_Shadow_Boss	10	2323	2761	63132	3364	0	80	0	0	1.2	100	720.0	2	true	true	false	
1002557		16	44857	44856	63096	0	0	120	0	0	10.0	100	360.0	10	true	true	false	
1002558	Cube_White	10	14099	2799	63097	3345	0	100	0	1	1.2	100	720.0	1	true	true	false	
1002559	Cyclops	16	2434	2803	63098	3347	0	130	0	0	5.0	100	360.0	1	true	true	false	
1002560	DragonSycophantBishopBlack	16	2467	2820	63099	3361	0	130	0	0	5.0	100	720.0	1	true	true	false	
1002561	DragonSycophantPunisherGreen	16	2456	2816	63101	3357	0	100	0	0	5.0	100	300.0	1	true	true	false	
1002562	DragonSycophant_Cedric	17	2413	2795	63133	3340	0	50	0	0	1.1	100	720.0	1	true	true	false	
1002563	Ent_Gray	16	22548	22547	63153	23299	0	160	0	3	10.0	100	240.0	3	true	true	false	
1002564	ShadowDark	10	2398	2790	63135	3337	0	100	0	0	5.0	100	720.0	0	false	true	false	
1002565	ShadowFire	10	2399	2790	63136	3337	0	100	0	0	5.0	100	720.0	0	false	true	false	
1002566	GargoyleYellow	15	27998	2584	63138	3324	0	50	0	2	10.0	100	360.0	10	true	true	false	
1002567	GargoyleGray	15	2125	2584	63137	3324	0	50	0	2	1.5	100	720.0	1	true	true	false	
1002568	GoblinRed_Boss	11	2103	2575	63139	3316	0	35	0	0	1.05	100	720.0	1	true	true	false	
1002569	GolemMoss	16	27649	2586	63108	3334	0	150	0	2	10.0	100	200.0	3	true	true	false	
1002570		16	15924	15928	63109	16042	0	100	0	2	5.0	100	200.0	2	true	true	false	
1002571	Grizzly_Gray	16	23375	20963	63110	23298	0	210	0	0	7.0	100	120.0	3	true	true	false	
1002572	HalfGolemStone	16	2407	2794	63111	3339	0	100	0	2	7.0	100	120.0	2	true	true	false	
1002573	HarpyWhite	17	2138	2593	63140	3329	0	50	0	0	1.1	100	720.0	1	true	true	false	
1002574	HopGoblinGreen	11	2354	2708	63141	3331	0	55	0	0	1.2	100	500.0	1	true	true	false	
1002575	LamiaGreen	12	2141	2595	63142	3336	0	80	0	0	1.2	100	720.0	1	true	true	false	
1002576	LizardmanBlue_Big	12	2113	2580	63143	3321	0	60	0	0	1.1	100	720.0	1	true	true	false	
1002577	MimicGold	18	2391	2588	63144	3335	0	40	0	1	1.4	100	720.0	1	true	true	false	
1002578	OgreWhite	16	2126	2585	63145	3325	0	100	0	0	5.0	100	200.0	2	true	true	false	
1002579	OrcGreen	12	2108	2579	63146	3320	0	45	0	0	1.1	100	500.0	0	true	true	false	
1002580	OrcGrey_Big	12	2373	2788	63119	3320	0	45	0	0	1.1	100	500.0	1	true	true	false	
1002581		15	29385	29387	63120	30801	0	200	0	1	10.0	100	200.0	10	true	true	false	
1002582	Queen_Spider	16	2505	2841	63148	3372	0	120	0	0	3.0	100	720.0	1	true	true	false	
1002583	Scolpion_Ivory	16	24123	20688	63122	19768	0	216	0	0	7.0	100	500.0	3	true	true	false	
1002584	WindSpirit	16	21460	21459	63123	23297	0	150	0	1	7.0	100	240.0	3	true	true	false	
1002585	SpittlerGreen	10	2401	2791	63149	3338	0	50	0	0	0.0	100	160.0	5	true	true	false	
1002586	TrollBlue	15	2121	2583	63150	3323	0	60	0	0	1.1	100	400.0	1	true	true	false	
1002587	WarLord_Sigma	10	19551	19327	63126	19787	0	130	0	1	10.0	100	720.0	6	true	true	false	
1002588	Wisp_Giant_Event	10	2285	2731	63127	3342	0	100	0	0	1.3	100	120.0	1	true	false	false	
1002589	WraithRed	17	2134	2591	63151	3327	0	60	0	0	1.0	100	720.0	0	true	true	false	
1002590		16	29131	20688	63129	30807	0	216	0	0	7.0	100	300.0	3	true	true	false	
1002591	MinotaurosNormal	16	2135	2592	63152	3328	0	100	0	0	5.0	300	360.0	1	true	true	false	
1002592	BrooBlue	17	2389	2587	63131	3326	0	30	0	0	1.1	100	720.0	0	true	true	false	
1002593		16	15919	15124	63154	16016	0	100	0	0	5.0	100	200.0	2	true	true	false	
1002594	DragonSycophantBishopDesert	16	24071	2820	63099	3361	0	130	0	0	5.0	100	720.0	1	true	true	false	
1002595	ShadowDark_ellena	10	2400	2790	63135	3337	0	100	0	0	5.0	100	720.0	0	false	true	false	
1002596		15	27998	2584	63138	3324	0	50	0	2	5.0	100	360.0	5	true	true	false	
1002597	GargoyleBlue	15	2378	2584	63137	3324	0	50	0	2	1.5	100	720.0	1	true	true	false	
1002598	GargoyleRed	15	2379	2584	63137	3324	0	50	0	2	1.5	100	720.0	1	true	true	false	
1002599	HalfGolemIron	16	2411	2794	63111	3339	0	100	0	1	7.0	100	120.0	2	true	true	false	
1002600	HalfGolem_Green	16	2408	2794	63111	3339	0	100	0	2	7.0	100	120.0	2	true	true	false	
1002601	HarpyBlack	17	2396	2593	63140	3329	0	50	0	0	1.1	100	720.0	1	true	true	false	
1002602		17	2138	2593	63140	3329	0	50	0	0	1.1	100	720.0	9	true	true	false	
1002603	HopGoblinBlack	11	2355	2708	63141	3331	0	55	0	1	1.2	100	500.0	1	true	true	false	
1002604	HopGoblinBoy02	11	2358	2708	63141	3331	0	55	0	0	1.2	100	500.0	1	true	true	false	
1002605	HopGoblinBlack	11	2355	2708	63141	3331	0	55	0	1	1.2	100	500.0	-1	true	true	false	
1002606	LamiaBlue	12	2397	2595	63142	3336	0	80	0	0	1.2	100	720.0	1	true	true	false	
1002607	LamiaGray	12	18798	2595	63142	3336	0	80	0	0	1.2	100	720.0	1	true	true	false	
1002608	LizardmanWhite_Big	12	2114	2580	63143	3321	0	60	0	0	1.1	100	720.0	1	true	true	false	
1002609	LizardmanBlack_Big	12	2115	2580	63143	3321	0	60	0	1	1.1	100	720.0	1	true	true	false	
1002610	OgreRed	16	2383	2585	63145	3325	0	120	0	1	5.0	100	72.0	2	true	true	false	
1002611	OgreBlack04	16	2386	2585	63145	3325	0	120	0	1	5.0	100	720.0	2	true	true	false	
1002612	OgreGray01	16	2387	2585	63145	3325	0	120	0	1	5.0	100	720.0	2	true	true	false	
1002613	OgreGray02	16	2388	2585	63145	3325	0	120	0	1	5.0	100	720.0	2	true	true	false	
1002614		16	35271	2585	63145	3325	0	120	0	1	5.0	100	72.0	2	true	true	false	
1002615	OrcBlue	12	2109	2579	63146	3320	0	45	0	0	1.1	100	720.0	0	true	true	false	
1002616		75	15353	2841	63148	3372	0	120	0	0	3.0	100	720.0	1	true	true	false	
1002617		16	44848	20688	63122	0	0	216	0	0	10.0	100	500.0	10	true	true	false	
1002618	WarLord_Omega	10	19328	19327	63126	19787	0	130	0	1	4.0	100	720.0	4	true	true	false	
1002619	WarLord_Sigma	10	19551	19327	63126	19787	0	90	0	1	4.0	100	720.0	3	true	true	false	
1002620	MinotaurosHeavy	16	2137	2592	63152	3328	0	100	0	0	5.0	100	360.0	1	true	true	false	
1002621	MinotaurosBorn	16	2395	2592	63152	3328	0	100	0	1	5.0	300	360.0	1	true	true	false	
1002622	HarpyRed	17	2139	2593	63140	3329	0	50	0	0	1.1	100	720.0	1	true	true	false	
1002623	WraithGray	17	2392	2591	63151	3327	0	60	0	0	1.0	100	720.0	0	true	true	false	
1002624	ShadowDark_ellena	10	2400	2790	63135	3337	0	100	0	0	5.0	100	720.0	0	false	true	false	
1002625	WarLord_Sigma	10	19551	19327	63126	19787	0	100	0	1	4.0	100	720.0	3	true	true	false	
1002631		16	64309	40657	64312	0	0	80	0	1	7.0	100	360.0	10	true	true	false	
1002651		69	65246	29128	64744	0	0	200	0	1	10.0	100	200.0	10	true	false	false	
1002652		16	65232	50774	64745	0	0	150	0	0	10.0	100	360.0	10	true	false	false	
1002653	HideMonster	21	2516	2846	64985	0	0	100	0	2	10.0	100	720.0	-1	true	false	false	
1002654		16	65122	46833	65003	0	0	130	0	0	5.0	250	360.0	10	true	false	false	
1002655		16	65135	38902	65133	0	0	130	0	0	5.0	250	360.0	10	true	false	false	
1002656	HideMonster	21	2516	2846	65134	0	0	100	0	2	10.0	100	720.0	-1	true	false	false	
1002657		16	65148	65149	65145	0	0	150	0	0	10.0	100	360.0	10	true	false	false	
1002658		16	65146	65149	65145	0	0	150	0	0	10.0	100	360.0	10	true	false	false	
1002659		16	65147	65149	65145	0	0	150	0	0	10.0	100	360.0	10	true	false	false	
1002660		16	65717	48986	65245	0	1	120	0	0	5.0	100	720.0	10	true	false	false	
1002661	HideMonster	21	2516	2846	65158	0	0	100	0	1	10.0	100	360.0	10	true	false	false	
1002662	Monk	69	65159	65213	65214	0	0	150	0	0	10.0	100	360.0	10	true	false	false	
1002663	HideMonster	21	2516	2846	65168	0	0	100	0	2	10.0	100	720.0	-1	true	false	false	
1002664	Guardian	75	65210	65209	65208	0	1	140	260	0	10.0	100	100.0	10	true	false	false	
1002665	LivingSword01	10	65215	2823	65216	0	0	30	0	1	1.1	100	720.0	0	true	false	false	
1002666	Wisp_Blue	10	2337	2776	65221	0	0	30	0	0	1.2	100	720.0	0	true	false	false	
1002667	HideMonster	21	2516	2846	65249	0	0	100	0	2	10.0	100	720.0	-1	true	false	false	
1002668		16	65717	48986	65772	0	1	120	0	0	5.0	100	720.0	10	true	false	false	
1002669		69	65159	65213	65849	0	0	150	0	0	10.0	100	360.0	10	true	false	false	
1002670		69	65267	65213	65849	0	0	150	0	0	10.0	100	360.0	10	true	false	false	
1002671		69	65266	65213	65849	0	0	150	0	0	10.0	100	360.0	10	true	false	false	
1002672	HideMonster	21	2516	2846	65958	0	0	100	0	1	10.0	100	360.0	10	true	false	false	
1002673	HideMonster	21	2516	2846	65962	0	0	100	0	2	10.0	100	720.0	-1	true	false	false	
1002674		10	66043	45335	66058	0	0	30	0	2	10.0	100	720.0	-1	true	false	false	
1002675		16	65122	46833	65003	0	0	130	0	0	0.0	250	360.0	10	true	false	false	
1002676		16	66174	26598	66173	0	0	50	0	0	10.0	100	720.0	-1	true	false	false	
1002677	HideMonster	21	2516	2846	66385	0	0	100	0	2	10.0	100	720.0	-1	true	false	false	
1002678	HideMonster	21	2516	2846	66386	0	0	100	0	2	10.0	100	720.0	-1	true	false	false	
1002679	HideMonster	21	2516	2846	66468	0	0	100	0	2	10.0	100	720.0	-1	true	false	false	
1002680	Wisp_Blue	10	2337	2776	66471	0	0	30	0	0	1.2	100	720.0	0	true	false	false	
1002681	Wisp_Blue	10	2337	2776	66472	0	0	30	0	0	1.2	100	720.0	0	true	false	false	
1002682		10	2285	2731	66473	0	0	30	0	0	2.0	100	720.0	1	true	false	false	
1002683		10	61114	61106	66480	0	0	20	0	0	10.0	100	360.0	7	true	false	false	
1002684	HideMonster	21	2516	2846	66481	0	0	100	0	2	10.0	100	720.0	-1	true	false	false	
1002685	Guardian	75	65210	65209	66482	0	1	140	260	0	10.0	100	100.0	10	true	false	false	
1002686	Guardian	75	65210	65209	66483	0	1	140	260	0	10.0	100	100.0	10	true	false	false	
1002687	HideMonster	21	2516	2846	66555	0	0	0	0	2	10.0	100	720.0	-1	true	false	false	
1002688		16	65717	48986	65772	0	1	120	0	0	1.0	100	720.0	10	true	false	false	
1002689		16	66579	46833	66573	0	0	130	0	0	2.0	250	360.0	10	true	false	false	
1002690	Guardian	75	65210	65209	66581	0	1	140	260	0	10.0	100	100.0	10	true	false	false	
1002751	HalfGolemLotus	16	2412	2794	63997	3339	0	100	0	2	7.0	100	120.0	2	true	true	false	
1002752		10	2323	2761	63996	3364	1	80	150	0	1.1	100	720.0	1	true	true	false	
1002753	Cube_White	10	14099	2799	64036	3345	0	100	0	1	1.2	100	720.0	1	true	true	false	
1002754	GhoulMummy	10	2149	2573	64037	3314	0	55	0	0	1.3	100	720.0	5	true	true	false	
1002781		75	65123	2830	64313	0	1	230	360	0	10.0	100	360.0	10	true	false	false	
1002782		69	65112	16784	64373	0	0	130	0	0	10.0	500	360.0	10	true	true	false	
1002783		16	64999	2592	64996	3328	0	140	0	0	10.0	100	360.0	10	true	true	false	
1002784		21	26714	26715	64995	0	0	90	0	1	10.0	100	500.0	10	true	false	true	
1002801		69	44293	15972	64488	16015	0	70	0	0	5.0	100	200.0	2	true	true	false	
1002802		69	44293	15972	64489	16015	0	70	0	0	5.0	100	200.0	2	true	true	false	
1002803		69	44293	15972	64490	16015	0	70	0	0	5.0	100	200.0	2	true	true	false	
1002805		10	2108	2579	65120	0	0	45	0	1	1.1	100	720.0	5	true	true	false	
1002806		10	14500	2579	65120	0	0	45	0	1	1.1	100	720.0	5	true	true	false	
1002807		22	21224	2575	65121	0	0	35	0	0	3.0	100	720.0	5	true	true	false	
1002808		10	14501	2575	65121	0	0	35	0	0	3.0	100	720.0	5	true	true	false	
1002809		10	2554	2575	65121	0	0	35	0	0	3.0	100	720.0	5	true	true	false	
1002810		10	19325	2575	65121	0	0	35	0	0	3.0	100	720.0	5	true	true	false	
1002811		10	2553	2575	65121	0	0	35	0	0	3.0	100	720.0	5	true	true	false	
1002812		10	2286	2575	65121	0	0	35	0	0	3.0	100	720.0	5	true	true	false	
1002813		10	2289	2575	65121	0	0	35	0	0	3.0	100	720.0	5	true	true	false	
1002814		16	32236	2585	65118	0	0	100	0	0	10.0	100	200.0	10	true	false	false	
1002815		10	2083	2572	65119	0	0	60	0	0	1.0	100	720.0	-1	true	true	false	
1002850		69	40655	15972	66484	16015	0	120	0	0	5.0	100	200.0	2	true	true	false	
1002871		16	70042	2591	70041	25387	0	160	0	0	1.0	100	720.0	10	true	false	false	
1002872		16	67999	67997	67996	0	0	120	0	1	10.0	100	200.0	10	true	false	false	
1002873		16	67998	67997	67996	0	0	120	0	1	10.0	100	200.0	10	true	false	false	
1002874		11	43219	67251	68239	0	0	0	0	2	10.0	100	720.0	-1	true	false	false	
1002875	Wisp_Blue	10	2337	2776	68572	0	0	30	0	0	1.2	100	720.0	1	true	false	false	
1002876	HideMonster	10	2516	2846	68572	0	0	0	0	2	10.0	100	720.0	-1	true	false	false	
1002877	Wisp_Giant_BD	10	2285	2731	69342	3342	0	100	0	0	10.0	100	120.0	10	true	false	false	
1002878	Wisp_Giant_BD	10	2285	2731	69343	3342	0	100	0	0	10.0	100	120.0	10	true	false	false	
1002879	HideMonster	21	2516	2846	68984	0	0	100	0	2	10.0	100	720.0	-1	true	false	false	
1002880		16	68982	43113	67960	37682	0	120	0	0	10.0	100	200.0	10	true	false	false	
1002881	Wisp_Giant_BD	10	2285	2731	69340	3342	0	100	0	0	10.0	100	120.0	10	true	false	false	
1002882	Wisp_Giant_BD	10	2285	2731	69341	3342	0	100	0	0	10.0	100	120.0	10	true	false	false	
1002883	HideMonster	21	2516	2846	68887	0	0	100	0	2	10.0	100	720.0	-1	true	false	false	
1002884	HideMonster	21	2516	2846	68888	0	0	100	0	2	10.0	100	720.0	-1	true	false	false	
1002885		16	66557	44856	68911	0	0	120	0	0	10.0	100	360.0	10	true	false	false	
1002886	HideMonster	21	2516	2846	68948	0	0	100	0	2	10.0	100	720.0	-1	true	false	false	
1002887		76	2516	26248	69244	0	0	50	0	0	2.0	100	120.0	10	true	false	false	
1002888		76	2516	26248	69245	0	0	50	0	0	2.0	100	120.0	10	true	false	false	
1002889	HideMonster	21	2516	2846	69315	0	0	0	0	0	0.0	100	720.0	-1	true	false	false	
1002890		10	68616	68615	68614	0	1	700	800	0	10.0	500	120.0	11	true	false	false	
1002891	HideMonster	21	2516	2846	68989	0	0	0	0	2	10.0	100	720.0	-1	true	false	false	
1002892		10	68936	21459	68932	0	0	150	0	0	1.1	100	720.0	1	true	false	false	
1002893		10	68937	21459	68933	0	0	150	0	0	1.1	100	720.0	1	true	false	false	
1002894		10	68938	2794	68934	0	0	30	0	0	1.1	100	720.0	1	true	false	false	
1002895		10	68939	2794	68935	0	0	30	0	0	1.1	100	720.0	1	true	false	false	
1002896		10	69055	2776	69049	0	0	30	0	0	1.1	100	720.0	1	true	false	false	
1002897		10	69056	2776	69050	0	0	30	0	0	1.1	100	720.0	1	true	false	false	
1002898		10	68938	2794	69997	0	0	30	0	0	1.1	100	720.0	1	true	false	false	
1002899	HideMonster	21	2516	2846	70239	0	0	0	0	2	10.0	100	720.0	-1	true	false	false	
1002910		10	67200	2708	67134	3331	0	150	0	0	10.0	100	200.0	5	true	false	false	
1002911		10	67199	2575	67154	3331	0	150	0	0	10.0	300	300.0	5	true	false	false	
1002912		16	67235	16270	66923	17160	0	130	0	0	10.0	100	500.0	5	true	false	false	
1002913		10	67226	2593	66983	3329	0	50	0	0	10.0	100	500.0	5	true	false	false	
1002914		69	67243	16784	66924	0	0	130	0	0	10.0	100	500.0	5	true	false	false	
1002915		10	2099	2575	67148	3331	0	150	0	0	5.0	100	200.0	5	true	false	false	
1002916		10	2099	2575	67150	3331	0	150	0	0	5.0	100	200.0	5	true	false	false	
1002917		10	2099	2575	67151	3331	0	150	0	0	5.0	100	200.0	5	true	false	false	
1002918		10	2099	2575	67152	3331	0	150	0	0	5.0	100	200.0	5	true	false	false	
1002919		10	2099	2575	67153	3331	0	150	0	0	5.0	100	200.0	5	true	false	false	
1002920	HideMonster	21	2516	2846	67201	0	0	100	0	2	10.0	100	720.0	-1	true	false	false	
1002921	HideMonster	21	2516	2846	67230	0	0	100	0	2	10.0	100	720.0	-1	true	false	false	
1002922	HideMonster	21	2516	2846	67228	0	0	100	0	2	10.0	100	720.0	-1	true	false	false	
1002923		10	67225	10370	67231	0	0	150	0	0	5.0	100	200.0	5	true	false	false	
1002950		16	67862	48429	67350	0	0	80	0	0	6.0	100	350.0	11	true	true	false	
1002951	BrooWhite	17	21795	2587	67351	3326	0	30	0	0	1.1	100	720.0	0	true	true	false	
1002952		16	2395	2592	67352	3328	0	130	0	0	5.0	100	480.0	10	true	true	false	
1002953		16	67593	2585	67353	24434	0	100	0	0	5.0	100	200.0	10	true	true	false	
1002954	AOD_Succubus	13	67617	38881	67354	3319	0	35	0	0	1.1	100	720.0	0	true	true	false	
1002955		20	2516	2846	67370	0	0	0	0	2	10.0	100	720.0	-1	true	false	false	
1002956		16	67584	2841	67444	0	0	200	0	1	10.0	500	200.0	10	true	true	false	
1002957		69	67765	57381	67445	3372	0	60	0	0	5.0	100	720.0	10	true	true	false	
1002958		10	2119	2581	67586	3322	0	40	0	0	1.0	100	720.0	0	true	true	false	
1002959		10	51130	2581	67587	3322	0	40	0	0	1.0	100	720.0	0	true	true	false	
1002960		10	2089	2573	67590	0	0	50	0	0	1.0	100	720.0	5	true	true	false	
1002961		10	2363	2576	67591	3317	0	30	0	1	3.0	100	720.0	0	true	true	false	
1002962	X_TrollWhite	16	2122	2583	67592	0	0	60	0	0	1.0	100	360.0	1	true	true	false	
1002963		10	2117	2581	67594	3322	0	40	0	0	1.0	100	720.0	0	true	true	false	
1002964	HideMonster	20	2516	2846	67616	0	0	0	0	2	10.0	100	720.0	-1	true	true	false	
1002965	HideMonster	21	2516	2846	67618	0	0	0	0	2	10.0	100	720.0	-1	true	true	false	
1002966		10	41217	41216	67947	0	0	40	0	0	1.0	100	720.0	10	true	true	false	
1002967		10	41217	41216	67966	0	0	40	0	0	1.0	100	720.0	10	true	true	false	
1002968		16	68019	48429	67350	0	0	80	0	0	6.0	100	350.0	11	true	true	false	
1002969		16	2285	2776	68219	0	0	50	0	0	5.0	100	720.0	9	true	true	true	
1002970		16	2285	2776	68220	0	0	50	0	0	5.0	100	720.0	9	true	true	true	
1002971		10	29293	2581	68237	3322	0	40	0	0	1.0	100	720.0	0	true	true	false	
1002972		10	2414	25467	68267	0	0	35	0	0	1.1	100	720.0	2	true	true	false	
1002975		16	46278	2783	68540	20330	0	130	0	0	5.0	250	120.0	10	true	true	false	
1002976	Wisp_Giant_BD	10	2285	2731	68865	3342	0	100	0	0	10.0	100	120.0	10	true	false	false	
1002980		16	66557	44856	67440	0	0	120	0	0	10.0	100	360.0	10	true	true	false	
1003050	HideMonster	21	2516	2846	67473	0	0	0	0	2	10.0	100	720.0	-1	true	false	false	
1003071	Monk	69	65267	65213	67566	0	0	150	0	0	10.0	100	360.0	10	true	false	false	
1003072		11	2286	2575	70313	3362	0	35	0	0	1.0	100	70.0	0	true	false	false	
1003080		16	68632	38902	68224	0	0	90	0	2	6.0	100	350.0	11	true	false	false	
1003081	HideMonster	21	2516	2846	68230	0	0	0	0	2	10.0	100	720.0	-1	true	false	false	
1003082		11	68624	68625	68626	0	0	100	0	1	10.0	100	720.0	10	true	false	true	
1003083		10	23497	23499	68265	0	0	0	0	1	10.0	100	720.0	-1	true	false	false	
1003084		10	23498	23499	68266	0	0	0	0	1	10.0	100	720.0	-1	true	false	false	
1003085		16	68484	20963	68269	0	1	200	0	0	10.0	100	120.0	10	true	false	false	
1003086		20	2516	2846	68482	0	0	0	0	2	10.0	100	720.0	-1	true	false	false	
1003087		16	68566	2586	68481	0	0	220	0	2	10.0	500	360.0	10	true	false	false	
1003088		10	2084	2572	68483	0	0	20	0	0	10.0	100	720.0	1	true	false	false	
1003089		21	68505	61376	68504	0	0	150	0	2	10.0	500	0.0	10	true	false	false	
1003090		21	68507	61379	68506	0	0	150	0	2	10.0	500	0.0	10	true	false	false	
1003091		21	68509	61382	68508	0	0	150	0	2	10.0	500	0.0	10	true	false	false	
1003092	Segyesu_boss	78	68619	24457	68499	0	0	75	0	1	10.0	1500	40.0	10	true	false	false	
1003093		20	2516	2846	68512	0	0	0	0	1	10.0	100	720.0	-1	true	false	false	
1003094	HideMonster	21	2516	2846	68541	0	0	0	0	1	10.0	100	720.0	-1	true	false	false	
1003095	HideMonster	21	2516	2846	68546	0	0	0	0	1	10.0	100	720.0	-1	true	false	false	
1003096		10	23498	23499	68569	0	0	0	0	1	10.0	100	720.0	-1	true	false	false	
1003097	Wisp_Blue	21	2337	2776	68583	0	0	30	0	0	1.2	100	720.0	0	true	false	false	
1003098		16	68566	2586	68651	0	0	90	0	2	10.0	500	360.0	10	true	false	false	
1003099	HideMonster	21	2516	2846	68652	0	0	0	0	1	10.0	100	720.0	-1	true	false	false	
1003100		10	2085	2572	68830	0	0	20	0	0	10.0	100	720.0	1	true	false	false	
1003101	HideMonster	21	2516	2846	68992	0	0	0	0	1	10.0	100	720.0	-1	true	false	false	
1003102	HideMonster	21	2516	2846	68832	0	0	0	0	1	10.0	100	720.0	-1	true	false	false	
1003103	HideMonster	21	2516	2846	68833	0	0	0	0	1	10.0	100	720.0	-1	true	false	false	
1003104	BabyEnt_A_Under	10	21237	21233	68949	23296	0	35	0	0	1.0	100	720.0	0	true	true	false	
1003105	BoarManWarrior_red	12	21249	21483	68950	3348	0	55	0	0	1.1	100	720.0	0	true	true	false	
1003106	BrooLich	17	21795	2587	68951	3326	0	30	0	0	1.1	100	720.0	0	true	true	false	
1003107	AOD_Succubus	13	38880	38881	68969	3319	0	35	0	0	1.1	100	720.0	0	true	true	false	
1003108	Ent_Gray	16	22548	22547	68953	23299	0	160	0	3	10.0	100	240.0	3	true	true	false	
1003109		74	19552	2842	68954	3371	1	180	200	0	10.0	100	120.0	10	true	true	false	
1003110	FrogWarrior_Green	10	21055	21056	68970	23102	0	35	0	0	1.1	100	720.0	0	true	true	false	
1003111	GhoulGray	10	2089	2573	68971	3314	0	35	0	0	1.3	100	720.0	0	true	true	false	
1003112	Knoll_Warrior_Desert	10	19079	2801	68961	3346	0	30	0	0	1.1	100	720.0	0	true	true	false	
1003113		12	19792	2579	68964	3320	0	45	0	0	1.1	100	500.0	0	true	true	false	
1003114	TrollRed	15	2124	2583	68966	3323	0	60	0	0	4.0	100	400.0	1	true	true	false	
1003115		12	38942	28518	68962	0	0	60	0	0	1.1	100	720.0	0	true	true	false	
1003116		10	2487	2827	68963	0	0	30	0	0	1.2	100	720.0	0	true	true	false	
1003117	KoboldGun	16	2493	2829	68967	3365	0	100	0	1	0.0	100	80.0	2	true	true	false	
1003118	Grizzly_Gray	16	23375	20963	68959	23298	0	210	0	0	7.0	100	120.0	3	true	true	false	
1003119	HopGoblinBlack	11	2355	2708	68972	3331	0	55	0	1	1.2	100	500.0	1	true	true	false	
1003120		16	14047	2586	68958	3334	0	150	0	2	10.0	100	200.0	10	true	true	false	
1003121		16	30154	2841	68973	3372	0	200	0	1	10.0	500	360.0	10	true	true	false	
1003122		16	39096	39097	68955	39099	0	80	0	0	6.0	100	350.0	9	true	true	false	
1003123		16	21460	21459	68867	23297	0	200	0	1	7.0	100	240.0	10	true	true	false	
1003124		16	23664	21459	68868	23297	0	200	0	1	7.0	100	300.0	10	true	true	false	
1003125		16	34697	21459	68968	23297	0	200	0	1	7.0	100	300.0	10	true	true	false	
1003131		11	44816	2725	68885	0	0	30	0	0	1.0	100	720.0	-1	true	false	false	
1003132		11	56955	2644	68889	0	0	30	0	0	1.0	100	720.0	-1	true	false	false	
1003135		16	69057	44856	68978	0	0	120	0	0	10.0	100	360.0	10	true	true	false	
1003136		16	69059	44856	68979	0	0	120	0	0	10.0	100	360.0	10	true	true	false	
1003141		20	2282	2579	69292	3320	0	100	0	0	10.0	100	500.0	10	true	false	false	
1003142		10	2102	2575	69290	0	0	50	0	0	3.0	100	720.0	1	true	true	false	
1003143		10	54768	2572	69291	3313	0	100	0	0	10.0	100	720.0	1	true	false	false	
1003144		16	16269	16270	69293	17160	0	130	0	0	5.0	250	360.0	10	true	false	false	
1003172		10	37734	37014	70291	38120	0	10	0	0	10.0	100	360.0	10	true	true	true	
1003190	OgreRed	16	2383	2585	63145	3325	0	120	0	1	10.0	100	72.0	10	true	true	false	
1003191		69	16051	16784	54958	0	0	130	0	0	10.0	500	360.0	10	true	true	false	
1003192		74	19552	2842	60821	3371	1	180	200	0	10.0	100	120.0	10	true	true	false	
1003193	DragonSycophantPuni_BD	16	26705	2816	58360	3357	0	100	0	0	10.0	100	200.0	10	true	true	false	
1003194		16	66557	44856	67440	0	0	120	0	0	10.0	100	360.0	10	true	true	false	
1003195	Runetiger_White_Boss	16	2422	2796	3173	3343	1	100	150	2	10.0	100	120.0	10	true	true	false	
1003196	Cube_White	10	14099	2799	64036	3345	0	100	0	1	10.0	100	720.0	10	true	true	false	
