ROWID	_ItemID|INTEGER	_GetRoute|TEXT	_TypeParam1|TEXT	_TypeParam2|TEXT	_TypeParam3|TEXT	_TypeParam4|TEXT
1	268470036	1;2;3;4;5;6;7;8;9;10;11;12	0	0	0	0
2	268470091	1;2;3;4;5;6;7;8;9;10;11;12	0	0	0	0
3	268470051	1;2;3;4;5;6;7;8;9;10;11;12	0	0	0	0
4	268470086	1;2;3;4;5;6;7;8;9;10;11;12	0	0	0	0
5	268470037	1;2;3;4;5;6;7;8;9;10;11;12	0	0	0	0
6	268470061	1;2;3;4;5;6;7;8;9;10;11;12	0	0	0	0
7	268470062	1;2;3;4;5;6;7;8;9;10;11;12	0	0	0	0
8	268470063	1;2;3;4;5;6;7;8;9;10;11;12	0	0	0	0
9	268470064	1;2;3;4;5;6;7;8;9;10;11;12	0	0	0	0
10	268470065	1;2;3;4;5;6;7;8;9;10;11;12	0	0	0	0
11	268470087	1;2;3;4;5;6;7;8;9;10;11;12	0	0	0	0
12	268470014	1;2;3;4;5;6;7;8;9;10;11;12	0	0	0	0
13	268470088	1;2;3;4;5;6;7;8;9;10;11;12	0	0	0	0
14	268470015	1;2;3;4;5;6;7;8;9;10;11;12	0	0	0	0
15	268470071	1;2;3;4;5;6;7;8;9;10;11;12	0	0	0	0
16	268470072	1;2;3;4;5;6;7;8;9;10;11;12	0	0	0	0
17	268470073	1;2;3;4;5;6;7;8;9;10;11;12	0	0	0	0
18	268470074	1;2;3;4;5;6;7;8;9;10;11;12	0	0	0	0
19	268470075	1;2;3;4;5;6;7;8;9;10;11;12	0	0	0	0
20	268470076	1;2;3;4;5;6;7;8;9;10;11;12	0	0	0	0
21	268470077	1;2;3;4;5;6;7;8;9;10;11;12	0	0	0	0
22	268470078	1;2;3;4;5;6;7;8;9;10;11;12	0	0	0	0
23	268470079	1;2;3;4;5;6;7;8;9;10;11;12	0	0	0	0
24	268470080	1;2;3;4;5;6;7;8;9;10;11;12	0	0	0	0
25	268470081	1;2;3;4;5;6;7;8;9;10;11;12	0	0	0	0
26	268470082	1;2;3;4;5;6;7;8;9;10;11;12	0	0	0	0
27	268470083	1;2;3;4;5;6;7;8;9;10;11;12	0	0	0	0
28	268470084	1;2;3;4;5;6;7;8;9;10;11;12	0	0	0	0
29	268470085	1;2;3;4;5;6;7;8;9;10;11;12	0	0	0	0
30	268470031	1;2;3;4;5;6;7;8;9;10;11;12	0	0	0	0
31	268470032	1;2;3;4;5;6;7;8;9;10;11;12	0	0	0	0
32	268470033	1;2;3;4;5;6;7;8;9;10;11;12	0	0	0	0
33	268470034	1;2;3;4;5;6;7;8;9;10;11;12	0	0	0	0
34	268470035	1;2;3;4;5;6;7;8;9;10;11;12	0	0	0	0
35	268470038	1;2;3;4;5;6;7;8;9;10;11;12	0	0	0	0
36	268470100	1;2;3;4;5;6;7;8;9;10;11;12	0	0	0	0
37	268470039	1;2;3;4;5;6;7;8;9;10;11;12	0	0	0	0
38	268470040	1;2;3;4;5;6;7;8;9;10;11;12	0	0	0	0
39	268470097	1;2;3;4;5;6;7;8;9;10;11;12	0	0	0	0
40	268470098	1;2;3;4;5;6;7;8;9;10;11;12	0	0	0	0
41	268470099	1;2;3;4;5;6;7;8;9;10;11;12	0	0	0	0
42	268470092	1;2;3;4;5;6;7;8;9;10;11;12	0	0	0	0
43	268470093	1;2;3;4;5;6;7;8;9;10;11;12	0	0	0	0
44	268470101	1;2;3;4;5;6;7;8;9;10;11;12	0	0	0	0
45	268470102	1;2;3;4;5;6;7;8;9;10;11;12	0	0	0	0
46	268470094	1;2;3;4;5;6;7;8;9;10;11;12	0	0	0	0
47	268470095	1;2;3;4;5;6;7;8;9;10;11;12	0	0	0	0
48	268470052	1;2;3;4;5;6;7;8;9;10;11;12	0	0	0	0
49	268470053	1;2;3;4;5;6;7;8;9;10;11;12	0	0	0	0
50	268470054	1;2;3;4;5;6;7;8;9;10;11;12	0	0	0	0
51	268470055	1;2;3;4;5;6;7;8;9;10;11;12	0	0	0	0
52	268470056	1;2;3;4;5;6;7;8;9;10;11;12	0	0	0	0
53	268470057	1;2;3;4;5;6;7;8;9;10;11;12	0	0	0	0
54	268470058	1;2;3;4;5;6;7;8;9;10;11;12	0	0	0	0
55	268470059	1;2;3;4;5;6;7;8;9;10;11;12	0	0	0	0
56	268470060	1;2;3;4;5;6;7;8;9;10;11;12	0	0	0	0
57	268470189	1;2;3;4;5;6;7;8;9;10;11;12	0	0	0	0
58	268470190	1;2;3;4;5;6;7;8;9;10;11;12	0	0	0	0
59	268474978	1;2;3;4;5;6;7;8;9;10;11;12	0	0	0	0
60	268474992	1;2;3;4;5;6;7;8;9;10;11;12	0	0	0	0
61	268474996	1;2;3;4;5;6;7;8;9;10;11;12	0	0	0	0
62	268474997	1;2;3;4;5;6;7;8;9;10;11;12	0	0	0	0
63	268474998	1;2;3;4;5;6;7;8;9;10;11;12	0	0	0	0
64	268474999	1;2;3;4;5;6;7;8;9;10;11;12	0	0	0	0
65	268475000	1;2;3;4;5;6;7;8;9;10;11;12	0	0	0	0
66	268475001	1;2;3;4;5;6;7;8;9;10;11;12	0	0	0	0
67	268475002	1;2;3;4;5;6;7;8;9;10;11;12	0	0	0	0
68	268475003	1;2;3;4;5;6;7;8;9;10;11;12	0	0	0	0
69	268475004	1;2;3;4;5;6;7;8;9;10;11;12	0	0	0	0
70	268475005	1;2;3;4;5;6;7;8;9;10;11;12	0	0	0	0
71	268475006	1;2;3;4;5;6;7;8;9;10;11;12	0	0	0	0
72	268475007	1;2;3;4;5;6;7;8;9;10;11;12	0	0	0	0
73	268475008	1;2;3;4;5;6;7;8;9;10;11;12	0	0	0	0
74	268475009	1;2;3;4;5;6;7;8;9;10;11;12	0	0	0	0
75	268475010	1;2;3;4;5;6;7;8;9;10;11;12	0	0	0	0
76	268475011	1;2;3;4;5;6;7;8;9;10;11;12	0	0	0	0
77	268475012	1;2;3;4;5;6;7;8;9;10;11;12	0	0	0	0
78	268475013	1;2;3;4;5;6;7;8;9;10;11;12	0	0	0	0
79	268475014	1;2;3;4;5;6;7;8;9;10;11;12	0	0	0	0
80	268475015	1;2;3;4;5;6;7;8;9;10;11;12	0	0	0	0
81	268475016	1;2;3;4;5;6;7;8;9;10;11;12	0	0	0	0
82	268475017	1;2;3;4;5;6;7;8;9;10;11;12	0	0	0	0
83	268475018	1;2;3;4;5;6;7;8;9;10;11;12	0	0	0	0
84	268475019	1;2;3;4;5;6;7;8;9;10;11;12	0	0	0	0
85	268475020	1;2;3;4;5;6;7;8;9;10;11;12	0	0	0	0
86	268475021	1;2;3;4;5;6;7;8;9;10;11;12	0	0	0	0
87	268475022	1;2;3;4;5;6;7;8;9;10;11;12	0	0	0	0
88	268475023	1;2;3;4;5;6;7;8;9;10;11;12	0	0	0	0
89	268475024	1;2;3;4;5;6;7;8;9;10;11;12	0	0	0	0
90	268475025	1;2;3;4;5;6;7;8;9;10;11;12	0	0	0	0
91	268475026	1;2;3;4;5;6;7;8;9;10;11;12	0	0	0	0
92	268475027	1;2;3;4;5;6;7;8;9;10;11;12	0	0	0	0
93	268475028	1;2;3;4;5;6;7;8;9;10;11;12	0	0	0	0
94	268475029	1;2;3;4;5;6;7;8;9;10;11;12	0	0	0	0
95	268475030	1;2;3;4;5;6;7;8;9;10;11;12	0	0	0	0
96	268475031	1;2;3;4;5;6;7;8;9;10;11;12	0	0	0	0
97	268475032	1;2;3;4;5;6;7;8;9;10;11;12	0	0	0	0
98	268475033	1;2;3;4;5;6;7;8;9;10;11;12	0	0	0	0
99	268475034	1;2;3;4;5;6;7;8;9;10;11;12	0	0	0	0
100	268475035	1;2;3;4;5;6;7;8;9;10;11;12	0	0	0	0
101	268475036	1;2;3;4;5;6;7;8;9;10;11;12	0	0	0	0
102	268475037	1;2;3;4;5;6;7;8;9;10;11;12	0	0	0	0
103	268475038	1;2;3;4;5;6;7;8;9;10;11;12	0	0	0	0
104	268475039	1;2;3;4;5;6;7;8;9;10;11;12	0	0	0	0
105	268475040	1;2;3;4;5;6;7;8;9;10;11;12	0	0	0	0
106	268475041	1;2;3;4;5;6;7;8;9;10;11;12	0	0	0	0
107	268475042	1;2;3;4;5;6;7;8;9;10;11;12	0	0	0	0
108	268475077	1;2;3;4;5;6;7;8;9;10;11;12	0	0	0	0
109	268475078	1;2;3;4;5;6;7;8;9;10;11;12	0	0	0	0
110	268475079	1;2;3;4;5;6;7;8;9;10;11;12	0	0	0	0
111	268475080	1;2;3;4;5;6;7;8;9;10;11;12	0	0	0	0
112	268475081	1;2;3;4;5;6;7;8;9;10;11;12	0	0	0	0
113	268475470	1;2;3;4;5;6;7;8;9;10;11;12	0	0	0	0
114	268475471	1;2;3;4;5;6;7;8;9;10;11;12	0	0	0	0
115	268475472	1;2;3;4;5;6;7;8;9;10;11;12	0	0	0	0
116	268475473	1;2;3;4;5;6;7;8;9;10;11;12	0	0	0	0
117	268475474	1;2;3;4;5;6;7;8;9;10;11;12	0	0	0	0
118	268475475	1;2;3;4;5;6;7;8;9;10;11;12	0	0	0	0
119	268475476	1;2;3;4;5;6;7;8;9;10;11;12	0	0	0	0
120	268475477	1;2;3;4;5;6;7;8;9;10;11;12	0	0	0	0
121	268475478	1;2;3;4;5;6;7;8;9;10;11;12	0	0	0	0
122	268470046	1;2;3;4;5;6;7;8;9;10;11;12	0	0	0	0
123	268475466	1;2;3;4;5;6;7;8;9;10;11;12	0	0	0	0
124	268475467	1;2;3;4;5;6;7;8;9;10;11;12	0	0	0	0
125	268475468	1;2;3;4;5;6;7;8;9;10;11;12	0	0	0	0
126	268470047	1;2;3;4;5;6;7;8;9;10;11;12	0	0	0	0
127	268475829	1;2;3;4;5;6;7;8;9;10;11;12	0	0	0	0
128	268475830	1;2;3;4;5;6;7;8;9;10;11;12	0	0	0	0
129	268475831	1;2;3;4;5;6;7;8;9;10;11;12	0	0	0	0
130	268475832	1;2;3;4;5;6;7;8;9;10;11;12	0	0	0	0
131	268470048	1;2;3;4;5;6;7;8;9;10;11;12	0	0	0	0
132	268475833	1;2;3;4;5;6;7;8;9;10;11;12	0	0	0	0
133	268475834	1;2;3;4;5;6;7;8;9;10;11;12	0	0	0	0
134	268475835	1;2;3;4;5;6;7;8;9;10;11;12	0	0	0	0
135	268475836	1;2;3;4;5;6;7;8;9;10;11;12	0	0	0	0
136	268475837	1;2;3;4;5;6;7;8;9;10;11;12	0	0	0	0
137	268475838	1;2;3;4;5;6;7;8;9;10;11;12	0	0	0	0
138	268475839	1;2;3;4;5;6;7;8;9;10;11;12	0	0	0	0
139	268475840	1;2;3;4;5;6;7;8;9;10;11;12	0	0	0	0
140	268475841	1;2;3;4;5;6;7;8;9;10;11;12	0	0	0	0
141	268475842	1;2;3;4;5;6;7;8;9;10;11;12	0	0	0	0
142	268475843	1;2;3;4;5;6;7;8;9;10;11;12	0	0	0	0
143	268475844	1;2;3;4;5;6;7;8;9;10;11;12	0	0	0	0
144	268475845	1;2;3;4;5;6;7;8;9;10;11;12	0	0	0	0
145	268475846	1;2;3;4;5;6;7;8;9;10;11;12	0	0	0	0
146	268475847	1;2;3;4;5;6;7;8;9;10;11;12	0	0	0	0
147	268475848	1;2;3;4;5;6;7;8;9;10;11;12	0	0	0	0
148	268475849	1;2;3;4;5;6;7;8;9;10;11;12	0	0	0	0
149	268475850	1;2;3;4;5;6;7;8;9;10;11;12	0	0	0	0
150	268475851	1;2;3;4;5;6;7;8;9;10;11;12	0	0	0	0
151	268470049	1;2;3;4;5;6;7;8;9;10;11;12	0	0	0	0
152	268475852	1;2;3;4;5;6;7;8;9;10;11;12	0	0	0	0
153	268475853	1;2;3;4;5;6;7;8;9;10;11;12	0	0	0	0
154	268475854	1;2;3;4;5;6;7;8;9;10;11;12	0	0	0	0
155	268475855	1;2;3;4;5;6;7;8;9;10;11;12	0	0	0	0
156	268475856	1;2;3;4;5;6;7;8;9;10;11;12	0	0	0	0
157	268475857	1;2;3;4;5;6;7;8;9;10;11;12	0	0	0	0
158	268475858	1;2;3;4;5;6;7;8;9;10;11;12	0	0	0	0
159	268475859	1;2;3;4;5;6;7;8;9;10;11;12	0	0	0	0
160	268475860	1;2;3;4;5;6;7;8;9;10;11;12	0	0	0	0
161	268475861	1;2;3;4;5;6;7;8;9;10;11;12	0	0	0	0
162	268475862	1;2;3;4;5;6;7;8;9;10;11;12	0	0	0	0
163	268475863	1;2;3;4;5;6;7;8;9;10;11;12	0	0	0	0
164	268475864	1;2;3;4;5;6;7;8;9;10;11;12	0	0	0	0
165	268475865	1;2;3;4;5;6;7;8;9;10;11;12	0	0	0	0
166	268475866	1;2;3;4;5;6;7;8;9;10;11;12	0	0	0	0
167	268475867	1;2;3;4;5;6;7;8;9;10;11;12	0	0	0	0
168	268475868	1;2;3;4;5;6;7;8;9;10;11;12	0	0	0	0
169	268475869	1;2;3;4;5;6;7;8;9;10;11;12	0	0	0	0
170	268475870	1;2;3;4;5;6;7;8;9;10;11;12	0	0	0	0
171	268470050	1;2;3;4;5;6;7;8;9;10;11;12	0	0	0	0
172	268474991	1;2;3;4;5;6;7;8;9;10;11;12	0	0	0	0
173	268476138	1;2;3;4;5;6;7;8;9;10;11;12	0	0	0	0
174	268476309	1;2;3;4;5;6;7;8;9;10;11;12	0	0	0	0
175	268476310	1;2;3;4;5;6;7;8;9;10;11;12	0	0	0	0
176	268476311	1;2;3;4;5;6;7;8;9;10;11;12	0	0	0	0
177	268476325	1;2;3;4;5;6;7;8;9;10;11;12	0	0	0	0
178	268476326	1;2;3;4;5;6;7;8;9;10;11;12	0	0	0	0
179	268476327	1;2;3;4;5;6;7;8;9;10;11;12	0	0	0	0
180	268476328	1;2;3;4;5;6;7;8;9;10;11;12	0	0	0	0
181	268476329	1;2;3;4;5;6;7;8;9;10;11;12	0	0	0	0
182	268476330	1;2;3;4;5;6;7;8;9;10;11;12	0	0	0	0
183	268476331	1;2;3;4;5;6;7;8;9;10;11;12	0	0	0	0
184	268476332	1;2;3;4;5;6;7;8;9;10;11;12	0	0	0	0
185	268476333	1;2;3;4;5;6;7;8;9;10;11;12	0	0	0	0
186	268476334	1;2;3;4;5;6;7;8;9;10;11;12	0	0	0	0
187	268476335	1;2;3;4;5;6;7;8;9;10;11;12	0	0	0	0
188	268476336	1;2;3;4;5;6;7;8;9;10;11;12	0	0	0	0
189	268476337	1;2;3;4;5;6;7;8;9;10;11;12	0	0	0	0
190	268476338	1;2;3;4;5;6;7;8;9;10;11;12	0	0	0	0
191	268476339	1;2;3;4;5;6;7;8;9;10;11;12	0	0	0	0
192	268476340	1;2;3;4;5;6;7;8;9;10;11;12	0	0	0	0
193	268476357	1;2;3;4;5;6;7;8;9;10;11;12	0	0	0	0
194	268465143	1;2;3;4;5;6;7;8;9;10;11;12	0	0	0	0
195	268465144	1;2;3;4;5;6;7;8;9;10;11;12	0	0	0	0
196	268465145	1;2;3;4;5;6;7;8;9;10;11;12	0	0	0	0
197	268465146	1;2;3;4;5;6;7;8;9;10;11;12	0	0	0	0
198	268466179	1;2;3;4;5;6;7;8;9;10;11;12	0	0	0	0
199	268466180	1;2;3;4;5;6;7;8;9;10;11;12	0	0	0	0
200	268476432	1;2;3;4;5;6;7;8;9;10;11;12	0	0	0	0
201	268476433	1;2;3;4;5;6;7;8;9;10;11;12	0	0	0	0
202	268476573	1;2;3;4;5;6;7;8;9;10;11;12	0	0	0	0
203	268476574	1;2;3;4;5;6;7;8;9;10;11;12	0	0	0	0
204	268476581	1;2;3;4;5;6;7;8;9;10;11;12	0	0	0	0
205	268476582	1;2;3;4;5;6;7;8;9;10;11;12	0	0	0	0
206	268476583	1;2;3;4;5;6;7;8;9;10;11;12	0	0	0	0
207	268476324	1;2;3;4;5;6;7;8;9;10;11;12	0	0	0	0
208	268476585	1;2;3;4;5;6;7;8;9;10;11;12	0	0	0	0
209	268476586	1;2;3;4;5;6;7;8;9;10;11;12	0	0	0	0
210	268476600	1;2;3;4;5;6;7;8;9;10;11;12	0	0	0	0
211	268476601	1;2;3;4;5;6;7;8;9;10;11;12	0	0	0	0
212	268476610	1;2;3;4;5;6;7;8;9;10;11;12	0	0	0	0
213	268476611	1;2;3;4;5;6;7;8;9;10;11;12	0	0	0	0
214	268476612	1;2;3;4;5;6;7;8;9;10;11;12	0	0	0	0
215	268476613	1;2;3;4;5;6;7;8;9;10;11;12	0	0	0	0
216	268476614	1;2;3;4;5;6;7;8;9;10;11;12	0	0	0	0
217	268476710	1;2;3;4;5;6;7;8;9;10;11;12	0	0	0	0
218	268476711	1;2;3;4;5;6;7;8;9;10;11;12	0	0	0	0
219	268476712	1;2;3;4;5;6;7;8;9;10;11;12	0	0	0	0
220	268476713	1;2;3;4;5;6;7;8;9;10;11;12	0	0	0	0
221	268476714	1;2;3;4;5;6;7;8;9;10;11;12	0	0	0	0
222	268476715	1;2;3;4;5;6;7;8;9;10;11;12	0	0	0	0
223	268476716	1;2;3;4;5;6;7;8;9;10;11;12	0	0	0	0
224	268476717	1;2;3;4;5;6;7;8;9;10;11;12	0	0	0	0
225	268476718	1;2;3;4;5;6;7;8;9;10;11;12	0	0	0	0
226	268476719	1;2;3;4;5;6;7;8;9;10;11;12	0	0	0	0
227	268476720	1;2;3;4;5;6;7;8;9;10;11;12	0	0	0	0
228	268476784	1;2;3;4;5;6;7;8;9;10;11;12	0	0	0	0
229	268476721	1;2;3;4;5;6;7;8;9;10;11;12	0	0	0	0
230	268476722	1;2;3;4;5;6;7;8;9;10;11;12	0	0	0	0
231	268476725	1;2;3;4;5;6;7;8;9;10;11;12	0	0	0	0
232	268476736	1;2;3;4;5;6;7;8;9;10;11;12	0	0	0	0
233	268476744	1;2;3;4;5;6;7;8;9;10;11;12	0	0	0	0
234	268476745	1;2;3;4;5;6;7;8;9;10;11;12	0	0	0	0
235	268476746	1;2;3;4;5;6;7;8;9;10;11;12	0	0	0	0
236	268476747	1;2;3;4;5;6;7;8;9;10;11;12	0	0	0	0
237	268476748	1;2;3;4;5;6;7;8;9;10;11;12	0	0	0	0
238	268476749	1;2;3;4;5;6;7;8;9;10;11;12	0	0	0	0
239	268476859	1;2;3;4;5;6;7;8;9;10;11;12	0	0	0	0
240	268476860	1;2;3;4;5;6;7;8;9;10;11;12	0	0	0	0
241	268476861	1;2;3;4;5;6;7;8;9;10;11;12	0	0	0	0
242	268476862	1;2;3;4;5;6;7;8;9;10;11;12	0	0	0	0
243	268476863	1;2;3;4;5;6;7;8;9;10;11;12	0	0	0	0
244	268476864	1;2;3;4;5;6;7;8;9;10;11;12	0	0	0	0
245	268476865	1;2;3;4;5;6;7;8;9;10;11;12	0	0	0	0
246	268476866	1;2;3;4;5;6;7;8;9;10;11;12	0	0	0	0
247	268476867	1;2;3;4;5;6;7;8;9;10;11;12	0	0	0	0
248	268476868	1;2;3;4;5;6;7;8;9;10;11;12	0	0	0	0
249	268476869	1;2;3;4;5;6;7;8;9;10;11;12	0	0	0	0
250	268476870	1;2;3;4;5;6;7;8;9;10;11;12	0	0	0	0
251	268476871	1;2;3;4;5;6;7;8;9;10;11;12	0	0	0	0
252	268476872	1;2;3;4;5;6;7;8;9;10;11;12	0	0	0	0
253	268476873	1;2;3;4;5;6;7;8;9;10;11;12	0	0	0	0
254	268476874	1;2;3;4;5;6;7;8;9;10;11;12	0	0	0	0
255	268476875	1;2;3;4;5;6;7;8;9;10;11;12	0	0	0	0
256	268476876	1;2;3;4;5;6;7;8;9;10;11;12	0	0	0	0
257	268476877	1;2;3;4;5;6;7;8;9;10;11;12	0	0	0	0
258	268476878	1;2;3;4;5;6;7;8;9;10;11;12	0	0	0	0
259	268476879	1;2;3;4;5;6;7;8;9;10;11;12	0	0	0	0
260	268476785	1;2;3;4;5;6;7;8;9;10;11;12	0	0	0	0
261	268476880	1;2;3;4;5;6;7;8;9;10;11;12	0	0	0	0
262	268476786	1;2;3;4;5;6;7;8;9;10;11;12	0	0	0	0
263	268476787	1;2;3;4;5;6;7;8;9;10;11;12	0	0	0	0
264	268476788	1;2;3;4;5;6;7;8;9;10;11;12	0	0	0	0
265	268476765	1;2;3;4;5;6;7;8;9;10;11;12	0	0	0	0
266	268476766	1;2;3;4;5;6;7;8;9;10;11;12	0	0	0	0
267	268476767	1;2;3;4;5;6;7;8;9;10;11;12	0	0	0	0
268	268476768	1;2;3;4;5;6;7;8;9;10;11;12	0	0	0	0
269	268476769	1;2;3;4;5;6;7;8;9;10;11;12	0	0	0	0
270	268476770	1;2;3;4;5;6;7;8;9;10;11;12	0	0	0	0
271	268476771	1;2;3;4;5;6;7;8;9;10;11;12	0	0	0	0
272	268476772	1;2;3;4;5;6;7;8;9;10;11;12	0	0	0	0
273	268476773	1;2;3;4;5;6;7;8;9;10;11;12	0	0	0	0
274	268476774	1;2;3;4;5;6;7;8;9;10;11;12	0	0	0	0
275	268476775	1;2;3;4;5;6;7;8;9;10;11;12	0	0	0	0
276	268476776	1;2;3;4;5;6;7;8;9;10;11;12	0	0	0	0
277	268476777	1;2;3;4;5;6;7;8;9;10;11;12	0	0	0	0
278	268476778	1;2;3;4;5;6;7;8;9;10;11;12	0	0	0	0
279	268476779	1;2;3;4;5;6;7;8;9;10;11;12	0	0	0	0
280	268476780	1;2;3;4;5;6;7;8;9;10;11;12	0	0	0	0
281	268476781	1;2;3;4;5;6;7;8;9;10;11;12	0	0	0	0
282	268476782	1;2;3;4;5;6;7;8;9;10;11;12	0	0	0	0
283	268476783	1;2;3;4;5;6;7;8;9;10;11;12	0	0	0	0
284	268476892	1;2;3;4;5;6;7;8;9;10;11;12	0	0	0	0
285	268476893	1;2;3;4;5;6;7;8;9;10;11;12	0	0	0	0
286	268476907	1;2;3;4;5;6;7;8;9;10;11;12	0	0	0	0
287	268476908	1;2;3;4;5;6;7;8;9;10;11;12	0	0	0	0
288	268476956	1;2;3;4;5;6;7;8;9;10;11;12	0	0	0	0
289	268476957	1;2;3;4;5;6;7;8;9;10;11;12	0	0	0	0
290	268476958	1;2;3;4;5;6;7;8;9;10;11;12	0	0	0	0
291	268476977	1;2;3;4;5;6;7;8;9;10;11;12	0	0	0	0
292	268476978	1;2;3;4;5;6;7;8;9;10;11;12	0	0	0	0
293	268476979	1;2;3;4;5;6;7;8;9;10;11;12	0	0	0	0
294	268476995	1;2;3;4;5;6;7;8;9;10;11;12	0	0	0	0
295	268476996	1;2;3;4;5;6;7;8;9;10;11;12	0	0	0	0
296	268477001	1;2;3;4;5;6;7;8;9;10;11;12	0	0	0	0
297	268477023	1;2;3;4;5;6;7;8;9;10;11;12	0	0	0	0
298	268477024	1;2;3;4;5;6;7;8;9;10;11;12	0	0	0	0
299	268477032	1;2;3;4;5;6;7;8;9;10;11;12	0	0	0	0
300	268477033	1;2;3;4;5;6;7;8;9;10;11;12	0	0	0	0
301	268477034	1;2;3;4;5;6;7;8;9;10;11;12	0	0	0	0
302	268477041	1;2;3;4;5;6;7;8;9;10;11;12	0	0	0	0
303	268477042	1;2;3;4;5;6;7;8;9;10;11;12	0	0	0	0
304	268477043	1;2;3;4;5;6;7;8;9;10;11;12	0	0	0	0
305	268477044	1;2;3;4;5;6;7;8;9;10;11;12	0	0	0	0
306	268477111	1;2;3;4;5;6;7;8;9;10;11;12	0	0	0	0
307	268477112	1;2;3;4;5;6;7;8;9;10;11;12	0	0	0	0
308	268477113	1;2;3;4;5;6;7;8;9;10;11;12	0	0	0	0
309	268477114	1;2;3;4;5;6;7;8;9;10;11;12	0	0	0	0
310	268477050	1;2;3;4;5;6;7;8;9;10;11;12	0	0	0	0
311	268477051	1;2;3;4;5;6;7;8;9;10;11;12	0	0	0	0
312	268477052	1;2;3;4;5;6;7;8;9;10;11;12	0	0	0	0
313	268477053	1;2;3;4;5;6;7;8;9;10;11;12	0	0	0	0
314	268477115	1;2;3;4;5;6;7;8;9;10;11;12	0	0	0	0
315	268477118	1;2;3;4;5;6;7;8;9;10;11;12	0	0	0	0
316	268477119	1;2;3;4;5;6;7;8;9;10;11;12	0	0	0	0
317	268477120	1;2;3;4;5;6;7;8;9;10;11;12	0	0	0	0
318	268477121	1;2;3;4;5;6;7;8;9;10;11;12	0	0	0	0
319	268477122	1;2;3;4;5;6;7;8;9;10;11;12	0	0	0	0
320	268477127	1;2;3;4;5;6;7;8;9;10;11;12	0	0	0	0
321	268477128	1;2;3;4;5;6;7;8;9;10;11;12	0	0	0	0
322	268477129	1;2;3;4;5;6;7;8;9;10;11;12	0	0	0	0
323	268477130	1;2;3;4;5;6;7;8;9;10;11;12	0	0	0	0
324	268477131	1;2;3;4;5;6;7;8;9;10;11;12	0	0	0	0
325	268477132	1;2;3;4;5;6;7;8;9;10;11;12	0	0	0	0
326	268477133	1;2;3;4;5;6;7;8;9;10;11;12	0	0	0	0
327	268477134	1;2;3;4;5;6;7;8;9;10;11;12	0	0	0	0
328	268477135	1;2;3;4;5;6;7;8;9;10;11;12	0	0	0	0
329	268477136	1;2;3;4;5;6;7;8;9;10;11;12	0	0	0	0
330	268477137	1;2;3;4;5;6;7;8;9;10;11;12	0	0	0	0
331	268477138	1;2;3;4;5;6;7;8;9;10;11;12	0	0	0	0
332	268477139	1;2;3;4;5;6;7;8;9;10;11;12	0	0	0	0
333	268477141	1;2;3;4;5;6;7;8;9;10;11;12	0	0	0	0
334	268477142	1;2;3;4;5;6;7;8;9;10;11;12	0	0	0	0
335	268477161	1;2;3;4;5;6;7;8;9;10;11;12	0	0	0	0
336	268477162	1;2;3;4;5;6;7;8;9;10;11;12	0	0	0	0
337	268477163	1;2;3;4;5;6;7;8;9;10;11;12	0	0	0	0
338	268477164	1;2;3;4;5;6;7;8;9;10;11;12	0	0	0	0
339	268477165	1;2;3;4;5;6;7;8;9;10;11;12	0	0	0	0
340	268477166	1;2;3;4;5;6;7;8;9;10;11;12	0	0	0	0
341	268477167	1;2;3;4;5;6;7;8;9;10;11;12	0	0	0	0
342	268477168	1;2;3;4;5;6;7;8;9;10;11;12	0	0	0	0
343	268477169	1;2;3;4;5;6;7;8;9;10;11;12	0	0	0	0
344	268477170	1;2;3;4;5;6;7;8;9;10;11;12	0	0	0	0
345	268477171	1;2;3;4;5;6;7;8;9;10;11;12	0	0	0	0
346	268477172	1;2;3;4;5;6;7;8;9;10;11;12	0	0	0	0
347	268477173	1;2;3;4;5;6;7;8;9;10;11;12	0	0	0	0
348	268477174	1;2;3;4;5;6;7;8;9;10;11;12	0	0	0	0
349	268477175	1;2;3;4;5;6;7;8;9;10;11;12	0	0	0	0
350	268477176	1;2;3;4;5;6;7;8;9;10;11;12	0	0	0	0
351	268477177	1;2;3;4;5;6;7;8;9;10;11;12	0	0	0	0
352	268477178	1;2;3;4;5;6;7;8;9;10;11;12	0	0	0	0
353	268477179	1;2;3;4;5;6;7;8;9;10;11;12	0	0	0	0
354	268477180	1;2;3;4;5;6;7;8;9;10;11;12	0	0	0	0
355	268477181	1;2;3;4;5;6;7;8;9;10;11;12	0	0	0	0
356	268477182	1;2;3;4;5;6;7;8;9;10;11;12	0	0	0	0
357	268477183	1;2;3;4;5;6;7;8;9;10;11;12	0	0	0	0
358	268477184	1;2;3;4;5;6;7;8;9;10;11;12	0	0	0	0
359	268477185	1;2;3;4;5;6;7;8;9;10;11;12	0	0	0	0
360	268477186	1;2;3;4;5;6;7;8;9;10;11;12	0	0	0	0
361	268477187	1;2;3;4;5;6;7;8;9;10;11;12	0	0	0	0
362	268477188	1;2;3;4;5;6;7;8;9;10;11;12	0	0	0	0
363	268477189	1;2;3;4;5;6;7;8;9;10;11;12	0	0	0	0
364	268477190	1;2;3;4;5;6;7;8;9;10;11;12	0	0	0	0
365	268477191	1;2;3;4;5;6;7;8;9;10;11;12	0	0	0	0
366	268477192	1;2;3;4;5;6;7;8;9;10;11;12	0	0	0	0
367	268477193	1;2;3;4;5;6;7;8;9;10;11;12	0	0	0	0
368	268477194	1;2;3;4;5;6;7;8;9;10;11;12	0	0	0	0
369	268477195	1;2;3;4;5;6;7;8;9;10;11;12	0	0	0	0
370	268477196	1;2;3;4;5;6;7;8;9;10;11;12	0	0	0	0
371	268477197	1;2;3;4;5;6;7;8;9;10;11;12	0	0	0	0
372	268477198	1;2;3;4;5;6;7;8;9;10;11;12	0	0	0	0
373	268477199	1;2;3;4;5;6;7;8;9;10;11;12	0	0	0	0
374	268477200	1;2;3;4;5;6;7;8;9;10;11;12	0	0	0	0
375	268477201	1;2;3;4;5;6;7;8;9;10;11;12	0	0	0	0
376	268477202	1;2;3;4;5;6;7;8;9;10;11;12	0	0	0	0
377	268477203	1;2;3;4;5;6;7;8;9;10;11;12	0	0	0	0
378	268477204	1;2;3;4;5;6;7;8;9;10;11;12	0	0	0	0
379	268477205	1;2;3;4;5;6;7;8;9;10;11;12	0	0	0	0
380	268477212	1;2;3;4;5;6;7;8;9;10;11;12	0	0	0	0
381	268477213	1;2;3;4;5;6;7;8;9;10;11;12	0	0	0	0
382	268477214	1;2;3;4;5;6;7;8;9;10;11;12	0	0	0	0
383	268477284	1;2;3;4;5;6;7;8;9;10;11;12	0	0	0	0
384	268477349	1;2;3;4;5;6;7;8;9;10;11;12	0	0	0	0
385	268477350	1;2;3;4;5;6;7;8;9;10;11;12	0	0	0	0
386	268477351	1;2;3;4;5;6;7;8;9;10;11;12	0	0	0	0
387	268477490	1;2;3;4;5;6;7;8;9;10;11;12	0	0	0	0
388	268477691	1;2;3;4;5;6;7;8;9;10;11;12	0	0	0	0
389	268477692	1;2;3;4;5;6;7;8;9;10;11;12	0	0	0	0
390	268477693	1;2;3;4;5;6;7;8;9;10;11;12	0	0	0	0
391	268477744	1;2;3;4;5;6;7;8;9;10;11;12	0	0	0	0
392	268477745	1;2;3;4;5;6;7;8;9;10;11;12	0	0	0	0
393	268477746	1;2;3;4;5;6;7;8;9;10;11;12	0	0	0	0
394	268477747	1;2;3;4;5;6;7;8;9;10;11;12	0	0	0	0
395	268477748	1;2;3;4;5;6;7;8;9;10;11;12	0	0	0	0
396	268477749	1;2;3;4;5;6;7;8;9;10;11;12	0	0	0	0
397	268477750	1;2;3;4;5;6;7;8;9;10;11;12	0	0	0	0
398	268477751	1;2;3;4;5;6;7;8;9;10;11;12	0	0	0	0
399	268477752	1;2;3;4;5;6;7;8;9;10;11;12	0	0	0	0
400	268477753	1;2;3;4;5;6;7;8;9;10;11;12	0	0	0	0
401	268477694	1;2;3;4;5;6;7;8;9;10;11;12	0	0	0	0
402	268477695	1;2;3;4;5;6;7;8;9;10;11;12	0	0	0	0
403	268477696	1;2;3;4;5;6;7;8;9;10;11;12	0	0	0	0
404	268477697	1;2;3;4;5;6;7;8;9;10;11;12	0	0	0	0
405	268477698	1;2;3;4;5;6;7;8;9;10;11;12	0	0	0	0
406	268477699	1;2;3;4;5;6;7;8;9;10;11;12	0	0	0	0
407	268477700	1;2;3;4;5;6;7;8;9;10;11;12	0	0	0	0
408	268477701	1;2;3;4;5;6;7;8;9;10;11;12	0	0	0	0
409	268477702	1;2;3;4;5;6;7;8;9;10;11;12	0	0	0	0
410	268477703	1;2;3;4;5;6;7;8;9;10;11;12	0	0	0	0
411	268477704	1;2;3;4;5;6;7;8;9;10;11;12	0	0	0	0
412	268477705	1;2;3;4;5;6;7;8;9;10;11;12	0	0	0	0
413	268477706	1;2;3;4;5;6;7;8;9;10;11;12	0	0	0	0
414	268477707	1;2;3;4;5;6;7;8;9;10;11;12	0	0	0	0
415	268477708	1;2;3;4;5;6;7;8;9;10;11;12	0	0	0	0
416	268477709	1;2;3;4;5;6;7;8;9;10;11;12	0	0	0	0
417	268477710	1;2;3;4;5;6;7;8;9;10;11;12	0	0	0	0
418	268477711	1;2;3;4;5;6;7;8;9;10;11;12	0	0	0	0
419	268477712	1;2;3;4;5;6;7;8;9;10;11;12	0	0	0	0
420	268477713	1;2;3;4;5;6;7;8;9;10;11;12	0	0	0	0
421	268477714	1;2;3;4;5;6;7;8;9;10;11;12	0	0	0	0
422	268477715	1;2;3;4;5;6;7;8;9;10;11;12	0	0	0	0
423	268477716	1;2;3;4;5;6;7;8;9;10;11;12	0	0	0	0
424	268477717	1;2;3;4;5;6;7;8;9;10;11;12	0	0	0	0
425	268477718	1;2;3;4;5;6;7;8;9;10;11;12	0	0	0	0
426	268477719	1;2;3;4;5;6;7;8;9;10;11;12	0	0	0	0
427	268477720	1;2;3;4;5;6;7;8;9;10;11;12	0	0	0	0
428	268477721	1;2;3;4;5;6;7;8;9;10;11;12	0	0	0	0
429	268477722	1;2;3;4;5;6;7;8;9;10;11;12	0	0	0	0
430	268477723	1;2;3;4;5;6;7;8;9;10;11;12	0	0	0	0
431	268477724	1;2;3;4;5;6;7;8;9;10;11;12	0	0	0	0
432	268477725	1;2;3;4;5;6;7;8;9;10;11;12	0	0	0	0
433	268477726	1;2;3;4;5;6;7;8;9;10;11;12	0	0	0	0
434	268477727	1;2;3;4;5;6;7;8;9;10;11;12	0	0	0	0
435	268477728	1;2;3;4;5;6;7;8;9;10;11;12	0	0	0	0
436	268477729	1;2;3;4;5;6;7;8;9;10;11;12	0	0	0	0
437	268477730	1;2;3;4;5;6;7;8;9;10;11;12	0	0	0	0
438	268477731	1;2;3;4;5;6;7;8;9;10;11;12	0	0	0	0
439	268477732	1;2;3;4;5;6;7;8;9;10;11;12	0	0	0	0
440	268477733	1;2;3;4;5;6;7;8;9;10;11;12	0	0	0	0
441	268477734	1;2;3;4;5;6;7;8;9;10;11;12	0	0	0	0
442	268477735	1;2;3;4;5;6;7;8;9;10;11;12	0	0	0	0
443	268477736	1;2;3;4;5;6;7;8;9;10;11;12	0	0	0	0
444	268477737	1;2;3;4;5;6;7;8;9;10;11;12	0	0	0	0
445	268477738	1;2;3;4;5;6;7;8;9;10;11;12	0	0	0	0
446	268477739	1;2;3;4;5;6;7;8;9;10;11;12	0	0	0	0
447	268477740	1;2;3;4;5;6;7;8;9;10;11;12	0	0	0	0
448	268477741	1;2;3;4;5;6;7;8;9;10;11;12	0	0	0	0
449	268477742	1;2;3;4;5;6;7;8;9;10;11;12	0	0	0	0
450	268477743	1;2;3;4;5;6;7;8;9;10;11;12	0	0	0	0
451	268477754	1;2;3;4;5;6;7;8;9;10;11;12	0	0	0	0
452	268477755	1;2;3;4;5;6;7;8;9;10;11;12	0	0	0	0
453	268477756	1;2;3;4;5;6;7;8;9;10;11;12	0	0	0	0
454	268477757	1;2;3;4;5;6;7;8;9;10;11;12	0	0	0	0
455	268477758	1;2;3;4;5;6;7;8;9;10;11;12	0	0	0	0
456	268477759	1;2;3;4;5;6;7;8;9;10;11;12	0	0	0	0
457	268477760	1;2;3;4;5;6;7;8;9;10;11;12	0	0	0	0
458	268477761	1;2;3;4;5;6;7;8;9;10;11;12	0	0	0	0
459	268477762	1;2;3;4;5;6;7;8;9;10;11;12	0	0	0	0
460	268477763	1;2;3;4;5;6;7;8;9;10;11;12	0	0	0	0
461	268477828	1;2;3;4;5;6;7;8;9;10;11;12	0	0	0	0
462	268477829	1;2;3;4;5;6;7;8;9;10;11;12	0	0	0	0
463	268477830	1;2;3;4;5;6;7;8;9;10;11;12	0	0	0	0
464	268477831	1;2;3;4;5;6;7;8;9;10;11;12	0	0	0	0
465	268477832	1;2;3;4;5;6;7;8;9;10;11;12	0	0	0	0
466	268477833	1;2;3;4;5;6;7;8;9;10;11;12	0	0	0	0
467	268477834	1;2;3;4;5;6;7;8;9;10;11;12	0	0	0	0
468	268477835	1;2;3;4;5;6;7;8;9;10;11;12	0	0	0	0
469	268478047	1;2;3;4;5;6;7;8;9;10;11;12	0	0	0	0
470	268478048	1;2;3;4;5;6;7;8;9;10;11;12	0	0	0	0
471	268478049	1;2;3;4;5;6;7;8;9;10;11;12	0	0	0	0
472	268478051	1;2;3;4;5;6;7;8;9;10;11;12	0	0	0	0
473	268478052	1;2;3;4;5;6;7;8;9;10;11;12	0	0	0	0
474	268478053	1;2;3;4;5;6;7;8;9;10;11;12	0	0	0	0
475	268478054	1;2;3;4;5;6;7;8;9;10;11;12	0	0	0	0
476	268478055	1;2;3;4;5;6;7;8;9;10;11;12	0	0	0	0
477	268478056	1;2;3;4;5;6;7;8;9;10;11;12	0	0	0	0
478	268478057	1;2;3;4;5;6;7;8;9;10;11;12	0	0	0	0
479	268478058	1;2;3;4;5;6;7;8;9;10;11;12	0	0	0	0
480	268478059	1;2;3;4;5;6;7;8;9;10;11;12	0	0	0	0
481	268478060	1;2;3;4;5;6;7;8;9;10;11;12	0	0	0	0
482	268478061	1;2;3;4;5;6;7;8;9;10;11;12	0	0	0	0
483	268478062	1;2;3;4;5;6;7;8;9;10;11;12	0	0	0	0
484	268478063	1;2;3;4;5;6;7;8;9;10;11;12	0	0	0	0
485	268478064	1;2;3;4;5;6;7;8;9;10;11;12	0	0	0	0
486	268478065	1;2;3;4;5;6;7;8;9;10;11;12	0	0	0	0
487	268478066	1;2;3;4;5;6;7;8;9;10;11;12	0	0	0	0
488	268478067	1;2;3;4;5;6;7;8;9;10;11;12	0	0	0	0
489	268478068	1;2;3;4;5;6;7;8;9;10;11;12	0	0	0	0
490	268478069	1;2;3;4;5;6;7;8;9;10;11;12	0	0	0	0
491	268478070	1;2;3;4;5;6;7;8;9;10;11;12	0	0	0	0
492	268478071	1;2;3;4;5;6;7;8;9;10;11;12	0	0	0	0
493	268478072	1;2;3;4;5;6;7;8;9;10;11;12	0	0	0	0
494	268478073	1;2;3;4;5;6;7;8;9;10;11;12	0	0	0	0
495	268478074	1;2;3;4;5;6;7;8;9;10;11;12	0	0	0	0
496	268478075	1;2;3;4;5;6;7;8;9;10;11;12	0	0	0	0
497	268478076	1;2;3;4;5;6;7;8;9;10;11;12	0	0	0	0
498	268478077	1;2;3;4;5;6;7;8;9;10;11;12	0	0	0	0
499	268478078	1;2;3;4;5;6;7;8;9;10;11;12	0	0	0	0
500	268478079	1;2;3;4;5;6;7;8;9;10;11;12	0	0	0	0
501	268478080	1;2;3;4;5;6;7;8;9;10;11;12	0	0	0	0
502	268478081	1;2;3;4;5;6;7;8;9;10;11;12	0	0	0	0
503	268478082	1;2;3;4;5;6;7;8;9;10;11;12	0	0	0	0
504	268478083	1;2;3;4;5;6;7;8;9;10;11;12	0	0	0	0
505	268478084	1;2;3;4;5;6;7;8;9;10;11;12	0	0	0	0
506	268478085	1;2;3;4;5;6;7;8;9;10;11;12	0	0	0	0
507	268478086	1;2;3;4;5;6;7;8;9;10;11;12	0	0	0	0
508	268478087	1;2;3;4;5;6;7;8;9;10;11;12	0	0	0	0
509	268478088	1;2;3;4;5;6;7;8;9;10;11;12	0	0	0	0
510	268478089	1;2;3;4;5;6;7;8;9;10;11;12	0	0	0	0
511	268478090	1;2;3;4;5;6;7;8;9;10;11;12	0	0	0	0
512	268478091	1;2;3;4;5;6;7;8;9;10;11;12	0	0	0	0
513	268478092	1;2;3;4;5;6;7;8;9;10;11;12	0	0	0	0
514	268478093	1;2;3;4;5;6;7;8;9;10;11;12	0	0	0	0
515	268478094	1;2;3;4;5;6;7;8;9;10;11;12	0	0	0	0
516	268478095	1;2;3;4;5;6;7;8;9;10;11;12	0	0	0	0
517	268478096	1;2;3;4;5;6;7;8;9;10;11;12	0	0	0	0
518	268478097	1;2;3;4;5;6;7;8;9;10;11;12	0	0	0	0
519	268478098	1;2;3;4;5;6;7;8;9;10;11;12	0	0	0	0
520	268478099	1;2;3;4;5;6;7;8;9;10;11;12	0	0	0	0
521	268478100	1;2;3;4;5;6;7;8;9;10;11;12	0	0	0	0
522	268478101	1;2;3;4;5;6;7;8;9;10;11;12	0	0	0	0
523	268478102	1;2;3;4;5;6;7;8;9;10;11;12	0	0	0	0
524	268478103	1;2;3;4;5;6;7;8;9;10;11;12	0	0	0	0
525	268478104	1;2;3;4;5;6;7;8;9;10;11;12	0	0	0	0
526	268478105	1;2;3;4;5;6;7;8;9;10;11;12	0	0	0	0
527	268478106	1;2;3;4;5;6;7;8;9;10;11;12	0	0	0	0
528	268478107	1;2;3;4;5;6;7;8;9;10;11;12	0	0	0	0
529	268478108	1;2;3;4;5;6;7;8;9;10;11;12	0	0	0	0
530	268478109	1;2;3;4;5;6;7;8;9;10;11;12	0	0	0	0
531	268478110	1;2;3;4;5;6;7;8;9;10;11;12	0	0	0	0
532	268478111	1;2;3;4;5;6;7;8;9;10;11;12	0	0	0	0
533	268478112	1;2;3;4;5;6;7;8;9;10;11;12	0	0	0	0
534	268478113	1;2;3;4;5;6;7;8;9;10;11;12	0	0	0	0
535	268478114	1;2;3;4;5;6;7;8;9;10;11;12	0	0	0	0
536	268478115	1;2;3;4;5;6;7;8;9;10;11;12	0	0	0	0
537	268478116	1;2;3;4;5;6;7;8;9;10;11;12	0	0	0	0
538	268478117	1;2;3;4;5;6;7;8;9;10;11;12	0	0	0	0
539	268478118	1;2;3;4;5;6;7;8;9;10;11;12	0	0	0	0
540	268478119	1;2;3;4;5;6;7;8;9;10;11;12	0	0	0	0
541	268478120	1;2;3;4;5;6;7;8;9;10;11;12	0	0	0	0
542	268478121	1;2;3;4;5;6;7;8;9;10;11;12	0	0	0	0
543	268478122	1;2;3;4;5;6;7;8;9;10;11;12	0	0	0	0
544	268478123	1;2;3;4;5;6;7;8;9;10;11;12	0	0	0	0
545	268478124	1;2;3;4;5;6;7;8;9;10;11;12	0	0	0	0
546	268478125	1;2;3;4;5;6;7;8;9;10;11;12	0	0	0	0
547	268478126	1;2;3;4;5;6;7;8;9;10;11;12	0	0	0	0
548	268478127	1;2;3;4;5;6;7;8;9;10;11;12	0	0	0	0
549	268478128	1;2;3;4;5;6;7;8;9;10;11;12	0	0	0	0
550	268478129	1;2;3;4;5;6;7;8;9;10;11;12	0	0	0	0
551	268478130	1;2;3;4;5;6;7;8;9;10;11;12	0	0	0	0
552	268478131	1;2;3;4;5;6;7;8;9;10;11;12	0	0	0	0
553	268478132	1;2;3;4;5;6;7;8;9;10;11;12	0	0	0	0
554	268478133	1;2;3;4;5;6;7;8;9;10;11;12	0	0	0	0
555	268478134	1;2;3;4;5;6;7;8;9;10;11;12	0	0	0	0
556	268478135	1;2;3;4;5;6;7;8;9;10;11;12	0	0	0	0
557	268478136	1;2;3;4;5;6;7;8;9;10;11;12	0	0	0	0
558	268478137	1;2;3;4;5;6;7;8;9;10;11;12	0	0	0	0
559	268478138	1;2;3;4;5;6;7;8;9;10;11;12	0	0	0	0
560	268478139	1;2;3;4;5;6;7;8;9;10;11;12	0	0	0	0
561	268478140	1;2;3;4;5;6;7;8;9;10;11;12	0	0	0	0
562	268478141	1;2;3;4;5;6;7;8;9;10;11;12	0	0	0	0
563	268478142	1;2;3;4;5;6;7;8;9;10;11;12	0	0	0	0
564	268478143	1;2;3;4;5;6;7;8;9;10;11;12	0	0	0	0
565	268478144	1;2;3;4;5;6;7;8;9;10;11;12	0	0	0	0
566	268478145	1;2;3;4;5;6;7;8;9;10;11;12	0	0	0	0
567	268478146	1;2;3;4;5;6;7;8;9;10;11;12	0	0	0	0
568	268478147	1;2;3;4;5;6;7;8;9;10;11;12	0	0	0	0
569	268478148	1;2;3;4;5;6;7;8;9;10;11;12	0	0	0	0
570	268478149	1;2;3;4;5;6;7;8;9;10;11;12	0	0	0	0
571	268478150	1;2;3;4;5;6;7;8;9;10;11;12	0	0	0	0
572	268478151	1;2;3;4;5;6;7;8;9;10;11;12	0	0	0	0
573	268478152	1;2;3;4;5;6;7;8;9;10;11;12	0	0	0	0
574	268478153	1;2;3;4;5;6;7;8;9;10;11;12	0	0	0	0
575	268478154	1;2;3;4;5;6;7;8;9;10;11;12	0	0	0	0
576	268478155	1;2;3;4;5;6;7;8;9;10;11;12	0	0	0	0
577	268478156	1;2;3;4;5;6;7;8;9;10;11;12	0	0	0	0
578	268478157	1;2;3;4;5;6;7;8;9;10;11;12	0	0	0	0
579	268478158	1;2;3;4;5;6;7;8;9;10;11;12	0	0	0	0
580	268478159	1;2;3;4;5;6;7;8;9;10;11;12	0	0	0	0
581	268478160	1;2;3;4;5;6;7;8;9;10;11;12	0	0	0	0
582	268478161	1;2;3;4;5;6;7;8;9;10;11;12	0	0	0	0
583	268478162	1;2;3;4;5;6;7;8;9;10;11;12	0	0	0	0
584	268478163	1;2;3;4;5;6;7;8;9;10;11;12	0	0	0	0
585	268478164	1;2;3;4;5;6;7;8;9;10;11;12	0	0	0	0
586	268478165	1;2;3;4;5;6;7;8;9;10;11;12	0	0	0	0
587	268478166	1;2;3;4;5;6;7;8;9;10;11;12	0	0	0	0
588	268478167	1;2;3;4;5;6;7;8;9;10;11;12	0	0	0	0
589	268478168	1;2;3;4;5;6;7;8;9;10;11;12	0	0	0	0
590	268478169	1;2;3;4;5;6;7;8;9;10;11;12	0	0	0	0
591	268478170	1;2;3;4;5;6;7;8;9;10;11;12	0	0	0	0
592	268478171	1;2;3;4;5;6;7;8;9;10;11;12	0	0	0	0
593	268478172	1;2;3;4;5;6;7;8;9;10;11;12	0	0	0	0
594	268478173	1;2;3;4;5;6;7;8;9;10;11;12	0	0	0	0
595	268478174	1;2;3;4;5;6;7;8;9;10;11;12	0	0	0	0
596	268478175	1;2;3;4;5;6;7;8;9;10;11;12	0	0	0	0
597	268478176	1;2;3;4;5;6;7;8;9;10;11;12	0	0	0	0
598	268478177	1;2;3;4;5;6;7;8;9;10;11;12	0	0	0	0
599	268478178	1;2;3;4;5;6;7;8;9;10;11;12	0	0	0	0
600	268478179	1;2;3;4;5;6;7;8;9;10;11;12	0	0	0	0
601	268478180	1;2;3;4;5;6;7;8;9;10;11;12	0	0	0	0
602	268478181	1;2;3;4;5;6;7;8;9;10;11;12	0	0	0	0
603	268478182	1;2;3;4;5;6;7;8;9;10;11;12	0	0	0	0
604	268478183	1;2;3;4;5;6;7;8;9;10;11;12	0	0	0	0
605	268478184	1;2;3;4;5;6;7;8;9;10;11;12	0	0	0	0
606	268478185	1;2;3;4;5;6;7;8;9;10;11;12	0	0	0	0
607	268478186	1;2;3;4;5;6;7;8;9;10;11;12	0	0	0	0
608	268478187	1;2;3;4;5;6;7;8;9;10;11;12	0	0	0	0
609	268478188	1;2;3;4;5;6;7;8;9;10;11;12	0	0	0	0
610	268478189	1;2;3;4;5;6;7;8;9;10;11;12	0	0	0	0
611	268478190	1;2;3;4;5;6;7;8;9;10;11;12	0	0	0	0
612	268478191	1;2;3;4;5;6;7;8;9;10;11;12	0	0	0	0
613	268478192	1;2;3;4;5;6;7;8;9;10;11;12	0	0	0	0
614	268478193	1;2;3;4;5;6;7;8;9;10;11;12	0	0	0	0
615	268478194	1;2;3;4;5;6;7;8;9;10;11;12	0	0	0	0
616	268478195	1;2;3;4;5;6;7;8;9;10;11;12	0	0	0	0
617	268478196	1;2;3;4;5;6;7;8;9;10;11;12	0	0	0	0
618	268478197	1;2;3;4;5;6;7;8;9;10;11;12	0	0	0	0
619	268478198	1;2;3;4;5;6;7;8;9;10;11;12	0	0	0	0
620	268478199	1;2;3;4;5;6;7;8;9;10;11;12	0	0	0	0
621	268478200	1;2;3;4;5;6;7;8;9;10;11;12	0	0	0	0
622	268478201	1;2;3;4;5;6;7;8;9;10;11;12	0	0	0	0
623	268478202	1;2;3;4;5;6;7;8;9;10;11;12	0	0	0	0
624	268478203	1;2;3;4;5;6;7;8;9;10;11;12	0	0	0	0
625	268478204	1;2;3;4;5;6;7;8;9;10;11;12	0	0	0	0
626	268478205	1;2;3;4;5;6;7;8;9;10;11;12	0	0	0	0
627	268478206	1;2;3;4;5;6;7;8;9;10;11;12	0	0	0	0
628	268478207	1;2;3;4;5;6;7;8;9;10;11;12	0	0	0	0
629	268478208	1;2;3;4;5;6;7;8;9;10;11;12	0	0	0	0
630	268478209	1;2;3;4;5;6;7;8;9;10;11;12	0	0	0	0
631	268478210	1;2;3;4;5;6;7;8;9;10;11;12	0	0	0	0
632	268478211	1;2;3;4;5;6;7;8;9;10;11;12	0	0	0	0
633	268478212	1;2;3;4;5;6;7;8;9;10;11;12	0	0	0	0
634	268478213	1;2;3;4;5;6;7;8;9;10;11;12	0	0	0	0
635	268478214	1;2;3;4;5;6;7;8;9;10;11;12	0	0	0	0
636	268478215	1;2;3;4;5;6;7;8;9;10;11;12	0	0	0	0
637	268478216	1;2;3;4;5;6;7;8;9;10;11;12	0	0	0	0
638	268478217	1;2;3;4;5;6;7;8;9;10;11;12	0	0	0	0
639	268478218	1;2;3;4;5;6;7;8;9;10;11;12	0	0	0	0
640	268478329	1;2;3;4;5;6;7;8;9;10;11;12	0	0	0	0
641	268478330	1;2;3;4;5;6;7;8;9;10;11;12	0	0	0	0
642	268478331	1;2;3;4;5;6;7;8;9;10;11;12	0	0	0	0
643	268478332	1;2;3;4;5;6;7;8;9;10;11;12	0	0	0	0
644	268478333	1;2;3;4;5;6;7;8;9;10;11;12	0	0	0	0
645	268478334	1;2;3;4;5;6;7;8;9;10;11;12	0	0	0	0
646	268478335	1;2;3;4;5;6;7;8;9;10;11;12	0	0	0	0
647	268478219	1;2;3;4;5;6;7;8;9;10;11;12	0	0	0	0
648	268478220	1;2;3;4;5;6;7;8;9;10;11;12	0	0	0	0
649	268478221	1;2;3;4;5;6;7;8;9;10;11;12	0	0	0	0
650	268478222	1;2;3;4;5;6;7;8;9;10;11;12	0	0	0	0
651	268478223	1;2;3;4;5;6;7;8;9;10;11;12	0	0	0	0
652	268478224	1;2;3;4;5;6;7;8;9;10;11;12	0	0	0	0
653	268478225	1;2;3;4;5;6;7;8;9;10;11;12	0	0	0	0
654	268478226	1;2;3;4;5;6;7;8;9;10;11;12	0	0	0	0
655	268478227	1;2;3;4;5;6;7;8;9;10;11;12	0	0	0	0
656	268478228	1;2;3;4;5;6;7;8;9;10;11;12	0	0	0	0
657	268478229	1;2;3;4;5;6;7;8;9;10;11;12	0	0	0	0
658	268478230	1;2;3;4;5;6;7;8;9;10;11;12	0	0	0	0
659	268478231	1;2;3;4;5;6;7;8;9;10;11;12	0	0	0	0
660	268478232	1;2;3;4;5;6;7;8;9;10;11;12	0	0	0	0
661	268478233	1;2;3;4;5;6;7;8;9;10;11;12	0	0	0	0
662	268478234	1;2;3;4;5;6;7;8;9;10;11;12	0	0	0	0
663	268478235	1;2;3;4;5;6;7;8;9;10;11;12	0	0	0	0
664	268478236	1;2;3;4;5;6;7;8;9;10;11;12	0	0	0	0
665	268478237	1;2;3;4;5;6;7;8;9;10;11;12	0	0	0	0
666	268478238	1;2;3;4;5;6;7;8;9;10;11;12	0	0	0	0
667	268478239	1;2;3;4;5;6;7;8;9;10;11;12	0	0	0	0
668	268478240	1;2;3;4;5;6;7;8;9;10;11;12	0	0	0	0
669	268478241	1;2;3;4;5;6;7;8;9;10;11;12	0	0	0	0
670	268478242	1;2;3;4;5;6;7;8;9;10;11;12	0	0	0	0
671	268478243	1;2;3;4;5;6;7;8;9;10;11;12	0	0	0	0
672	268478244	1;2;3;4;5;6;7;8;9;10;11;12	0	0	0	0
673	268478245	1;2;3;4;5;6;7;8;9;10;11;12	0	0	0	0
674	268478246	1;2;3;4;5;6;7;8;9;10;11;12	0	0	0	0
675	268478247	1;2;3;4;5;6;7;8;9;10;11;12	0	0	0	0
676	268478248	1;2;3;4;5;6;7;8;9;10;11;12	0	0	0	0
677	268478249	1;2;3;4;5;6;7;8;9;10;11;12	0	0	0	0
678	268478250	1;2;3;4;5;6;7;8;9;10;11;12	0	0	0	0
679	268478251	1;2;3;4;5;6;7;8;9;10;11;12	0	0	0	0
680	268478252	1;2;3;4;5;6;7;8;9;10;11;12	0	0	0	0
681	268478253	1;2;3;4;5;6;7;8;9;10;11;12	0	0	0	0
682	268478254	1;2;3;4;5;6;7;8;9;10;11;12	0	0	0	0
683	268478255	1;2;3;4;5;6;7;8;9;10;11;12	0	0	0	0
684	268478256	1;2;3;4;5;6;7;8;9;10;11;12	0	0	0	0
685	268478257	1;2;3;4;5;6;7;8;9;10;11;12	0	0	0	0
686	268478258	1;2;3;4;5;6;7;8;9;10;11;12	0	0	0	0
687	268478259	1;2;3;4;5;6;7;8;9;10;11;12	0	0	0	0
688	268478260	1;2;3;4;5;6;7;8;9;10;11;12	0	0	0	0
689	268478261	1;2;3;4;5;6;7;8;9;10;11;12	0	0	0	0
690	268478262	1;2;3;4;5;6;7;8;9;10;11;12	0	0	0	0
691	268478263	1;2;3;4;5;6;7;8;9;10;11;12	0	0	0	0
692	268478264	1;2;3;4;5;6;7;8;9;10;11;12	0	0	0	0
693	268478265	1;2;3;4;5;6;7;8;9;10;11;12	0	0	0	0
694	268478266	1;2;3;4;5;6;7;8;9;10;11;12	0	0	0	0
695	268478267	1;2;3;4;5;6;7;8;9;10;11;12	0	0	0	0
696	268478268	1;2;3;4;5;6;7;8;9;10;11;12	0	0	0	0
697	268478269	1;2;3;4;5;6;7;8;9;10;11;12	0	0	0	0
698	268478270	1;2;3;4;5;6;7;8;9;10;11;12	0	0	0	0
699	268478271	1;2;3;4;5;6;7;8;9;10;11;12	0	0	0	0
700	268478272	1;2;3;4;5;6;7;8;9;10;11;12	0	0	0	0
701	268478273	1;2;3;4;5;6;7;8;9;10;11;12	0	0	0	0
702	268478274	1;2;3;4;5;6;7;8;9;10;11;12	0	0	0	0
703	268478275	1;2;3;4;5;6;7;8;9;10;11;12	0	0	0	0
704	268478276	1;2;3;4;5;6;7;8;9;10;11;12	0	0	0	0
705	268478277	1;2;3;4;5;6;7;8;9;10;11;12	0	0	0	0
706	268478278	1;2;3;4;5;6;7;8;9;10;11;12	0	0	0	0
707	268478279	1;2;3;4;5;6;7;8;9;10;11;12	0	0	0	0
708	268478280	1;2;3;4;5;6;7;8;9;10;11;12	0	0	0	0
709	268478281	1;2;3;4;5;6;7;8;9;10;11;12	0	0	0	0
710	268478282	1;2;3;4;5;6;7;8;9;10;11;12	0	0	0	0
711	268478283	1;2;3;4;5;6;7;8;9;10;11;12	0	0	0	0
712	268478284	1;2;3;4;5;6;7;8;9;10;11;12	0	0	0	0
713	268478285	1;2;3;4;5;6;7;8;9;10;11;12	0	0	0	0
714	268478286	1;2;3;4;5;6;7;8;9;10;11;12	0	0	0	0
715	268478287	1;2;3;4;5;6;7;8;9;10;11;12	0	0	0	0
716	268478288	1;2;3;4;5;6;7;8;9;10;11;12	0	0	0	0
717	268478289	1;2;3;4;5;6;7;8;9;10;11;12	0	0	0	0
718	268478290	1;2;3;4;5;6;7;8;9;10;11;12	0	0	0	0
719	268478291	1;2;3;4;5;6;7;8;9;10;11;12	0	0	0	0
720	268478292	1;2;3;4;5;6;7;8;9;10;11;12	0	0	0	0
721	268478293	1;2;3;4;5;6;7;8;9;10;11;12	0	0	0	0
722	268478294	1;2;3;4;5;6;7;8;9;10;11;12	0	0	0	0
723	268478295	1;2;3;4;5;6;7;8;9;10;11;12	0	0	0	0
724	268478296	1;2;3;4;5;6;7;8;9;10;11;12	0	0	0	0
725	268478297	1;2;3;4;5;6;7;8;9;10;11;12	0	0	0	0
726	268478298	1;2;3;4;5;6;7;8;9;10;11;12	0	0	0	0
727	268478299	1;2;3;4;5;6;7;8;9;10;11;12	0	0	0	0
728	268478300	1;2;3;4;5;6;7;8;9;10;11;12	0	0	0	0
729	268478301	1;2;3;4;5;6;7;8;9;10;11;12	0	0	0	0
730	268478302	1;2;3;4;5;6;7;8;9;10;11;12	0	0	0	0
731	268478303	1;2;3;4;5;6;7;8;9;10;11;12	0	0	0	0
732	268478304	1;2;3;4;5;6;7;8;9;10;11;12	0	0	0	0
733	268478305	1;2;3;4;5;6;7;8;9;10;11;12	0	0	0	0
734	268478306	1;2;3;4;5;6;7;8;9;10;11;12	0	0	0	0
735	268478307	1;2;3;4;5;6;7;8;9;10;11;12	0	0	0	0
736	268478308	1;2;3;4;5;6;7;8;9;10;11;12	0	0	0	0
737	268478309	1;2;3;4;5;6;7;8;9;10;11;12	0	0	0	0
738	268478310	1;2;3;4;5;6;7;8;9;10;11;12	0	0	0	0
739	268478311	1;2;3;4;5;6;7;8;9;10;11;12	0	0	0	0
740	268478312	1;2;3;4;5;6;7;8;9;10;11;12	0	0	0	0
741	268478313	1;2;3;4;5;6;7;8;9;10;11;12	0	0	0	0
742	268478314	1;2;3;4;5;6;7;8;9;10;11;12	0	0	0	0
743	268478315	1;2;3;4;5;6;7;8;9;10;11;12	0	0	0	0
744	268478316	1;2;3;4;5;6;7;8;9;10;11;12	0	0	0	0
745	268478317	1;2;3;4;5;6;7;8;9;10;11;12	0	0	0	0
746	268478318	1;2;3;4;5;6;7;8;9;10;11;12	0	0	0	0
747	268478319	1;2;3;4;5;6;7;8;9;10;11;12	0	0	0	0
748	268478320	1;2;3;4;5;6;7;8;9;10;11;12	0	0	0	0
749	268478321	1;2;3;4;5;6;7;8;9;10;11;12	0	0	0	0
750	268478322	1;2;3;4;5;6;7;8;9;10;11;12	0	0	0	0
751	268478323	1;2;3;4;5;6;7;8;9;10;11;12	0	0	0	0
752	268477143	1;2;3;4;5;6;7;8;9;10;11;12	0	0	0	0
753	268478324	1;2;3;4;5;6;7;8;9;10;11;12	0	0	0	0
754	268478325	1;2;3;4;5;6;7;8;9;10;11;12	0	0	0	0
755	268478326	1;2;3;4;5;6;7;8;9;10;11;12	0	0	0	0
756	268478327	1;2;3;4;5;6;7;8;9;10;11;12	0	0	0	0
757	268478328	1;2;3;4;5;6;7;8;9;10;11;12	0	0	0	0
758	268478336	1;2;3;4;5;6;7;8;9;10;11;12	0	0	0	0
759	268478337	1;2;3;4;5;6;7;8;9;10;11;12	0	0	0	0
760	268478338	1;2;3;4;5;6;7;8;9;10;11;12	0	0	0	0
761	268478339	1;2;3;4;5;6;7;8;9;10;11;12	0	0	0	0
762	268478340	1;2;3;4;5;6;7;8;9;10;11;12	0	0	0	0
763	268478341	1;2;3;4;5;6;7;8;9;10;11;12	0	0	0	0
764	268478342	1;2;3;4;5;6;7;8;9;10;11;12	0	0	0	0
765	268478343	1;2;3;4;5;6;7;8;9;10;11;12	0	0	0	0
766	268478344	1;2;3;4;5;6;7;8;9;10;11;12	0	0	0	0
767	268478345	1;2;3;4;5;6;7;8;9;10;11;12	0	0	0	0
768	268478346	1;2;3;4;5;6;7;8;9;10;11;12	0	0	0	0
769	268478347	1;2;3;4;5;6;7;8;9;10;11;12	0	0	0	0
770	268478348	1;2;3;4;5;6;7;8;9;10;11;12	0	0	0	0
771	268478349	1;2;3;4;5;6;7;8;9;10;11;12	0	0	0	0
772	268478350	1;2;3;4;5;6;7;8;9;10;11;12	0	0	0	0
773	268478351	1;2;3;4;5;6;7;8;9;10;11;12	0	0	0	0
774	268478352	1;2;3;4;5;6;7;8;9;10;11;12	0	0	0	0
775	268478353	1;2;3;4;5;6;7;8;9;10;11;12	0	0	0	0
776	268478354	1;2;3;4;5;6;7;8;9;10;11;12	0	0	0	0
777	268478355	1;2;3;4;5;6;7;8;9;10;11;12	0	0	0	0
778	268478356	1;2;3;4;5;6;7;8;9;10;11;12	0	0	0	0
779	268478357	1;2;3;4;5;6;7;8;9;10;11;12	0	0	0	0
780	268478358	1;2;3;4;5;6;7;8;9;10;11;12	0	0	0	0
781	268478359	1;2;3;4;5;6;7;8;9;10;11;12	0	0	0	0
782	268478360	1;2;3;4;5;6;7;8;9;10;11;12	0	0	0	0
783	268470007	1;2;3;4;5;6;7;8;9;10;11;12	0	0	0	0
784	268478361	1;2;3;4;5;6;7;8;9;10;11;12	0	0	0	0
785	268478362	1;2;3;4;5;6;7;8;9;10;11;12	0	0	0	0
786	268478363	1;2;3;4;5;6;7;8;9;10;11;12	0	0	0	0
787	268478364	1;2;3;4;5;6;7;8;9;10;11;12	0	0	0	0
788	268478365	1;2;3;4;5;6;7;8;9;10;11;12	0	0	0	0
789	268478366	1;2;3;4;5;6;7;8;9;10;11;12	0	0	0	0
790	268478367	1;2;3;4;5;6;7;8;9;10;11;12	0	0	0	0
791	268478368	1;2;3;4;5;6;7;8;9;10;11;12	0	0	0	0
792	268478369	1;2;3;4;5;6;7;8;9;10;11;12	0	0	0	0
793	268478370	1;2;3;4;5;6;7;8;9;10;11;12	0	0	0	0
794	268478371	1;2;3;4;5;6;7;8;9;10;11;12	0	0	0	0
795	268478372	1;2;3;4;5;6;7;8;9;10;11;12	0	0	0	0
796	268478373	1;2;3;4;5;6;7;8;9;10;11;12	0	0	0	0
797	268478374	1;2;3;4;5;6;7;8;9;10;11;12	0	0	0	0
798	268478375	1;2;3;4;5;6;7;8;9;10;11;12	0	0	0	0
799	268478376	1;2;3;4;5;6;7;8;9;10;11;12	0	0	0	0
800	268478377	1;2;3;4;5;6;7;8;9;10;11;12	0	0	0	0
801	268478378	1;2;3;4;5;6;7;8;9;10;11;12	0	0	0	0
802	268478379	1;2;3;4;5;6;7;8;9;10;11;12	0	0	0	0
803	268478380	1;2;3;4;5;6;7;8;9;10;11;12	0	0	0	0
804	268478381	1;2;3;4;5;6;7;8;9;10;11;12	0	0	0	0
805	268478382	1;2;3;4;5;6;7;8;9;10;11;12	0	0	0	0
806	268478383	1;2;3;4;5;6;7;8;9;10;11;12	0	0	0	0
807	268478384	1;2;3;4;5;6;7;8;9;10;11;12	0	0	0	0
808	268478385	1;2;3;4;5;6;7;8;9;10;11;12	0	0	0	0
809	268478386	1;2;3;4;5;6;7;8;9;10;11;12	0	0	0	0
810	268478387	1;2;3;4;5;6;7;8;9;10;11;12	0	0	0	0
811	268478388	1;2;3;4;5;6;7;8;9;10;11;12	0	0	0	0
812	268478389	1;2;3;4;5;6;7;8;9;10;11;12	0	0	0	0
813	268478390	1;2;3;4;5;6;7;8;9;10;11;12	0	0	0	0
814	268478391	1;2;3;4;5;6;7;8;9;10;11;12	0	0	0	0
815	268478392	1;2;3;4;5;6;7;8;9;10;11;12	0	0	0	0
816	268478394	1;2;3;4;5;6;7;8;9;10;11;12	0	0	0	0
817	268478395	1;2;3;4;5;6;7;8;9;10;11;12	0	0	0	0
818	268478396	1;2;3;4;5;6;7;8;9;10;11;12	0	0	0	0
819	268478393	1;2;3;4;5;6;7;8;9;10;11;12	0	0	0	0
820	268478846	1;2;3;4;5;6;7;8;9;10;11;12	0	0	0	0
821	268478847	1;2;3;4;5;6;7;8;9;10;11;12	0	0	0	0
822	268478848	1;2;3;4;5;6;7;8;9;10;11;12	0	0	0	0
823	268478849	1;2;3;4;5;6;7;8;9;10;11;12	0	0	0	0
824	268479789	1;2;3;4;5;6;7;8;9;10;11;12	0	0	0	0
825	268479790	1;2;3;4;5;6;7;8;9;10;11;12	0	0	0	0
826	268479836	1;2;3;4;5;6;7;8;9;10;11;12	0	0	0	0
827	268479837	1;2;3;4;5;6;7;8;9;10;11;12	0	0	0	0
828	268479838	1;2;3;4;5;6;7;8;9;10;11;12	0	0	0	0
829	268479839	1;2;3;4;5;6;7;8;9;10;11;12	0	0	0	0
830	268479840	1;2;3;4;5;6;7;8;9;10;11;12	0	0	0	0
831	268479841	1;2;3;4;5;6;7;8;9;10;11;12	0	0	0	0
832	268479842	1;2;3;4;5;6;7;8;9;10;11;12	0	0	0	0
833	268479843	1;2;3;4;5;6;7;8;9;10;11;12	0	0	0	0
834	268479844	1;2;3;4;5;6;7;8;9;10;11;12	0	0	0	0
835	268479845	1;2;3;4;5;6;7;8;9;10;11;12	0	0	0	0
836	268479846	1;2;3;4;5;6;7;8;9;10;11;12	0	0	0	0
837	268479847	1;2;3;4;5;6;7;8;9;10;11;12	0	0	0	0
838	268479848	1;2;3;4;5;6;7;8;9;10;11;12	0	0	0	0
839	268479849	1;2;3;4;5;6;7;8;9;10;11;12	0	0	0	0
840	268479850	1;2;3;4;5;6;7;8;9;10;11;12	0	0	0	0
841	268479851	1;2;3;4;5;6;7;8;9;10;11;12	0	0	0	0
842	268479852	1;2;3;4;5;6;7;8;9;10;11;12	0	0	0	0
843	268479853	1;2;3;4;5;6;7;8;9;10;11;12	0	0	0	0
844	268479854	1;2;3;4;5;6;7;8;9;10;11;12	0	0	0	0
845	268479855	1;2;3;4;5;6;7;8;9;10;11;12	0	0	0	0
846	268479856	1;2;3;4;5;6;7;8;9;10;11;12	0	0	0	0
847	268479857	1;2;3;4;5;6;7;8;9;10;11;12	0	0	0	0
848	268479858	1;2;3;4;5;6;7;8;9;10;11;12	0	0	0	0
849	268479859	1;2;3;4;5;6;7;8;9;10;11;12	0	0	0	0
850	268479860	1;2;3;4;5;6;7;8;9;10;11;12	0	0	0	0
851	268479861	1;2;3;4;5;6;7;8;9;10;11;12	0	0	0	0
852	268479862	1;2;3;4;5;6;7;8;9;10;11;12	0	0	0	0
853	268479863	1;2;3;4;5;6;7;8;9;10;11;12	0	0	0	0
854	268479864	1;2;3;4;5;6;7;8;9;10;11;12	0	0	0	0
855	268479865	1;2;3;4;5;6;7;8;9;10;11;12	0	0	0	0
856	268479866	1;2;3;4;5;6;7;8;9;10;11;12	0	0	0	0
857	268479867	1;2;3;4;5;6;7;8;9;10;11;12	0	0	0	0
858	268479868	1;2;3;4;5;6;7;8;9;10;11;12	0	0	0	0
859	268479869	1;2;3;4;5;6;7;8;9;10;11;12	0	0	0	0
860	268479870	1;2;3;4;5;6;7;8;9;10;11;12	0	0	0	0
861	268479871	1;2;3;4;5;6;7;8;9;10;11;12	0	0	0	0
862	268479872	1;2;3;4;5;6;7;8;9;10;11;12	0	0	0	0
863	268479873	1;2;3;4;5;6;7;8;9;10;11;12	0	0	0	0
864	268479874	1;2;3;4;5;6;7;8;9;10;11;12	0	0	0	0
865	268479875	1;2;3;4;5;6;7;8;9;10;11;12	0	0	0	0
866	268479876	1;2;3;4;5;6;7;8;9;10;11;12	0	0	0	0
867	268479877	1;2;3;4;5;6;7;8;9;10;11;12	0	0	0	0
868	268479878	1;2;3;4;5;6;7;8;9;10;11;12	0	0	0	0
869	268479879	1;2;3;4;5;6;7;8;9;10;11;12	0	0	0	0
870	268479880	1;2;3;4;5;6;7;8;9;10;11;12	0	0	0	0
871	268479881	1;2;3;4;5;6;7;8;9;10;11;12	0	0	0	0
872	268479882	1;2;3;4;5;6;7;8;9;10;11;12	0	0	0	0
873	268479883	1;2;3;4;5;6;7;8;9;10;11;12	0	0	0	0
874	268479884	1;2;3;4;5;6;7;8;9;10;11;12	0	0	0	0
875	268479885	1;2;3;4;5;6;7;8;9;10;11;12	0	0	0	0
876	268479886	1;2;3;4;5;6;7;8;9;10;11;12	0	0	0	0
877	268479887	1;2;3;4;5;6;7;8;9;10;11;12	0	0	0	0
878	268479888	1;2;3;4;5;6;7;8;9;10;11;12	0	0	0	0
879	268479889	1;2;3;4;5;6;7;8;9;10;11;12	0	0	0	0
880	268479890	1;2;3;4;5;6;7;8;9;10;11;12	0	0	0	0
881	268479891	1;2;3;4;5;6;7;8;9;10;11;12	0	0	0	0
882	268479892	1;2;3;4;5;6;7;8;9;10;11;12	0	0	0	0
883	268479893	1;2;3;4;5;6;7;8;9;10;11;12	0	0	0	0
884	268479894	1;2;3;4;5;6;7;8;9;10;11;12	0	0	0	0
885	268479895	1;2;3;4;5;6;7;8;9;10;11;12	0	0	0	0
886	268479896	1;2;3;4;5;6;7;8;9;10;11;12	0	0	0	0
887	268479897	1;2;3;4;5;6;7;8;9;10;11;12	0	0	0	0
888	268479898	1;2;3;4;5;6;7;8;9;10;11;12	0	0	0	0
889	268479899	1;2;3;4;5;6;7;8;9;10;11;12	0	0	0	0
890	268479900	1;2;3;4;5;6;7;8;9;10;11;12	0	0	0	0
891	268479901	1;2;3;4;5;6;7;8;9;10;11;12	0	0	0	0
892	268479902	1;2;3;4;5;6;7;8;9;10;11;12	0	0	0	0
893	268479903	1;2;3;4;5;6;7;8;9;10;11;12	0	0	0	0
894	268479904	1;2;3;4;5;6;7;8;9;10;11;12	0	0	0	0
895	268479905	1;2;3;4;5;6;7;8;9;10;11;12	0	0	0	0
896	268479906	1;2;3;4;5;6;7;8;9;10;11;12	0	0	0	0
897	268479907	1;2;3;4;5;6;7;8;9;10;11;12	0	0	0	0
898	268479908	1;2;3;4;5;6;7;8;9;10;11;12	0	0	0	0
899	268479909	1;2;3;4;5;6;7;8;9;10;11;12	0	0	0	0
900	268479910	1;2;3;4;5;6;7;8;9;10;11;12	0	0	0	0
901	268479911	1;2;3;4;5;6;7;8;9;10;11;12	0	0	0	0
902	268479912	1;2;3;4;5;6;7;8;9;10;11;12	0	0	0	0
903	268479913	1;2;3;4;5;6;7;8;9;10;11;12	0	0	0	0
904	268479914	1;2;3;4;5;6;7;8;9;10;11;12	0	0	0	0
905	268479915	1;2;3;4;5;6;7;8;9;10;11;12	0	0	0	0
906	268479916	1;2;3;4;5;6;7;8;9;10;11;12	0	0	0	0
907	268479917	1;2;3;4;5;6;7;8;9;10;11;12	0	0	0	0
908	268479918	1;2;3;4;5;6;7;8;9;10;11;12	0	0	0	0
909	268479919	1;2;3;4;5;6;7;8;9;10;11;12	0	0	0	0
910	268479920	1;2;3;4;5;6;7;8;9;10;11;12	0	0	0	0
911	268479921	1;2;3;4;5;6;7;8;9;10;11;12	0	0	0	0
912	268479922	1;2;3;4;5;6;7;8;9;10;11;12	0	0	0	0
913	268479923	1;2;3;4;5;6;7;8;9;10;11;12	0	0	0	0
914	268479924	1;2;3;4;5;6;7;8;9;10;11;12	0	0	0	0
915	268479925	1;2;3;4;5;6;7;8;9;10;11;12	0	0	0	0
916	268479926	1;2;3;4;5;6;7;8;9;10;11;12	0	0	0	0
917	268479927	1;2;3;4;5;6;7;8;9;10;11;12	0	0	0	0
918	268479928	1;2;3;4;5;6;7;8;9;10;11;12	0	0	0	0
919	268479929	1;2;3;4;5;6;7;8;9;10;11;12	0	0	0	0
920	268479930	1;2;3;4;5;6;7;8;9;10;11;12	0	0	0	0
921	268479931	1;2;3;4;5;6;7;8;9;10;11;12	0	0	0	0
922	268479932	1;2;3;4;5;6;7;8;9;10;11;12	0	0	0	0
923	268479933	1;2;3;4;5;6;7;8;9;10;11;12	0	0	0	0
924	268479934	1;2;3;4;5;6;7;8;9;10;11;12	0	0	0	0
925	268479935	1;2;3;4;5;6;7;8;9;10;11;12	0	0	0	0
926	268479936	1;2;3;4;5;6;7;8;9;10;11;12	0	0	0	0
927	268479937	1;2;3;4;5;6;7;8;9;10;11;12	0	0	0	0
928	268479938	1;2;3;4;5;6;7;8;9;10;11;12	0	0	0	0
929	268479939	1;2;3;4;5;6;7;8;9;10;11;12	0	0	0	0
930	268479940	1;2;3;4;5;6;7;8;9;10;11;12	0	0	0	0
931	268479941	1;2;3;4;5;6;7;8;9;10;11;12	0	0	0	0
932	268479942	1;2;3;4;5;6;7;8;9;10;11;12	0	0	0	0
933	268479943	1;2;3;4;5;6;7;8;9;10;11;12	0	0	0	0
934	268479944	1;2;3;4;5;6;7;8;9;10;11;12	0	0	0	0
935	268479945	1;2;3;4;5;6;7;8;9;10;11;12	0	0	0	0
936	268479946	1;2;3;4;5;6;7;8;9;10;11;12	0	0	0	0
937	268479947	1;2;3;4;5;6;7;8;9;10;11;12	0	0	0	0
938	268479948	1;2;3;4;5;6;7;8;9;10;11;12	0	0	0	0
939	268479949	1;2;3;4;5;6;7;8;9;10;11;12	0	0	0	0
940	268479950	1;2;3;4;5;6;7;8;9;10;11;12	0	0	0	0
941	268479951	1;2;3;4;5;6;7;8;9;10;11;12	0	0	0	0
942	268479952	1;2;3;4;5;6;7;8;9;10;11;12	0	0	0	0
943	268479953	1;2;3;4;5;6;7;8;9;10;11;12	0	0	0	0
944	268479954	1;2;3;4;5;6;7;8;9;10;11;12	0	0	0	0
945	268479955	1;2;3;4;5;6;7;8;9;10;11;12	0	0	0	0
946	268479956	1;2;3;4;5;6;7;8;9;10;11;12	0	0	0	0
947	268479957	1;2;3;4;5;6;7;8;9;10;11;12	0	0	0	0
948	268479958	1;2;3;4;5;6;7;8;9;10;11;12	0	0	0	0
949	268479959	1;2;3;4;5;6;7;8;9;10;11;12	0	0	0	0
950	268479960	1;2;3;4;5;6;7;8;9;10;11;12	0	0	0	0
951	268479961	1;2;3;4;5;6;7;8;9;10;11;12	0	0	0	0
952	268479962	1;2;3;4;5;6;7;8;9;10;11;12	0	0	0	0
953	268479963	1;2;3;4;5;6;7;8;9;10;11;12	0	0	0	0
954	268479964	1;2;3;4;5;6;7;8;9;10;11;12	0	0	0	0
955	268479965	1;2;3;4;5;6;7;8;9;10;11;12	0	0	0	0
956	268479966	1;2;3;4;5;6;7;8;9;10;11;12	0	0	0	0
957	268479967	1;2;3;4;5;6;7;8;9;10;11;12	0	0	0	0
958	268479968	1;2;3;4;5;6;7;8;9;10;11;12	0	0	0	0
959	268479969	1;2;3;4;5;6;7;8;9;10;11;12	0	0	0	0
960	268479970	1;2;3;4;5;6;7;8;9;10;11;12	0	0	0	0
961	268479971	1;2;3;4;5;6;7;8;9;10;11;12	0	0	0	0
962	268479972	1;2;3;4;5;6;7;8;9;10;11;12	0	0	0	0
963	268479973	1;2;3;4;5;6;7;8;9;10;11;12	0	0	0	0
964	268479974	1;2;3;4;5;6;7;8;9;10;11;12	0	0	0	0
965	268479975	1;2;3;4;5;6;7;8;9;10;11;12	0	0	0	0
966	268479976	1;2;3;4;5;6;7;8;9;10;11;12	0	0	0	0
967	268479977	1;2;3;4;5;6;7;8;9;10;11;12	0	0	0	0
968	268479978	1;2;3;4;5;6;7;8;9;10;11;12	0	0	0	0
969	268479979	1;2;3;4;5;6;7;8;9;10;11;12	0	0	0	0
970	268479980	1;2;3;4;5;6;7;8;9;10;11;12	0	0	0	0
971	268479981	1;2;3;4;5;6;7;8;9;10;11;12	0	0	0	0
972	268479982	1;2;3;4;5;6;7;8;9;10;11;12	0	0	0	0
973	268479983	1;2;3;4;5;6;7;8;9;10;11;12	0	0	0	0
974	268479984	1;2;3;4;5;6;7;8;9;10;11;12	0	0	0	0
975	268479985	1;2;3;4;5;6;7;8;9;10;11;12	0	0	0	0
976	268479986	1;2;3;4;5;6;7;8;9;10;11;12	0	0	0	0
977	268479987	1;2;3;4;5;6;7;8;9;10;11;12	0	0	0	0
978	268479988	1;2;3;4;5;6;7;8;9;10;11;12	0	0	0	0
979	268479989	1;2;3;4;5;6;7;8;9;10;11;12	0	0	0	0
980	268479990	1;2;3;4;5;6;7;8;9;10;11;12	0	0	0	0
981	268479991	1;2;3;4;5;6;7;8;9;10;11;12	0	0	0	0
982	268479992	1;2;3;4;5;6;7;8;9;10;11;12	0	0	0	0
983	268479993	1;2;3;4;5;6;7;8;9;10;11;12	0	0	0	0
984	268479994	1;2;3;4;5;6;7;8;9;10;11;12	0	0	0	0
985	268479995	1;2;3;4;5;6;7;8;9;10;11;12	0	0	0	0
986	268479996	1;2;3;4;5;6;7;8;9;10;11;12	0	0	0	0
987	268479997	1;2;3;4;5;6;7;8;9;10;11;12	0	0	0	0
988	268479998	1;2;3;4;5;6;7;8;9;10;11;12	0	0	0	0
989	268479999	1;2;3;4;5;6;7;8;9;10;11;12	0	0	0	0
990	268480000	1;2;3;4;5;6;7;8;9;10;11;12	0	0	0	0
991	268480001	1;2;3;4;5;6;7;8;9;10;11;12	0	0	0	0
992	268480002	1;2;3;4;5;6;7;8;9;10;11;12	0	0	0	0
993	268480003	1;2;3;4;5;6;7;8;9;10;11;12	0	0	0	0
994	268480030	1;2;3;4;5;6;7;8;9;10;11;12	0	0	0	0
995	268480031	1;2;3;4;5;6;7;8;9;10;11;12	0	0	0	0
996	268480032	1;2;3;4;5;6;7;8;9;10;11;12	0	0	0	0
997	268480033	1;2;3;4;5;6;7;8;9;10;11;12	0	0	0	0
998	268480034	1;2;3;4;5;6;7;8;9;10;11;12	0	0	0	0
999	268480035	1;2;3;4;5;6;7;8;9;10;11;12	0	0	0	0
1000	268480036	1;2;3;4;5;6;7;8;9;10;11;12	0	0	0	0
1001	268480037	1;2;3;4;5;6;7;8;9;10;11;12	0	0	0	0
1002	268480038	1;2;3;4;5;6;7;8;9;10;11;12	0	0	0	0
1003	268480039	1;2;3;4;5;6;7;8;9;10;11;12	0	0	0	0
1004	268480040	1;2;3;4;5;6;7;8;9;10;11;12	0	0	0	0
1005	268480041	1;2;3;4;5;6;7;8;9;10;11;12	0	0	0	0
1006	268480042	1;2;3;4;5;6;7;8;9;10;11;12	0	0	0	0
1007	268480043	1;2;3;4;5;6;7;8;9;10;11;12	0	0	0	0
1008	268480044	1;2;3;4;5;6;7;8;9;10;11;12	0	0	0	0
1009	268480045	1;2;3;4;5;6;7;8;9;10;11;12	0	0	0	0
1010	268480046	1;2;3;4;5;6;7;8;9;10;11;12	0	0	0	0
1011	268480047	1;2;3;4;5;6;7;8;9;10;11;12	0	0	0	0
1012	268480048	1;2;3;4;5;6;7;8;9;10;11;12	0	0	0	0
1013	268480049	1;2;3;4;5;6;7;8;9;10;11;12	0	0	0	0
1014	268480050	1;2;3;4;5;6;7;8;9;10;11;12	0	0	0	0
1015	268480051	1;2;3;4;5;6;7;8;9;10;11;12	0	0	0	0
1016	268480052	1;2;3;4;5;6;7;8;9;10;11;12	0	0	0	0
1017	268480053	1;2;3;4;5;6;7;8;9;10;11;12	0	0	0	0
1018	268480054	1;2;3;4;5;6;7;8;9;10;11;12	0	0	0	0
1019	268480055	1;2;3;4;5;6;7;8;9;10;11;12	0	0	0	0
1020	268480056	1;2;3;4;5;6;7;8;9;10;11;12	0	0	0	0
1021	268480057	1;2;3;4;5;6;7;8;9;10;11;12	0	0	0	0
1022	268480058	1;2;3;4;5;6;7;8;9;10;11;12	0	0	0	0
1023	268480059	1;2;3;4;5;6;7;8;9;10;11;12	0	0	0	0
1024	268480060	1;2;3;4;5;6;7;8;9;10;11;12	0	0	0	0
1025	268480061	1;2;3;4;5;6;7;8;9;10;11;12	0	0	0	0
1026	268480062	1;2;3;4;5;6;7;8;9;10;11;12	0	0	0	0
1027	268480063	1;2;3;4;5;6;7;8;9;10;11;12	0	0	0	0
1028	268480064	1;2;3;4;5;6;7;8;9;10;11;12	0	0	0	0
1029	268480065	1;2;3;4;5;6;7;8;9;10;11;12	0	0	0	0
1030	268480066	1;2;3;4;5;6;7;8;9;10;11;12	0	0	0	0
1031	268480067	1;2;3;4;5;6;7;8;9;10;11;12	0	0	0	0
1032	268480068	1;2;3;4;5;6;7;8;9;10;11;12	0	0	0	0
1033	268480069	1;2;3;4;5;6;7;8;9;10;11;12	0	0	0	0
1034	268480070	1;2;3;4;5;6;7;8;9;10;11;12	0	0	0	0
1035	268480071	1;2;3;4;5;6;7;8;9;10;11;12	0	0	0	0
1036	268480072	1;2;3;4;5;6;7;8;9;10;11;12	0	0	0	0
1037	268480073	1;2;3;4;5;6;7;8;9;10;11;12	0	0	0	0
1038	268480074	1;2;3;4;5;6;7;8;9;10;11;12	0	0	0	0
1039	268480075	1;2;3;4;5;6;7;8;9;10;11;12	0	0	0	0
1040	268480076	1;2;3;4;5;6;7;8;9;10;11;12	0	0	0	0
1041	268480077	1;2;3;4;5;6;7;8;9;10;11;12	0	0	0	0
1042	268480078	1;2;3;4;5;6;7;8;9;10;11;12	0	0	0	0
1043	268480079	1;2;3;4;5;6;7;8;9;10;11;12	0	0	0	0
1044	268480080	1;2;3;4;5;6;7;8;9;10;11;12	0	0	0	0
1045	268480081	1;2;3;4;5;6;7;8;9;10;11;12	0	0	0	0
1046	268480082	1;2;3;4;5;6;7;8;9;10;11;12	0	0	0	0
1047	268480083	1;2;3;4;5;6;7;8;9;10;11;12	0	0	0	0
1048	268480084	1;2;3;4;5;6;7;8;9;10;11;12	0	0	0	0
1049	268480085	1;2;3;4;5;6;7;8;9;10;11;12	0	0	0	0
1050	268480086	1;2;3;4;5;6;7;8;9;10;11;12	0	0	0	0
1051	268480087	1;2;3;4;5;6;7;8;9;10;11;12	0	0	0	0
1052	268480088	1;2;3;4;5;6;7;8;9;10;11;12	0	0	0	0
1053	268480089	1;2;3;4;5;6;7;8;9;10;11;12	0	0	0	0
1054	268480090	1;2;3;4;5;6;7;8;9;10;11;12	0	0	0	0
1055	268480091	1;2;3;4;5;6;7;8;9;10;11;12	0	0	0	0
1056	268480092	1;2;3;4;5;6;7;8;9;10;11;12	0	0	0	0
1057	268480093	1;2;3;4;5;6;7;8;9;10;11;12	0	0	0	0
1058	268480094	1;2;3;4;5;6;7;8;9;10;11;12	0	0	0	0
1059	268480095	1;2;3;4;5;6;7;8;9;10;11;12	0	0	0	0
1060	268480096	1;2;3;4;5;6;7;8;9;10;11;12	0	0	0	0
1061	268480097	1;2;3;4;5;6;7;8;9;10;11;12	0	0	0	0
1062	268480098	1;2;3;4;5;6;7;8;9;10;11;12	0	0	0	0
1063	268480099	1;2;3;4;5;6;7;8;9;10;11;12	0	0	0	0
1064	268480100	1;2;3;4;5;6;7;8;9;10;11;12	0	0	0	0
1065	268480955	1;2;3;4;5;6;7;8;9;10;11;12	0	0	0	0
1066	268480956	1;2;3;4;5;6;7;8;9;10;11;12	0	0	0	0
1067	268480957	1;2;3;4;5;6;7;8;9;10;11;12	0	0	0	0
1068	268480958	1;2;3;4;5;6;7;8;9;10;11;12	0	0	0	0
1069	268480959	1;2;3;4;5;6;7;8;9;10;11;12	0	0	0	0
1070	268480960	1;2;3;4;5;6;7;8;9;10;11;12	0	0	0	0
1071	268480961	1;2;3;4;5;6;7;8;9;10;11;12	0	0	0	0
1072	268480962	1;2;3;4;5;6;7;8;9;10;11;12	0	0	0	0
1073	268480963	1;2;3;4;5;6;7;8;9;10;11;12	0	0	0	0
1074	268480964	1;2;3;4;5;6;7;8;9;10;11;12	0	0	0	0
1075	268480965	1;2;3;4;5;6;7;8;9;10;11;12	0	0	0	0
1076	268480966	1;2;3;4;5;6;7;8;9;10;11;12	0	0	0	0
1077	268480967	1;2;3;4;5;6;7;8;9;10;11;12	0	0	0	0
1078	268480945	1;2;3;4;5;6;7;8;9;10;11;12	0	0	0	0
1079	268480946	1;2;3;4;5;6;7;8;9;10;11;12	0	0	0	0
1080	268480947	1;2;3;4;5;6;7;8;9;10;11;12	0	0	0	0
1081	268480948	1;2;3;4;5;6;7;8;9;10;11;12	0	0	0	0
1082	268480949	1;2;3;4;5;6;7;8;9;10;11;12	0	0	0	0
1083	268480950	1;2;3;4;5;6;7;8;9;10;11;12	0	0	0	0
1084	268480951	1;2;3;4;5;6;7;8;9;10;11;12	0	0	0	0
1085	268480952	1;2;3;4;5;6;7;8;9;10;11;12	0	0	0	0
1086	268480953	1;2;3;4;5;6;7;8;9;10;11;12	0	0	0	0
1087	268480954	1;2;3;4;5;6;7;8;9;10;11;12	0	0	0	0
1088	268480933	1;2;3;4;5;6;7;8;9;10;11;12	0	0	0	0
1089	268480934	1;2;3;4;5;6;7;8;9;10;11;12	0	0	0	0
1090	268480935	1;2;3;4;5;6;7;8;9;10;11;12	0	0	0	0
1091	268480936	1;2;3;4;5;6;7;8;9;10;11;12	0	0	0	0
1092	268480937	1;2;3;4;5;6;7;8;9;10;11;12	0	0	0	0
1093	268480938	1;2;3;4;5;6;7;8;9;10;11;12	0	0	0	0
1094	268480939	1;2;3;4;5;6;7;8;9;10;11;12	0	0	0	0
1095	268480940	1;2;3;4;5;6;7;8;9;10;11;12	0	0	0	0
1096	268480941	1;2;3;4;5;6;7;8;9;10;11;12	0	0	0	0
1097	268480942	1;2;3;4;5;6;7;8;9;10;11;12	0	0	0	0
1098	268480943	1;2;3;4;5;6;7;8;9;10;11;12	0	0	0	0
1099	268480944	1;2;3;4;5;6;7;8;9;10;11;12	0	0	0	0
1100	268480968	1;2;3;4;5;6;7;8;9;10;11;12	0	0	0	0
1101	268480969	1;2;3;4;5;6;7;8;9;10;11;12	0	0	0	0
1102	268480970	1;2;3;4;5;6;7;8;9;10;11;12	0	0	0	0
1103	268480971	1;2;3;4;5;6;7;8;9;10;11;12	0	0	0	0
1104	268480972	1;2;3;4;5;6;7;8;9;10;11;12	0	0	0	0
1105	268480973	1;2;3;4;5;6;7;8;9;10;11;12	0	0	0	0
1106	268480974	1;2;3;4;5;6;7;8;9;10;11;12	0	0	0	0
1107	268480975	1;2;3;4;5;6;7;8;9;10;11;12	0	0	0	0
1108	268480976	1;2;3;4;5;6;7;8;9;10;11;12	0	0	0	0
1109	268480977	1;2;3;4;5;6;7;8;9;10;11;12	0	0	0	0
1110	268480978	1;2;3;4;5;6;7;8;9;10;11;12	0	0	0	0
1111	268480986	1;2;3;4;5;6;7;8;9;10;11;12	0	0	0	0
1112	268480987	1;2;3;4;5;6;7;8;9;10;11;12	0	0	0	0
1113	268480988	1;2;3;4;5;6;7;8;9;10;11;12	0	0	0	0
1114	268480989	1;2;3;4;5;6;7;8;9;10;11;12	0	0	0	0
1115	268480982	1;2;3;4;5;6;7;8;9;10;11;12	0	0	0	0
1116	268480983	1;2;3;4;5;6;7;8;9;10;11;12	0	0	0	0
1117	268480984	1;2;3;4;5;6;7;8;9;10;11;12	0	0	0	0
1118	268480985	1;2;3;4;5;6;7;8;9;10;11;12	0	0	0	0
1119	268480980	1;2;3;4;5;6;7;8;9;10;11;12	0	0	0	0
1120	268480981	1;2;3;4;5;6;7;8;9;10;11;12	0	0	0	0
1121	268480990	1;2;3;4;5;6;7;8;9;10;11;12	0	0	0	0
1122	268480991	1;2;3;4;5;6;7;8;9;10;11;12	0	0	0	0
1123	268480992	1;2;3;4;5;6;7;8;9;10;11;12	0	0	0	0
1124	268480993	1;2;3;4;5;6;7;8;9;10;11;12	0	0	0	0
1125	268481005	1;2;3;4;5;6;7;8;9;10;11;12	0	0	0	0
1126	268481006	1;2;3;4;5;6;7;8;9;10;11;12	0	0	0	0
1127	268481007	1;2;3;4;5;6;7;8;9;10;11;12	0	0	0	0
1128	268481008	1;2;3;4;5;6;7;8;9;10;11;12	0	0	0	0
1129	268481009	1;2;3;4;5;6;7;8;9;10;11;12	0	0	0	0
1130	268481010	1;2;3;4;5;6;7;8;9;10;11;12	0	0	0	0
1131	268481011	1;2;3;4;5;6;7;8;9;10;11;12	0	0	0	0
1132	268481012	1;2;3;4;5;6;7;8;9;10;11;12	0	0	0	0
1133	268481013	1;2;3;4;5;6;7;8;9;10;11;12	0	0	0	0
1134	268481014	1;2;3;4;5;6;7;8;9;10;11;12	0	0	0	0
1135	268481015	1;2;3;4;5;6;7;8;9;10;11;12	0	0	0	0
1136	268481016	1;2;3;4;5;6;7;8;9;10;11;12	0	0	0	0
1137	268481017	1;2;3;4;5;6;7;8;9;10;11;12	0	0	0	0
1138	268481018	1;2;3;4;5;6;7;8;9;10;11;12	0	0	0	0
1139	268481019	1;2;3;4;5;6;7;8;9;10;11;12	0	0	0	0
1140	268481020	1;2;3;4;5;6;7;8;9;10;11;12	0	0	0	0
1141	268481021	1;2;3;4;5;6;7;8;9;10;11;12	0	0	0	0
1142	268481022	1;2;3;4;5;6;7;8;9;10;11;12	0	0	0	0
1143	268481023	1;2;3;4;5;6;7;8;9;10;11;12	0	0	0	0
1144	268481024	1;2;3;4;5;6;7;8;9;10;11;12	0	0	0	0
1145	268481025	1;2;3;4;5;6;7;8;9;10;11;12	0	0	0	0
1146	268481026	1;2;3;4;5;6;7;8;9;10;11;12	0	0	0	0
1147	268481027	1;2;3;4;5;6;7;8;9;10;11;12	0	0	0	0
1148	268481028	1;2;3;4;5;6;7;8;9;10;11;12	0	0	0	0
1149	268481029	1;2;3;4;5;6;7;8;9;10;11;12	0	0	0	0
1150	268481030	1;2;3;4;5;6;7;8;9;10;11;12	0	0	0	0
1151	268481031	1;2;3;4;5;6;7;8;9;10;11;12	0	0	0	0
1152	268481032	1;2;3;4;5;6;7;8;9;10;11;12	0	0	0	0
1153	268481033	1;2;3;4;5;6;7;8;9;10;11;12	0	0	0	0
1154	268481034	1;2;3;4;5;6;7;8;9;10;11;12	0	0	0	0
1155	268481035	1;2;3;4;5;6;7;8;9;10;11;12	0	0	0	0
1156	268481036	1;2;3;4;5;6;7;8;9;10;11;12	0	0	0	0
1157	268481037	1;2;3;4;5;6;7;8;9;10;11;12	0	0	0	0
1158	268481038	1;2;3;4;5;6;7;8;9;10;11;12	0	0	0	0
1159	268481212	1;2;3;4;5;6;7;8;9;10;11;12	0	0	0	0
1160	268481349	1;2;3;4;5;6;7;8;9;10;11;12	0	0	0	0
1161	268481350	1;2;3;4;5;6;7;8;9;10;11;12	0	0	0	0
1162	268481351	1;2;3;4;5;6;7;8;9;10;11;12	0	0	0	0
1163	268481352	1;2;3;4;5;6;7;8;9;10;11;12	0	0	0	0
1164	268481353	1;2;3;4;5;6;7;8;9;10;11;12	0	0	0	0
1165	268481354	1;2;3;4;5;6;7;8;9;10;11;12	0	0	0	0
1166	268481355	1;2;3;4;5;6;7;8;9;10;11;12	0	0	0	0
1167	268481356	1;2;3;4;5;6;7;8;9;10;11;12	0	0	0	0
1168	268481388	1;2;3;4;5;6;7;8;9;10;11;12	0	0	0	0
1169	268481389	1;2;3;4;5;6;7;8;9;10;11;12	0	0	0	0
1170	268481390	1;2;3;4;5;6;7;8;9;10;11;12	0	0	0	0
1171	268481391	1;2;3;4;5;6;7;8;9;10;11;12	0	0	0	0
1172	268481392	1;2;3;4;5;6;7;8;9;10;11;12	0	0	0	0
1173	268481393	1;2;3;4;5;6;7;8;9;10;11;12	0	0	0	0
1174	268481442	1;2;3;4;5;6;7;8;9;10;11;12	0	0	0	0
1175	268481443	1;2;3;4;5;6;7;8;9;10;11;12	0	0	0	0
1176	268481444	1;2;3;4;5;6;7;8;9;10;11;12	0	0	0	0
1177	268481445	1;2;3;4;5;6;7;8;9;10;11;12	0	0	0	0
1178	268481446	1;2;3;4;5;6;7;8;9;10;11;12	0	0	0	0
1179	268481447	1;2;3;4;5;6;7;8;9;10;11;12	0	0	0	0
1180	268481509	1;2;3;4;5;6;7;8;9;10;11;12	0	0	0	0
1181	268481510	1;2;3;4;5;6;7;8;9;10;11;12	0	0	0	0
1182	268481511	1;2;3;4;5;6;7;8;9;10;11;12	0	0	0	0
1183	268481512	1;2;3;4;5;6;7;8;9;10;11;12	0	0	0	0
1184	268481513	1;2;3;4;5;6;7;8;9;10;11;12	0	0	0	0
1185	268481514	1;2;3;4;5;6;7;8;9;10;11;12	0	0	0	0
1186	268483775	1;2;3;4;5;6;7;8;9;10;11;12	0	0	0	0
1187	268483776	1;2;3;4;5;6;7;8;9;10;11;12	0	0	0	0
1188	268483777	1;2;3;4;5;6;7;8;9;10;11;12	0	0	0	0
1189	268483778	1;2;3;4;5;6;7;8;9;10;11;12	0	0	0	0
1190	268483779	1;2;3;4;5;6;7;8;9;10;11;12	0	0	0	0
1191	268483780	1;2;3;4;5;6;7;8;9;10;11;12	0	0	0	0
1192	268483781	1;2;3;4;5;6;7;8;9;10;11;12	0	0	0	0
1193	268483782	1;2;3;4;5;6;7;8;9;10;11;12	0	0	0	0
1194	268483783	1;2;3;4;5;6;7;8;9;10;11;12	0	0	0	0
1195	268483784	1;2;3;4;5;6;7;8;9;10;11;12	0	0	0	0
1196	268483785	1;2;3;4;5;6;7;8;9;10;11;12	0	0	0	0
1197	268483865	1;2;3;4;5;6;7;8;9;10;11;12	0	0	0	0
1198	268483866	1;2;3;4;5;6;7;8;9;10;11;12	0	0	0	0
1199	268483867	1;2;3;4;5;6;7;8;9;10;11;12	0	0	0	0
1200	268483868	1;2;3;4;5;6;7;8;9;10;11;12	0	0	0	0
1201	268483869	1;2;3;4;5;6;7;8;9;10;11;12	0	0	0	0
1202	268483870	1;2;3;4;5;6;7;8;9;10;11;12	0	0	0	0
1203	268483871	1;2;3;4;5;6;7;8;9;10;11;12	0	0	0	0
1204	268483872	1;2;3;4;5;6;7;8;9;10;11;12	0	0	0	0
1205	268483873	1;2;3;4;5;6;7;8;9;10;11;12	0	0	0	0
1206	268483874	1;2;3;4;5;6;7;8;9;10;11;12	0	0	0	0
1207	268483875	1;2;3;4;5;6;7;8;9;10;11;12	0	0	0	0
1208	268483876	1;2;3;4;5;6;7;8;9;10;11;12	0	0	0	0
1209	268483877	1;2;3;4;5;6;7;8;9;10;11;12	0	0	0	0
1210	268483878	1;2;3;4;5;6;7;8;9;10;11;12	0	0	0	0
1211	268483879	1;2;3;4;5;6;7;8;9;10;11;12	0	0	0	0
1212	268483880	1;2;3;4;5;6;7;8;9;10;11;12	0	0	0	0
1213	268483881	1;2;3;4;5;6;7;8;9;10;11;12	0	0	0	0
1214	268483882	1;2;3;4;5;6;7;8;9;10;11;12	0	0	0	0
1215	268483883	1;2;3;4;5;6;7;8;9;10;11;12	0	0	0	0
1216	268483884	1;2;3;4;5;6;7;8;9;10;11;12	0	0	0	0
1217	268483885	1;2;3;4;5;6;7;8;9;10;11;12	0	0	0	0
1218	268483886	1;2;3;4;5;6;7;8;9;10;11;12	0	0	0	0
1219	268483887	1;2;3;4;5;6;7;8;9;10;11;12	0	0	0	0
1220	268483888	1;2;3;4;5;6;7;8;9;10;11;12	0	0	0	0
1221	268483889	1;2;3;4;5;6;7;8;9;10;11;12	0	0	0	0
1222	268483890	1;2;3;4;5;6;7;8;9;10;11;12	0	0	0	0
1223	268483891	1;2;3;4;5;6;7;8;9;10;11;12	0	0	0	0
1224	268483892	1;2;3;4;5;6;7;8;9;10;11;12	0	0	0	0
1225	268483893	1;2;3;4;5;6;7;8;9;10;11;12	0	0	0	0
1226	268483894	1;2;3;4;5;6;7;8;9;10;11;12	0	0	0	0
1227	268483895	1;2;3;4;5;6;7;8;9;10;11;12	0	0	0	0
1228	268483896	1;2;3;4;5;6;7;8;9;10;11;12	0	0	0	0
1229	268483897	1;2;3;4;5;6;7;8;9;10;11;12	0	0	0	0
1230	268483898	1;2;3;4;5;6;7;8;9;10;11;12	0	0	0	0
1231	268483899	1;2;3;4;5;6;7;8;9;10;11;12	0	0	0	0
1232	268483900	1;2;3;4;5;6;7;8;9;10;11;12	0	0	0	0
1233	268483901	1;2;3;4;5;6;7;8;9;10;11;12	0	0	0	0
1234	268483902	1;2;3;4;5;6;7;8;9;10;11;12	0	0	0	0
1235	268483903	1;2;3;4;5;6;7;8;9;10;11;12	0	0	0	0
1236	268483904	1;2;3;4;5;6;7;8;9;10;11;12	0	0	0	0
1237	268483905	1;2;3;4;5;6;7;8;9;10;11;12	0	0	0	0
1238	268483906	1;2;3;4;5;6;7;8;9;10;11;12	0	0	0	0
1239	268483907	1;2;3;4;5;6;7;8;9;10;11;12	0	0	0	0
1240	268483908	1;2;3;4;5;6;7;8;9;10;11;12	0	0	0	0
1241	268483909	1;2;3;4;5;6;7;8;9;10;11;12	0	0	0	0
1242	268483910	1;2;3;4;5;6;7;8;9;10;11;12	0	0	0	0
1243	268483911	1;2;3;4;5;6;7;8;9;10;11;12	0	0	0	0
1244	268483912	1;2;3;4;5;6;7;8;9;10;11;12	0	0	0	0
1245	268483913	1;2;3;4;5;6;7;8;9;10;11;12	0	0	0	0
1246	268483914	1;2;3;4;5;6;7;8;9;10;11;12	0	0	0	0
1247	268483915	1;2;3;4;5;6;7;8;9;10;11;12	0	0	0	0
1248	268483916	1;2;3;4;5;6;7;8;9;10;11;12	0	0	0	0
1249	268483917	1;2;3;4;5;6;7;8;9;10;11;12	0	0	0	0
1250	268483918	1;2;3;4;5;6;7;8;9;10;11;12	0	0	0	0
1251	268483919	1;2;3;4;5;6;7;8;9;10;11;12	0	0	0	0
1252	268483920	1;2;3;4;5;6;7;8;9;10;11;12	0	0	0	0
1253	268483921	1;2;3;4;5;6;7;8;9;10;11;12	0	0	0	0
1254	268483922	1;2;3;4;5;6;7;8;9;10;11;12	0	0	0	0
1255	268483923	1;2;3;4;5;6;7;8;9;10;11;12	0	0	0	0
1256	268483924	1;2;3;4;5;6;7;8;9;10;11;12	0	0	0	0
1257	268483925	1;2;3;4;5;6;7;8;9;10;11;12	0	0	0	0
1258	268483926	1;2;3;4;5;6;7;8;9;10;11;12	0	0	0	0
1259	268483927	1;2;3;4;5;6;7;8;9;10;11;12	0	0	0	0
1260	268483928	1;2;3;4;5;6;7;8;9;10;11;12	0	0	0	0
1261	268483929	1;2;3;4;5;6;7;8;9;10;11;12	0	0	0	0
1262	268483932	1;2;3;4;5;6;7;8;9;10;11;12	0	0	0	0
1263	268483933	1;2;3;4;5;6;7;8;9;10;11;12	0	0	0	0
1264	268483934	1;2;3;4;5;6;7;8;9;10;11;12	0	0	0	0
1265	268483935	1;2;3;4;5;6;7;8;9;10;11;12	0	0	0	0
1266	268483936	1;2;3;4;5;6;7;8;9;10;11;12	0	0	0	0
1267	268483937	1;2;3;4;5;6;7;8;9;10;11;12	0	0	0	0
1268	268483938	1;2;3;4;5;6;7;8;9;10;11;12	0	0	0	0
1269	268483939	1;2;3;4;5;6;7;8;9;10;11;12	0	0	0	0
1270	268483940	1;2;3;4;5;6;7;8;9;10;11;12	0	0	0	0
1271	268483941	1;2;3;4;5;6;7;8;9;10;11;12	0	0	0	0
1272	268483942	1;2;3;4;5;6;7;8;9;10;11;12	0	0	0	0
1273	268483943	1;2;3;4;5;6;7;8;9;10;11;12	0	0	0	0
1274	268483944	1;2;3;4;5;6;7;8;9;10;11;12	0	0	0	0
1275	268483945	1;2;3;4;5;6;7;8;9;10;11;12	0	0	0	0
1276	268483946	1;2;3;4;5;6;7;8;9;10;11;12	0	0	0	0
1277	268483947	1;2;3;4;5;6;7;8;9;10;11;12	0	0	0	0
1278	268483948	1;2;3;4;5;6;7;8;9;10;11;12	0	0	0	0
1279	268483949	1;2;3;4;5;6;7;8;9;10;11;12	0	0	0	0
1280	268483950	1;2;3;4;5;6;7;8;9;10;11;12	0	0	0	0
1281	268483951	1;2;3;4;5;6;7;8;9;10;11;12	0	0	0	0
1282	268483952	1;2;3;4;5;6;7;8;9;10;11;12	0	0	0	0
1283	268483953	1;2;3;4;5;6;7;8;9;10;11;12	0	0	0	0
1284	268483954	1;2;3;4;5;6;7;8;9;10;11;12	0	0	0	0
1285	268483955	1;2;3;4;5;6;7;8;9;10;11;12	0	0	0	0
1286	268483956	1;2;3;4;5;6;7;8;9;10;11;12	0	0	0	0
1287	268483957	1;2;3;4;5;6;7;8;9;10;11;12	0	0	0	0
1288	268483958	1;2;3;4;5;6;7;8;9;10;11;12	0	0	0	0
1289	268483960	1;2;3;4;5;6;7;8;9;10;11;12	0	0	0	0
1290	268483962	1;2;3;4;5;6;7;8;9;10;11;12	0	0	0	0
1291	268483963	1;2;3;4;5;6;7;8;9;10;11;12	0	0	0	0
1292	268483964	1;2;3;4;5;6;7;8;9;10;11;12	0	0	0	0
1293	268483965	1;2;3;4;5;6;7;8;9;10;11;12	0	0	0	0
1294	268483966	1;2;3;4;5;6;7;8;9;10;11;12	0	0	0	0
1295	268483967	1;2;3;4;5;6;7;8;9;10;11;12	0	0	0	0
1296	268483968	1;2;3;4;5;6;7;8;9;10;11;12	0	0	0	0
1297	268483969	1;2;3;4;5;6;7;8;9;10;11;12	0	0	0	0
1298	268483970	1;2;3;4;5;6;7;8;9;10;11;12	0	0	0	0
1299	268483971	1;2;3;4;5;6;7;8;9;10;11;12	0	0	0	0
1300	268484195	1;2;3;4;5;6;7;8;9;10;11;12	0	0	0	0
1301	268484196	1;2;3;4;5;6;7;8;9;10;11;12	0	0	0	0
1302	268484239	1;2;3;4;5;6;7;8;9;10;11;12	0	0	0	0
1303	268484240	1;2;3;4;5;6;7;8;9;10;11;12	0	0	0	0
1304	268484241	1;2;3;4;5;6;7;8;9;10;11;12	0	0	0	0
1305	268484242	1;2;3;4;5;6;7;8;9;10;11;12	0	0	0	0
1306	268484243	1;2;3;4;5;6;7;8;9;10;11;12	0	0	0	0
1307	268484244	1;2;3;4;5;6;7;8;9;10;11;12	0	0	0	0
1308	268484245	1;2;3;4;5;6;7;8;9;10;11;12	0	0	0	0
1309	268484246	1;2;3;4;5;6;7;8;9;10;11;12	0	0	0	0
1310	268484247	1;2;3;4;5;6;7;8;9;10;11;12	0	0	0	0
1311	268484248	1;2;3;4;5;6;7;8;9;10;11;12	0	0	0	0
1312	268484249	1;2;3;4;5;6;7;8;9;10;11;12	0	0	0	0
1313	268484250	1;2;3;4;5;6;7;8;9;10;11;12	0	0	0	0
1314	268484251	1;2;3;4;5;6;7;8;9;10;11;12	0	0	0	0
1315	268484252	1;2;3;4;5;6;7;8;9;10;11;12	0	0	0	0
1316	268484253	1;2;3;4;5;6;7;8;9;10;11;12	0	0	0	0
1317	268484254	1;2;3;4;5;6;7;8;9;10;11;12	0	0	0	0
1318	268484255	1;2;3;4;5;6;7;8;9;10;11;12	0	0	0	0
1319	268484256	1;2;3;4;5;6;7;8;9;10;11;12	0	0	0	0
1320	268484257	1;2;3;4;5;6;7;8;9;10;11;12	0	0	0	0
1321	268484258	1;2;3;4;5;6;7;8;9;10;11;12	0	0	0	0
1322	268484259	1;2;3;4;5;6;7;8;9;10;11;12	0	0	0	0
1323	268484260	1;2;3;4;5;6;7;8;9;10;11;12	0	0	0	0
1324	268484261	1;2;3;4;5;6;7;8;9;10;11;12	0	0	0	0
1325	268484262	1;2;3;4;5;6;7;8;9;10;11;12	0	0	0	0
1326	268484263	1;2;3;4;5;6;7;8;9;10;11;12	0	0	0	0
1327	268484264	1;2;3;4;5;6;7;8;9;10;11;12	0	0	0	0
1328	268484265	1;2;3;4;5;6;7;8;9;10;11;12	0	0	0	0
1329	268484266	1;2;3;4;5;6;7;8;9;10;11;12	0	0	0	0
1330	268484267	1;2;3;4;5;6;7;8;9;10;11;12	0	0	0	0
1331	268484268	1;2;3;4;5;6;7;8;9;10;11;12	0	0	0	0
1332	268484269	1;2;3;4;5;6;7;8;9;10;11;12	0	0	0	0
1333	268484270	1;2;3;4;5;6;7;8;9;10;11;12	0	0	0	0
1334	268484271	1;2;3;4;5;6;7;8;9;10;11;12	0	0	0	0
1335	268484272	1;2;3;4;5;6;7;8;9;10;11;12	0	0	0	0
1336	268484273	1;2;3;4;5;6;7;8;9;10;11;12	0	0	0	0
1337	268484274	1;2;3;4;5;6;7;8;9;10;11;12	0	0	0	0
1338	268484275	1;2;3;4;5;6;7;8;9;10;11;12	0	0	0	0
1339	268484276	1;2;3;4;5;6;7;8;9;10;11;12	0	0	0	0
1340	268484277	1;2;3;4;5;6;7;8;9;10;11;12	0	0	0	0
1341	268484278	1;2;3;4;5;6;7;8;9;10;11;12	0	0	0	0
1342	268484279	1;2;3;4;5;6;7;8;9;10;11;12	0	0	0	0
1343	268484280	1;2;3;4;5;6;7;8;9;10;11;12	0	0	0	0
1344	268484281	1;2;3;4;5;6;7;8;9;10;11;12	0	0	0	0
1345	268484282	1;2;3;4;5;6;7;8;9;10;11;12	0	0	0	0
1346	268484283	1;2;3;4;5;6;7;8;9;10;11;12	0	0	0	0
1347	268484284	1;2;3;4;5;6;7;8;9;10;11;12	0	0	0	0
1348	268484285	1;2;3;4;5;6;7;8;9;10;11;12	0	0	0	0
1349	268484287	1;2;3;4;5;6;7;8;9;10;11;12	0	0	0	0
1350	268484288	1;2;3;4;5;6;7;8;9;10;11;12	0	0	0	0
1351	268476358	1;2;3;4;5;6;7;8;9;10;11;12	0	0	0	0
1352	268484290	1;2;3;4;5;6;7;8;9;10;11;12	0	0	0	0
1353	268484291	1;2;3;4;5;6;7;8;9;10;11;12	0	0	0	0
1354	268484292	1;2;3;4;5;6;7;8;9;10;11;12	0	0	0	0
1355	268484293	1;2;3;4;5;6;7;8;9;10;11;12	0	0	0	0
1356	268484294	1;2;3;4;5;6;7;8;9;10;11;12	0	0	0	0
1357	268484295	1;2;3;4;5;6;7;8;9;10;11;12	0	0	0	0
1358	268484296	1;2;3;4;5;6;7;8;9;10;11;12	0	0	0	0
1359	268484297	1;2;3;4;5;6;7;8;9;10;11;12	0	0	0	0
1360	268484298	1;2;3;4;5;6;7;8;9;10;11;12	0	0	0	0
1361	268484299	1;2;3;4;5;6;7;8;9;10;11;12	0	0	0	0
1362	268484300	1;2;3;4;5;6;7;8;9;10;11;12	0	0	0	0
1363	268484301	1;2;3;4;5;6;7;8;9;10;11;12	0	0	0	0
1364	268484302	1;2;3;4;5;6;7;8;9;10;11;12	0	0	0	0
1365	268484303	1;2;3;4;5;6;7;8;9;10;11;12	0	0	0	0
1366	268484304	1;2;3;4;5;6;7;8;9;10;11;12	0	0	0	0
1367	268484305	1;2;3;4;5;6;7;8;9;10;11;12	0	0	0	0
1368	268484306	1;2;3;4;5;6;7;8;9;10;11;12	0	0	0	0
1369	268484307	1;2;3;4;5;6;7;8;9;10;11;12	0	0	0	0
1370	268484308	1;2;3;4;5;6;7;8;9;10;11;12	0	0	0	0
1371	268484310	1;2;3;4;5;6;7;8;9;10;11;12	0	0	0	0
1372	268484321	1;2;3;4;5;6;7;8;9;10;11;12	0	0	0	0
1373	268484322	1;2;3;4;5;6;7;8;9;10;11;12	0	0	0	0
1374	268484323	1;2;3;4;5;6;7;8;9;10;11;12	0	0	0	0
1375	268484324	1;2;3;4;5;6;7;8;9;10;11;12	0	0	0	0
1376	268484325	1;2;3;4;5;6;7;8;9;10;11;12	0	0	0	0
1377	268484326	1;2;3;4;5;6;7;8;9;10;11;12	0	0	0	0
1378	268484327	1;2;3;4;5;6;7;8;9;10;11;12	0	0	0	0
1379	268484328	1;2;3;4;5;6;7;8;9;10;11;12	0	0	0	0
1380	268484329	1;2;3;4;5;6;7;8;9;10;11;12	0	0	0	0
1381	268484330	1;2;3;4;5;6;7;8;9;10;11;12	0	0	0	0
1382	268484331	1;2;3;4;5;6;7;8;9;10;11;12	0	0	0	0
1383	268484332	1;2;3;4;5;6;7;8;9;10;11;12	0	0	0	0
1384	268484337	1;2;3;4;5;6;7;8;9;10;11;12	0	0	0	0
1385	268484338	1;2;3;4;5;6;7;8;9;10;11;12	0	0	0	0
1386	268484339	1;2;3;4;5;6;7;8;9;10;11;12	0	0	0	0
1387	268484346	1;2;3;4;5;6;7;8;9;10;11;12	0	0	0	0
1388	268484347	1;2;3;4;5;6;7;8;9;10;11;12	0	0	0	0
1389	268484348	1;2;3;4;5;6;7;8;9;10;11;12	0	0	0	0
1390	268484350	1;2;3;4;5;6;7;8;9;10;11;12	0	0	0	0
1391	268484351	1;2;3;4;5;6;7;8;9;10;11;12	0	0	0	0
1392	268484352	1;2;3;4;5;6;7;8;9;10;11;12	0	0	0	0
1393	268484289	1;2;3;4;5;6;7;8;9;10;11;12	0	0	0	0
1394	268484454	1;2;3;4;5;6;7;8;9;10;11;12	0	0	0	0
1395	268484455	1;2;3;4;5;6;7;8;9;10;11;12	0	0	0	0
1396	268484478	1;2;3;4;5;6;7;8;9;10;11;12	0	0	0	0
1397	268484647	1;2;3;4;5;6;7;8;9;10;11;12	0	0	0	0
1398	268484680	1;2;3;4;5;6;7;8;9;10;11;12	0	0	0	0
1399	268484681	1;2;3;4;5;6;7;8;9;10;11;12	0	0	0	0
1400	268484685	1;2;3;4;5;6;7;8;9;10;11;12	0	0	0	0
1401	268484686	1;2;3;4;5;6;7;8;9;10;11;12	0	0	0	0
1402	268484687	1;2;3;4;5;6;7;8;9;10;11;12	0	0	0	0
1403	268484688	1;2;3;4;5;6;7;8;9;10;11;12	0	0	0	0
1404	268484689	1;2;3;4;5;6;7;8;9;10;11;12	0	0	0	0
1405	268484690	1;2;3;4;5;6;7;8;9;10;11;12	0	0	0	0
1406	268484691	1;2;3;4;5;6;7;8;9;10;11;12	0	0	0	0
1407	268484692	1;2;3;4;5;6;7;8;9;10;11;12	0	0	0	0
1408	268484693	1;2;3;4;5;6;7;8;9;10;11;12	0	0	0	0
1409	268484694	1;2;3;4;5;6;7;8;9;10;11;12	0	0	0	0
1410	268484695	1;2;3;4;5;6;7;8;9;10;11;12	0	0	0	0
1411	268484696	1;2;3;4;5;6;7;8;9;10;11;12	0	0	0	0
1412	268484697	1;2;3;4;5;6;7;8;9;10;11;12	0	0	0	0
1413	268484698	1;2;3;4;5;6;7;8;9;10;11;12	0	0	0	0
1414	268484699	1;2;3;4;5;6;7;8;9;10;11;12	0	0	0	0
1415	268484700	1;2;3;4;5;6;7;8;9;10;11;12	0	0	0	0
1416	268484744	1;2;3;4;5;6;7;8;9;10;11;12	0	0	0	0
1417	268484745	1;2;3;4;5;6;7;8;9;10;11;12	0	0	0	0
1418	268484800	1;2;3;4;5;6;7;8;9;10;11;12	0	0	0	0
1419	268484801	1;2;3;4;5;6;7;8;9;10;11;12	0	0	0	0
1420	268484802	1;2;3;4;5;6;7;8;9;10;11;12	0	0	0	0
1421	268484803	1;2;3;4;5;6;7;8;9;10;11;12	0	0	0	0
1422	268484804	1;2;3;4;5;6;7;8;9;10;11;12	0	0	0	0
1423	268484805	1;2;3;4;5;6;7;8;9;10;11;12	0	0	0	0
1424	268484806	1;2;3;4;5;6;7;8;9;10;11;12	0	0	0	0
1425	268484872	1;2;3;4;5;6;7;8;9;10;11;12	0	0	0	0
1426	268484873	1;2;3;4;5;6;7;8;9;10;11;12	0	0	0	0
1427	268484874	1;2;3;4;5;6;7;8;9;10;11;12	0	0	0	0
1428	268484918	1;2;3;4;5;6;7;8;9;10;11;12	0	0	0	0
1429	268484919	1;2;3;4;5;6;7;8;9;10;11;12	0	0	0	0
1430	268484920	1;2;3;4;5;6;7;8;9;10;11;12	0	0	0	0
1431	268484921	1;2;3;4;5;6;7;8;9;10;11;12	0	0	0	0
1432	268484922	1;2;3;4;5;6;7;8;9;10;11;12	0	0	0	0
1433	268484923	1;2;3;4;5;6;7;8;9;10;11;12	0	0	0	0
1434	268484924	1;2;3;4;5;6;7;8;9;10;11;12	0	0	0	0
1435	268484925	1;2;3;4;5;6;7;8;9;10;11;12	0	0	0	0
1436	268484926	1;2;3;4;5;6;7;8;9;10;11;12	0	0	0	0
1437	268484927	1;2;3;4;5;6;7;8;9;10;11;12	0	0	0	0
1438	268484928	1;2;3;4;5;6;7;8;9;10;11;12	0	0	0	0
1439	268484930	1;2;3;4;5;6;7;8;9;10;11;12	0	0	0	0
1440	268484943	1;2;3;4;5;6;7;8;9;10;11;12	0	0	0	0
1441	268484944	1;2;3;4;5;6;7;8;9;10;11;12	0	0	0	0
1442	268484945	1;2;3;4;5;6;7;8;9;10;11;12	0	0	0	0
1443	268484946	1;2;3;4;5;6;7;8;9;10;11;12	0	0	0	0
1444	268484947	1;2;3;4;5;6;7;8;9;10;11;12	0	0	0	0
1445	268484950	1;2;3;4;5;6;7;8;9;10;11;12	0	0	0	0
1446	268487692	1;2;3;4;5;6;7;8;9;10;11;12	0	0	0	0
1447	268487693	1;2;3;4;5;6;7;8;9;10;11;12	0	0	0	0
1448	268487694	1;2;3;4;5;6;7;8;9;10;11;12	0	0	0	0
1449	268487695	1;2;3;4;5;6;7;8;9;10;11;12	0	0	0	0
1450	268487696	1;2;3;4;5;6;7;8;9;10;11;12	0	0	0	0
1451	268488005	1;2;3;4;5;6;7;8;9;10;11;12	0	0	0	0
1452	268488697	1;2;3;4;5;6;7;8;9;10;11;12	0	0	0	0
1453	268470066	1;2;3;4;5;6;7;8;9;10;11;12	0	0	0	0
1454	268489531	1;2;3;4;5;6;7;8;9;10;11;12	0	0	0	0
1455	268489532	1;2;3;4;5;6;7;8;9;10;11;12	0	0	0	0
1456	268489673	1;2;3;4;5;6;7;8;9;10;11;12	0	0	0	0
1457	268489674	1;2;3;4;5;6;7;8;9;10;11;12	0	0	0	0
1458	268489675	1;2;3;4;5;6;7;8;9;10;11;12	0	0	0	0
1459	268489719	1;2;3;4;5;6;7;8;9;10;11;12	0	0	0	0
1460	268490495	1;2;3;4;5;6;7;8;9;10;11;12	0	0	0	0
1461	268490578	1;2;3;4;5;6;7;8;9;10;11;12				
1462	268490661	1;2;3;4;5;6;7;8;9;10;11;12	0	0	0	0
1463	268493823	1;2;3;4;5;6;7;8;9;10;11;12	0	0	0	0
1464	268493822	1;2;3;4;5;6;7;8;9;10;11;12	0	0	0	0
1465	268498548	1;2;3;4;5;6;7;8;9;10;11;12	0	0	0	0
1466	268499859	1;2;3;4;5;6;7;8;9;10;11;12	0	0	0	0
1467	268499891	1;2;3;4;5;6;7;8;9;10;11;12	0	0	0	0
1468	268499892	1;2;3;4;5;6;7;8;9;10;11;12	0	0	0	0
