ROWID	_NameID|INTEGER	_DescriptionID|INTEGER	_NameIDParam|TEXT	_DescriptionIDParam|TEXT	_Type|INTEGER	_TypeParam1|INTEGER	_TypeParam2|INTEGER	_TypeParam3|INTEGER	_Potential1|INTEGER	_Potential2|INTEGER	_Potential3|INTEGER	_Potential4|INTEGER	_Potential5|INTEGER	_Potential6|INTEGER	_Potential7|INTEGER	_Potential8|INTEGER	_Potential9|INTEGER	_Potential10|INTEGER	_LevelLimit|INTEGER	_HeroLevelLimit|INTEGER	_NeedJobClass|TEXT	_Rank|INTEGER	_OverlapCount|INTEGER	_IconImageIndex|INTEGER	_Amount|INTEGER	_SellAmount|INTEGER	_State1|INTEGER	_State1_GenProb|FLOAT	_State1_Min|TEXT	_State1_Max|TEXT	_State2|INTEGER	_State2_GenProb|FLOAT	_State2_Min|TEXT	_State2_Max|TEXT	_State3|INTEGER	_State3_GenProb|FLOAT	_State3_Min|TEXT	_State3_Max|TEXT	_State4|INTEGER	_State4_GenProb|FLOAT	_State4_Min|TEXT	_State4_Max|TEXT	_State5|INTEGER	_State5_GenProb|FLOAT	_State5_Min|TEXT	_State5_Max|TEXT	_State6|INTEGER	_State6_GenProb|FLOAT	_State6_Min|TEXT	_State6_Max|TEXT	_State7|INTEGER	_State7_GenProb|FLOAT	_State7_Min|TEXT	_State7_Max|TEXT	_State8|INTEGER	_State8_GenProb|FLOAT	_State8_Min|TEXT	_State8_Max|TEXT	_State9|INTEGER	_State9_GenProb|FLOAT	_State9_Min|TEXT	_State9_Max|TEXT	_State10|INTEGER	_State10_GenProb|FLOAT	_State10_Min|TEXT	_State10_Max|TEXT	_Skill_GenProb|FLOAT	_SkillID|INTEGER	_SkillLevel|INTEGER	_SkillUsingType|INTEGER	_Reversion|INTEGER	_SealCount|INTEGER	_IsAuthentication|BOOLEAN	_IsDestruction|BOOLEAN	_IsCash|BOOLEAN	_RootSound|INTEGER	_DragSound|INTEGER	_UseSound|INTEGER	_DropSkinName|INTEGER	_DropAniName|INTEGER	_DropActName|INTEGER	_EnchantID|INTEGER	_DisjointorType|INTEGER	_Disjointamount|INTEGER	_DisjointDrop1|INTEGER	_AllowMapTypes|INTEGER	_ShowAlarmDialog|BOOLEAN	_NeedPvPRank|INTEGER	_SealID|INTEGER	_IsSealed|BOOLEAN	_CashTradeCount|INTEGER	_Compose|BOOLEAN	_ComposeList|BOOLEAN	_ApplicableValue|INTEGER	_IsCollectingEvent|BOOLEAN	_ExchangeType|INTEGER	_UseLevelLimit|INTEGER	_IsRebuyable|BOOLEAN	_ItemCategoryType|INTEGER	_AbleWStorage|BOOLEAN	_isUse|BOOLEAN	_dragonjeweltype|INTEGER	_CashOverLabBuy|INTEGER	_ShowOldLabel|BOOLEAN	_TierName|INTEGER	_GearScore|INTEGER	_overlablimit|INTEGER	_AbleStorage|BOOLEAN	_CashDisjointGroup|INTEGER	_TooltipCharmNum|TEXT	_CloneSkillOn|INTEGER
348323841	1000003651	1000017040	{1000018410}	{1000018412},{1000018413}	2	0	0	0	0	0	0	0	0	0	0	0	0	0	1	0	0	1	1	13050	1000	10	0	0.0	0	0	0	0.0	0	0	0	0.0	0	0	0	0.0	0	0	0	0.0	0	0	0	0.0	0	0	0	0.0	0	0	0	0.0	0	0	0	0.0	0	0	0	0.0	0	0	0.0	0	1	0	0	0	false	true	false	0	0	0	4796	4795	4794	0	0	0	0	-1	false	0	0	false	0	false	false	0	false	15	0	true	0	false	true	0	0	false	0	0	0	true	0		0
348332033	1000004083	1000026386	{1000026383},{1000018411}	{1000018414},{1000020360}	55	100	0	0	0	0	0	0	0	0	0	0	0	0	1	0	0	0	9999	13051	1	1	0	0.0	0	0	0	0.0	0	0	0	0.0	0	0	0	0.0	0	0	0	0.0	0	0	0	0.0	0	0	0	0.0	0	0	0	0.0	0	0	0	0.0	0	0	0	0.0	0	0	0.0	0	1	0	0	0	false	true	false	0	0	0	4796	4795	4794	0	0	0	0	-1	false	0	0	false	0	false	false	0	false	15	0	true	0	false	true	0	0	false	0	0	0	true	0		0
348332034	1000004083	1000021220	{1000026384},{1000018411}	{1000018414},{1000020360}	55	1000	0	0	0	0	0	0	0	0	0	0	0	0	1	0	0	0	9999	13051	10	10	0	0.0	0	0	0	0.0	0	0	0	0.0	0	0	0	0.0	0	0	0	0.0	0	0	0	0.0	0	0	0	0.0	0	0	0	0.0	0	0	0	0.0	0	0	0	0.0	0	0	0.0	0	1	0	0	0	false	true	false	0	0	0	4796	4795	4794	0	0	0	0	-1	false	0	0	false	0	false	false	0	false	15	0	true	0	false	true	0	0	false	0	0	0	true	0		0
348332035	1000004083	1000026387	{1000026385},{1000018411}	{1000018414},{1000020360}	55	100000	0	0	0	0	0	0	0	0	0	0	0	0	1	0	0	0	9999	13051	1000	1000	0	0.0	0	0	0	0.0	0	0	0	0.0	0	0	0	0.0	0	0	0	0.0	0	0	0	0.0	0	0	0	0.0	0	0	0	0.0	0	0	0	0.0	0	0	0	0.0	0	0	0.0	0	1	0	0	0	false	true	false	0	0	0	4796	4795	4794	0	0	0	0	-1	false	0	0	false	0	false	false	0	false	15	0	true	0	false	true	0	0	false	0	0	0	true	0		0
348333057	1000003651	1000017040	{1000019835}	{1000018414},{1000020361}	57	10000	0	0	0	0	0	0	0	0	0	0	0	0	1	0	0	1	1	13052	100	0	0	0.0	0	0	0	0.0	0	0	0	0.0	0	0	0	0.0	0	0	0	0.0	0	0	0	0.0	0	0	0	0.0	0	0	0	0.0	0	0	0	0.0	0	0	0	0.0	0	0	0.0	0	1	0	0	0	false	true	true	0	0	0	4796	4795	4794	0	0	0	0	-1	false	0	0	false	0	false	false	0	false	32	0	true	0	false	true	0	0	false	0	0	0	true	0		0
348334081	1000003651	1000041391	{1000019836}	{1000018414},{1000020362}	54	30	0	0	0	0	0	0	0	0	0	0	0	0	24	0	0	2	1	13053	100	0	0	0.0	0	0	0	0.0	0	0	0	0.0	0	0	0	0.0	0	0	0	0.0	0	0	0	0.0	0	0	0	0.0	0	0	0	0.0	0	0	0	0.0	0	0	0	0.0	0	0	0.0	0	1	0	1	0	false	true	true	0	0	0	4796	4795	4794	0	0	0	0	-1	false	0	0	false	0	false	false	0	false	32	0	true	0	false	true	0	0	false	0	0	0	true	0		0
348334082	1000003651	1000032068	{1000032067}		54	0	0	0	0	0	0	0	0	0	0	0	0	0	1	0	0	1	1	13053	100	0	0	0.0	0	0	0	0.0	0	0	0	0.0	0	0	0	0.0	0	0	0	0.0	0	0	0	0.0	0	0	0	0.0	0	0	0	0.0	0	0	0	0.0	0	0	0	0.0	0	0	0.0	0	1	0	0	0	false	true	true	0	0	0	4796	4795	4794	0	0	0	0	-1	false	0	0	false	0	false	false	0	false	32	0	true	0	false	true	0	0	false	0	0	0	true	0		0
268442041	1000004083	1000050032	{1000019836},{1000049172}	{1000018414},{1000020362}	54	3	0	0	0	0	0	0	0	0	0	0	0	0	24	0	0	2	1	13053	100	0	0	0.0	0	0	0	0.0	0	0	0	0.0	0	0	0	0.0	0	0	0	0.0	0	0	0	0.0	0	0	0	0.0	0	0	0	0.0	0	0	0	0.0	0	0	0	0.0	0	0	0.0	0	1	0	1	0	false	true	true	0	0	0	4796	4795	4794	0	0	0	0	-1	false	0	0	false	0	false	false	0	false	32	0	true	0	false	true	0	0	false	0	0	0	true	0		0
268442042	1000004083	1000049176	{1000019836},{1000049173}	{1000018414},{1000020362}	54	5	0	0	0	0	0	0	0	0	0	0	0	0	24	0	0	2	1	13053	100	0	0	0.0	0	0	0	0.0	0	0	0	0.0	0	0	0	0.0	0	0	0	0.0	0	0	0	0.0	0	0	0	0.0	0	0	0	0.0	0	0	0	0.0	0	0	0	0.0	0	0	0.0	0	1	0	1	0	false	true	true	0	0	0	4796	4795	4794	0	0	0	0	-1	false	0	0	false	0	false	false	0	false	32	0	true	0	false	true	0	0	false	0	0	0	true	0		0
268442043	1000004083	1000050033	{1000019836},{1000049174}	{1000018414},{1000020362}	54	7	0	0	0	0	0	0	0	0	0	0	0	0	24	0	0	2	1	13053	100	0	0	0.0	0	0	0	0.0	0	0	0	0.0	0	0	0	0.0	0	0	0	0.0	0	0	0	0.0	0	0	0	0.0	0	0	0	0.0	0	0	0	0.0	0	0	0	0.0	0	0	0.0	0	1	0	1	0	false	true	true	0	0	0	4796	4795	4794	0	0	0	0	-1	false	0	0	false	0	false	false	0	false	32	0	true	0	false	true	0	0	false	0	0	0	true	0		0
268442044	1000004083	1000049177	{1000019836},{1000049175}	{1000018414},{1000020362}	54	10	0	0	0	0	0	0	0	0	0	0	0	0	24	0	0	2	1	13053	100	0	0	0.0	0	0	0	0.0	0	0	0	0.0	0	0	0	0.0	0	0	0	0.0	0	0	0	0.0	0	0	0	0.0	0	0	0	0.0	0	0	0	0.0	0	0	0	0.0	0	0	0.0	0	1	0	1	0	false	true	true	0	0	0	4796	4795	4794	0	0	0	0	-1	false	0	0	false	0	false	false	0	false	32	0	true	0	false	true	0	0	false	0	0	0	true	0		0
348402177	1000001845	1000020356	{7303},{1000018649},{1000015539}	{1000002511}	8	557775250	0	0	0	0	0	0	0	0	0	0	0	0	1	0	0	1	10	12032	0	100	0	0.0	0	0	0	0.0	0	0	0	0.0	0	0	0	0.0	0	0	0	0.0	0	0	0	0.0	0	0	0	0.0	0	0	0	0.0	0	0	0	0.0	0	0	0	0.0	0	0	0.0	0	1	0	0	0	false	true	false	0	0	0	4796	4795	4794	0	0	0	0	-1	true	0	0	false	0	false	false	0	false	41	0	true	0	false	true	0	0	false	0	0	0	true	0		0
268436064	1000003651	1000041419	{1000037814}		94	1	0	0	0	0	0	0	0	0	0	0	0	0	24	0	0	1	1	12477	0	0	0	0.0	0	0	0	0.0	0	0	0	0.0	0	0	0	0.0	0	0	0	0.0	0	0	0	0.0	0	0	0	0.0	0	0	0	0.0	0	0	0	0.0	0	0	0	0.0	0	0	0.0	0	1	0	1	0	false	true	true	0	0	0	4796	4795	4794	0	0	0	0	-1	false	0	0	false	0	false	false	0	false	32	0	true	0	false	true	0	2	false	0	0	0	true	0		0
268456872	1000089211	1000089209	{1000089210},{1000037814},7	2	94	2	0	0	0	0	0	0	0	0	0	0	0	0	24	0	0	2	1	12477	1000000	0	0	0.0	0	0	0	0.0	0	0	0	0.0	0	0	0	0.0	0	0	0	0.0	0	0	0	0.0	0	0	0	0.0	0	0	0	0.0	0	0	0	0.0	0	0	0	0.0	0	0	0.0	0	1	0	1	0	false	true	true	0	0	0	4796	4795	4794	0	0	0	0	-1	false	0	0	false	0	false	false	0	false	32	0	true	0	false	true	0	2	false	0	0	0	true	0		0
268457396	1000089211	1000089209	{1000089212},{1000037814},7	3	94	3	0	0	0	0	0	0	0	0	0	0	0	0	24	0	0	3	1	12477	1500000	0	0	0.0	0	0	0	0.0	0	0	0	0.0	0	0	0	0.0	0	0	0	0.0	0	0	0	0.0	0	0	0	0.0	0	0	0	0.0	0	0	0	0.0	0	0	0	0.0	0	0	0.0	0	1	0	1	0	false	true	true	0	0	0	4796	4795	4794	0	0	0	0	-1	false	0	0	false	0	false	false	0	false	32	0	true	0	false	true	0	2	false	0	0	0	true	0		0
268457397	1000089211	1000089209	{1000006097},{1000037814},7	4	94	4	0	0	0	0	0	0	0	0	0	0	0	0	24	0	0	4	1	12477	2000000	0	0	0.0	0	0	0	0.0	0	0	0	0.0	0	0	0	0.0	0	0	0	0.0	0	0	0	0.0	0	0	0	0.0	0	0	0	0.0	0	0	0	0.0	0	0	0	0.0	0	0	0.0	0	1	0	1	0	false	true	true	0	0	0	4796	4795	4794	0	0	0	0	-1	false	0	0	false	0	false	false	0	false	32	0	true	0	false	true	0	2	false	0	0	0	true	0		0
268488784	1000162312	1000089209		4	94	4	0	0	0	0	0	0	0	0	0	0	0	0	24	0	0	2	1	12477	0	0	0	0.0	0	0	0	0.0	0	0	0	0.0	0	0	0	0.0	0	0	0	0.0	0	0	0	0.0	0	0	0	0.0	0	0	0	0.0	0	0	0	0.0	0	0	0	0.0	0	0	0.0	0	1	0	1	0	false	true	true	0	0	0	4796	4795	4794	0	0	0	0	-1	false	0	0	false	0	false	false	0	false	32	0	true	0	false	true	0	2	false	0	0	0	true	0		0
348341249	1000004083	1000085828	{1000018648},{1000018649}	{1000018700},{1000020363},{1000030323},{1000030324}	2	0	0	0	0	0	0	0	0	0	0	0	0	0	1	0	0	0	9999	12901	2	1	0	0.0	0	0	0	0.0	0	0	0	0.0	0	0	0	0.0	0	0	0	0.0	0	0	0	0.0	0	0	0	0.0	0	0	0	0.0	0	0	0	0.0	0	0	0	0.0	0	0	0.0	0	1	0	0	0	false	true	false	0	0	0	4796	4795	4794	0	0	0	0	-1	true	0	0	false	0	false	false	0	false	41	0	true	0	false	true	0	0	false	0	0	0	true	0		0
348341250	1000004083	1000085828	{1000018660},{1000018649}	{1000018700},{1000020363},{1000030323},{1000030324}	2	0	0	0	0	0	0	0	0	0	0	0	0	0	1	0	0	0	9999	12906	2	1	0	0.0	0	0	0	0.0	0	0	0	0.0	0	0	0	0.0	0	0	0	0.0	0	0	0	0.0	0	0	0	0.0	0	0	0	0.0	0	0	0	0.0	0	0	0	0.0	0	0	0.0	0	1	0	0	0	false	true	false	0	0	0	4796	4795	4794	0	0	0	0	-1	true	0	0	false	0	false	false	0	false	41	0	true	0	false	true	0	0	false	0	0	0	true	0		0
348341377	1000004083	1000085828	{1000018650},{1000018649}	{1000018700},{1000020363},{1000030323},{1000030324}	2	0	0	0	0	0	0	0	0	0	0	0	0	0	1	0	0	0	9999	12128	2	1	0	0.0	0	0	0	0.0	0	0	0	0.0	0	0	0	0.0	0	0	0	0.0	0	0	0	0.0	0	0	0	0.0	0	0	0	0.0	0	0	0	0.0	0	0	0	0.0	0	0	0.0	0	1	0	0	0	false	true	false	0	0	0	4796	4795	4794	0	0	0	0	-1	true	0	0	false	0	false	false	0	false	41	0	true	0	false	true	0	0	false	0	0	0	true	0		0
348341379	1000004083	1000085828	{1000018661},{1000018649}	{1000018700},{1000020363},{1000030323},{1000030326}	2	0	0	0	0	0	0	0	0	0	0	0	0	0	1	0	0	0	9999	12906	20	10	0	0.0	0	0	0	0.0	0	0	0	0.0	0	0	0	0.0	0	0	0	0.0	0	0	0	0.0	0	0	0	0.0	0	0	0	0.0	0	0	0	0.0	0	0	0	0.0	0	0	0.0	0	1	0	0	0	false	true	false	0	0	0	4796	4795	4794	0	0	0	0	-1	true	0	0	false	0	false	false	0	false	41	0	true	0	false	true	0	0	false	0	0	0	true	0		0
348341251	1000003651	1000085828	{1000018669}	{1000018700},{1000020363},{1000030323},{1000030326}	2	0	0	0	0	0	0	0	0	0	0	0	0	0	1	0	0	0	9999	12904	20	10	0	0.0	0	0	0	0.0	0	0	0	0.0	0	0	0	0.0	0	0	0	0.0	0	0	0	0.0	0	0	0	0.0	0	0	0	0.0	0	0	0	0.0	0	0	0	0.0	0	0	0.0	0	1	0	0	0	false	true	false	0	0	0	4796	4795	4794	0	0	0	0	-1	true	0	0	false	0	false	false	0	false	41	0	true	0	false	true	0	0	false	0	0	0	true	0		0
348341252	1000004083	1000085828	{1000018678},{1000018649}	{1000018700},{1000020363},{1000030323},{1000030326}	2	0	0	0	0	0	0	0	0	0	0	0	0	0	1	0	0	0	9999	12907	20	10	0	0.0	0	0	0	0.0	0	0	0	0.0	0	0	0	0.0	0	0	0	0.0	0	0	0	0.0	0	0	0	0.0	0	0	0	0.0	0	0	0	0.0	0	0	0	0.0	0	0	0.0	0	1	0	0	0	false	true	false	0	0	0	4796	4795	4794	0	0	0	0	-1	true	0	0	false	0	false	false	0	false	41	0	true	0	false	true	0	0	false	0	0	0	true	0		0
348341253	1000009972	1000085828	{1000018687},{1000018688}	{1000018700},{1000020363},{1000030323},{1000030326}	2	0	0	0	0	0	0	0	0	0	0	0	0	0	1	0	0	0	9999	12127	20	10	0	0.0	0	0	0	0.0	0	0	0	0.0	0	0	0	0.0	0	0	0	0.0	0	0	0	0.0	0	0	0	0.0	0	0	0	0.0	0	0	0	0.0	0	0	0	0.0	0	0	0.0	0	1	0	0	0	false	true	false	0	0	0	4796	4795	4794	0	0	0	0	-1	true	0	0	false	0	false	false	0	false	41	0	true	0	false	true	0	0	false	0	0	0	true	0		0
348341381	1000004083	1000085828	{1000018670},{1000018649}	{1000018700},{1000020363},{1000030323},{1000030327}	2	0	0	0	0	0	0	0	0	0	0	0	0	0	1	0	0	0	9999	12901	104	52	0	0.0	0	0	0	0.0	0	0	0	0.0	0	0	0	0.0	0	0	0	0.0	0	0	0	0.0	0	0	0	0.0	0	0	0	0.0	0	0	0	0.0	0	0	0	0.0	0	0	0.0	0	1	0	0	0	false	true	false	0	0	0	4796	4795	4794	0	0	0	0	-1	true	0	0	false	0	false	false	0	false	41	0	true	0	false	true	0	0	false	0	0	0	true	0		0
348341383	1000004083	1000085828	{1000018679},{1000018649}	{1000018700},{1000020363},{1000030323},{1000030327}	2	0	0	0	0	0	0	0	0	0	0	0	0	0	1	0	0	0	9999	12907	104	52	0	0.0	0	0	0	0.0	0	0	0	0.0	0	0	0	0.0	0	0	0	0.0	0	0	0	0.0	0	0	0	0.0	0	0	0	0.0	0	0	0	0.0	0	0	0	0.0	0	0	0.0	0	1	0	0	0	false	true	false	0	0	0	4796	4795	4794	0	0	0	0	-1	true	0	0	false	0	false	false	0	false	41	0	true	0	false	true	0	0	false	0	0	0	true	0		0
348341385	1000009972	1000085828	{1000018689},{1000018688}	{1000018700},{1000020363},{1000030323},{1000030327}	2	0	0	0	0	0	0	0	0	0	0	0	0	0	1	0	0	0	9999	13010	104	52	0	0.0	0	0	0	0.0	0	0	0	0.0	0	0	0	0.0	0	0	0	0.0	0	0	0	0.0	0	0	0	0.0	0	0	0	0.0	0	0	0	0.0	0	0	0	0.0	0	0	0.0	0	1	0	0	0	false	true	false	0	0	0	4796	4795	4794	0	0	0	0	-1	true	0	0	false	0	false	false	0	false	41	0	true	0	false	true	0	0	false	0	0	0	true	0		0
348341378	1000004083	1000085828	{1000018651},{1000018649}	{1000018700},{1000020363},{1000030323},{1000030327}	2	0	0	0	0	0	0	0	0	0	0	0	0	0	1	0	0	0	9999	12905	104	52	0	0.0	0	0	0	0.0	0	0	0	0.0	0	0	0	0.0	0	0	0	0.0	0	0	0	0.0	0	0	0	0.0	0	0	0	0.0	0	0	0	0.0	0	0	0	0.0	0	0	0.0	0	1	0	0	0	false	true	false	0	0	0	4796	4795	4794	0	0	0	0	-1	true	0	0	false	0	false	false	0	false	41	0	true	0	false	true	0	0	false	0	0	0	true	0		0
348341380	1000004083	1000085828	{1000018662},{1000018649}	{1000018700},{1000020363},{1000030323},{1000030328}	2	0	0	0	0	0	0	0	0	0	0	0	0	0	1	0	0	0	9999	12902	312	156	0	0.0	0	0	0	0.0	0	0	0	0.0	0	0	0	0.0	0	0	0	0.0	0	0	0	0.0	0	0	0	0.0	0	0	0	0.0	0	0	0	0.0	0	0	0	0.0	0	0	0.0	0	1	0	0	0	false	true	false	0	0	0	4796	4795	4794	0	0	0	0	-1	true	0	0	false	0	false	false	0	false	41	0	true	0	false	true	0	0	false	0	0	0	true	0		0
348341384	1000004083	1000085828	{1000018680},{1000018649}	{1000018700},{1000020363},{1000030323},{1000030328}	2	0	0	0	0	0	0	0	0	0	0	0	0	0	1	0	0	0	9999	12219	312	156	0	0.0	0	0	0	0.0	0	0	0	0.0	0	0	0	0.0	0	0	0	0.0	0	0	0	0.0	0	0	0	0.0	0	0	0	0.0	0	0	0	0.0	0	0	0	0.0	0	0	0.0	0	1	0	0	0	false	true	false	0	0	0	4796	4795	4794	0	0	0	0	-1	true	0	0	false	0	false	false	0	false	41	0	true	0	false	true	0	0	false	0	0	0	true	0		0
348341382	1000004083	1000085828	{1000018671},{1000018649}	{1000018700},{1000020363},{1000030323},{1000030328}	2	0	0	0	0	0	0	0	0	0	0	0	0	0	1	0	0	0	9999	12904	312	156	0	0.0	0	0	0	0.0	0	0	0	0.0	0	0	0	0.0	0	0	0	0.0	0	0	0	0.0	0	0	0	0.0	0	0	0	0.0	0	0	0	0.0	0	0	0	0.0	0	0	0.0	0	1	0	0	0	false	true	false	0	0	0	4796	4795	4794	0	0	0	0	-1	true	0	0	false	0	false	false	0	false	41	0	true	0	false	true	0	0	false	0	0	0	true	0		0
348341386	1000009972	1000085828	{1000018690},{1000018688}	{1000018700},{1000020363},{1000030323},{1000030329}	2	0	0	0	0	0	0	0	0	0	0	0	0	0	1	0	0	0	9999	13011	625	312	0	0.0	0	0	0	0.0	0	0	0	0.0	0	0	0	0.0	0	0	0	0.0	0	0	0	0.0	0	0	0	0.0	0	0	0	0.0	0	0	0	0.0	0	0	0	0.0	0	0	0.0	0	1	0	0	0	false	true	false	0	0	0	4796	4795	4794	0	0	0	0	-1	true	0	0	false	0	false	false	0	false	41	0	true	0	false	true	0	0	false	0	0	0	true	0		0
348341571	1000004083	1000085828	{1000018663},{1000018649}	{1000018700},{1000020363},{1000030323},{1000030329}	2	0	0	0	0	0	0	0	0	0	0	0	0	0	1	0	0	0	9999	12903	625	312	0	0.0	0	0	0	0.0	0	0	0	0.0	0	0	0	0.0	0	0	0	0.0	0	0	0	0.0	0	0	0	0.0	0	0	0	0.0	0	0	0	0.0	0	0	0	0.0	0	0	0.0	0	1	0	0	0	false	true	false	0	0	0	4796	4795	4794	0	0	0	0	-1	true	0	0	false	0	false	false	0	false	41	0	true	0	false	true	0	0	false	0	0	0	true	0		0
348341575	1000004083	1000085828	{1000018681},{1000018649}	{1000018700},{1000020363},{1000030323},{1000030329}	2	0	0	0	0	0	0	0	0	0	0	0	0	0	1	0	0	0	9999	12943	625	312	0	0.0	0	0	0	0.0	0	0	0	0.0	0	0	0	0.0	0	0	0	0.0	0	0	0	0.0	0	0	0	0.0	0	0	0	0.0	0	0	0	0.0	0	0	0	0.0	0	0	0.0	0	1	0	0	0	false	true	false	0	0	0	4796	4795	4794	0	0	0	0	-1	true	0	0	false	0	false	false	0	false	41	0	true	0	false	true	0	0	false	0	0	0	true	0		0
348341577	1000009972	1000085828	{1000018691},{1000018688}	{1000018700},{1000020363},{1000030323},{1000030331}	2	0	0	0	0	0	0	0	0	0	0	0	0	0	1	0	0	0	9999	13012	50000	25000	0	0.0	0	0	0	0.0	0	0	0	0.0	0	0	0	0.0	0	0	0	0.0	0	0	0	0.0	0	0	0	0.0	0	0	0	0.0	0	0	0	0.0	0	0	0	0.0	0	0	0.0	0	1	0	0	0	false	true	false	0	0	0	4796	4795	4794	0	0	0	0	-1	true	0	0	false	0	false	false	0	false	41	0	true	0	false	true	0	0	false	0	0	0	true	0		0
348341569	1000004083	1000085828	{1000018652},{1000018649}	{1000018700},{1000020363},{1000030323},{1000030331}	2	0	0	0	0	0	0	0	0	0	0	0	0	0	1	0	0	0	9999	12902	50000	25000	0	0.0	0	0	0	0.0	0	0	0	0.0	0	0	0	0.0	0	0	0	0.0	0	0	0	0.0	0	0	0	0.0	0	0	0	0.0	0	0	0	0.0	0	0	0	0.0	0	0	0.0	0	1	0	0	0	false	true	false	0	0	0	4796	4795	4794	0	0	0	0	-1	true	0	0	false	0	false	false	0	false	41	0	true	0	false	true	0	0	false	0	0	0	true	0		0
348341573	1000004083	1000085828	{1000018672},{1000018649}	{1000018700},{1000020363},{1000030323},{1000030331}	2	0	0	0	0	0	0	0	0	0	0	0	0	0	1	0	0	0	9999	12591	50000	25000	0	0.0	0	0	0	0.0	0	0	0	0.0	0	0	0	0.0	0	0	0	0.0	0	0	0	0.0	0	0	0	0.0	0	0	0	0.0	0	0	0	0.0	0	0	0	0.0	0	0	0.0	0	1	0	0	0	false	true	false	0	0	0	4796	4795	4794	0	0	0	0	-1	true	0	0	false	0	false	false	0	false	41	0	true	0	false	true	0	0	false	0	0	0	true	0		0
348341572	1000004083	1000085828	{1000018664},{1000018649}	{1000018700},{1000020363},{1000030323},{1000030330}	2	0	0	0	0	0	0	0	0	0	0	0	0	0	1	0	0	0	9999	13022	5000	2500	0	0.0	0	0	0	0.0	0	0	0	0.0	0	0	0	0.0	0	0	0	0.0	0	0	0	0.0	0	0	0	0.0	0	0	0	0.0	0	0	0	0.0	0	0	0	0.0	0	0	0.0	0	1	0	0	0	false	true	false	0	0	0	4796	4795	4794	0	0	0	0	-1	true	0	0	false	0	false	false	0	false	41	0	true	0	false	true	0	0	false	0	0	0	true	0		0
348341574	1000004083	1000085828	{1000018673},{1000018649}	{1000018700},{1000020363},{1000030323},{1000030330}	2	0	0	0	0	0	0	0	0	0	0	0	0	0	1	0	0	0	9999	12913	5000	2500	0	0.0	0	0	0	0.0	0	0	0	0.0	0	0	0	0.0	0	0	0	0.0	0	0	0	0.0	0	0	0	0.0	0	0	0	0.0	0	0	0	0.0	0	0	0	0.0	0	0	0.0	0	1	0	0	0	false	true	false	0	0	0	4796	4795	4794	0	0	0	0	-1	true	0	0	false	0	false	false	0	false	41	0	true	0	false	true	0	0	false	0	0	0	true	0		0
348341570	1000004083	1000085828	{1000018653},{1000018649}	{1000018700},{1000020363},{1000030323},{1000030330}	2	0	0	0	0	0	0	0	0	0	0	0	0	0	1	0	0	0	9999	13021	5000	2500	0	0.0	0	0	0	0.0	0	0	0	0.0	0	0	0	0.0	0	0	0	0.0	0	0	0	0.0	0	0	0	0.0	0	0	0	0.0	0	0	0	0.0	0	0	0	0.0	0	0	0.0	0	1	0	0	0	false	true	false	0	0	0	4796	4795	4794	0	0	0	0	-1	true	0	0	false	0	false	false	0	false	41	0	true	0	false	true	0	0	false	0	0	0	true	0		0
348341576	1000004083	1000085828	{1000018682},{1000018649}	{1000018700},{1000020363},{1000030323},{1000030330}	2	0	0	0	0	0	0	0	0	0	0	0	0	0	1	0	0	0	9999	12904	5000	2500	0	0.0	0	0	0	0.0	0	0	0	0.0	0	0	0	0.0	0	0	0	0.0	0	0	0	0.0	0	0	0	0.0	0	0	0	0.0	0	0	0	0.0	0	0	0	0.0	0	0	0.0	0	1	0	0	0	false	true	false	0	0	0	4796	4795	4794	0	0	0	0	-1	true	0	0	false	0	false	false	0	false	41	0	true	0	false	true	0	0	false	0	0	0	true	0		0
348341578	1000009972	1000085828	{1000018692},{1000018688}	{1000018700},{1000020363},{1000030323},{1000030331}	2	0	0	0	0	0	0	0	0	0	0	0	0	0	1	0	0	0	9999	13013	50000	25000	0	0.0	0	0	0	0.0	0	0	0	0.0	0	0	0	0.0	0	0	0	0.0	0	0	0	0.0	0	0	0	0.0	0	0	0	0.0	0	0	0	0.0	0	0	0	0.0	0	0	0.0	0	1	0	0	0	false	true	false	0	0	0	4796	4795	4794	0	0	0	0	-1	true	0	0	false	0	false	false	0	false	41	0	true	0	false	true	0	0	false	0	0	0	true	0		0
348341765	1000004083	1000085828	{1000018674},{1000018649}	{1000018700},{1000020363},{1000030323},{1000030331}	2	0	0	0	0	0	0	0	0	0	0	0	0	0	1	0	0	0	9999	13029	50000	25000	0	0.0	0	0	0	0.0	0	0	0	0.0	0	0	0	0.0	0	0	0	0.0	0	0	0	0.0	0	0	0	0.0	0	0	0	0.0	0	0	0	0.0	0	0	0	0.0	0	0	0.0	0	1	0	0	0	false	true	false	0	0	0	4796	4795	4794	0	0	0	0	-1	true	0	0	false	0	false	false	0	false	41	0	true	0	false	true	0	0	false	0	0	0	true	0		0
348341767	1000004083	1000085828	{1000018683},{1000018649}	{1000018700},{1000020363},{1000030323},{1000030331}	2	0	0	0	0	0	0	0	0	0	0	0	0	0	1	0	0	0	9999	12906	50000	25000	0	0.0	0	0	0	0.0	0	0	0	0.0	0	0	0	0.0	0	0	0	0.0	0	0	0	0.0	0	0	0	0.0	0	0	0	0.0	0	0	0	0.0	0	0	0	0.0	0	0	0.0	0	1	0	0	0	false	true	false	0	0	0	4796	4795	4794	0	0	0	0	-1	true	0	0	false	0	false	false	0	false	41	0	true	0	false	true	0	0	false	0	0	0	true	0		0
348341769	1000009972	1000085828	{1000018693},{1000018688}	{1000018700},{1000020363},{1000030323},{1000030331}	2	0	0	0	0	0	0	0	0	0	0	0	0	0	1	0	0	0	9999	13014	50000	25000	0	0.0	0	0	0	0.0	0	0	0	0.0	0	0	0	0.0	0	0	0	0.0	0	0	0	0.0	0	0	0	0.0	0	0	0	0.0	0	0	0	0.0	0	0	0	0.0	0	0	0.0	0	1	0	0	0	false	true	false	0	0	0	4796	4795	4794	0	0	0	0	-1	true	0	0	false	0	false	false	0	false	41	0	true	0	false	true	0	0	false	0	0	0	true	0		0
348341761	1000004083	1000085828	{1000018654},{1000018649}	{1000018700},{1000020363},{1000030323},{1000030331}	2	0	0	0	0	0	0	0	0	0	0	0	0	0	1	0	0	0	9999	12905	50000	25000	0	0.0	0	0	0	0.0	0	0	0	0.0	0	0	0	0.0	0	0	0	0.0	0	0	0	0.0	0	0	0	0.0	0	0	0	0.0	0	0	0	0.0	0	0	0	0.0	0	0	0.0	0	1	0	0	0	false	true	false	0	0	0	4796	4795	4794	0	0	0	0	-1	true	0	0	false	0	false	false	0	false	41	0	true	0	false	true	0	0	false	0	0	0	true	0		0
348341763	1000004083	1000085828	{1000018665},{1000018649}	{1000018700},{1000020363},{1000030323},{1000030331}	2	0	0	0	0	0	0	0	0	0	0	0	0	0	1	0	0	0	9999	12904	50000	25000	0	0.0	0	0	0	0.0	0	0	0	0.0	0	0	0	0.0	0	0	0	0.0	0	0	0	0.0	0	0	0	0.0	0	0	0	0.0	0	0	0	0.0	0	0	0	0.0	0	0	0.0	0	1	0	0	0	false	true	false	0	0	0	4796	4795	4794	0	0	0	0	-1	true	0	0	false	0	false	false	0	false	41	0	true	0	false	true	0	0	false	0	0	0	true	0		0
348341764	1000004083	1000085828	{1000018666},{1000018649}	{1000018700},{1000020363},{1000030323},{1000030331}	2	0	0	0	0	0	0	0	0	0	0	0	0	0	1	0	0	0	9999	13032	50000	25000	0	0.0	0	0	0	0.0	0	0	0	0.0	0	0	0	0.0	0	0	0	0.0	0	0	0	0.0	0	0	0	0.0	0	0	0	0.0	0	0	0	0.0	0	0	0	0.0	0	0	0.0	0	1	0	0	0	false	true	false	0	0	0	4796	4795	4794	0	0	0	0	-1	true	0	0	false	0	false	false	0	false	41	0	true	0	false	true	0	0	false	0	0	0	true	0		0
348341766	1000004083	1000085828	{1000018675},{1000018649}	{1000018700},{1000020363},{1000030323},{1000030331}	2	0	0	0	0	0	0	0	0	0	0	0	0	0	1	0	0	0	9999	13036	50000	25000	0	0.0	0	0	0	0.0	0	0	0	0.0	0	0	0	0.0	0	0	0	0.0	0	0	0	0.0	0	0	0	0.0	0	0	0	0.0	0	0	0	0.0	0	0	0	0.0	0	0	0.0	0	1	0	0	0	false	true	false	0	0	0	4796	4795	4794	0	0	0	0	-1	true	0	0	false	0	false	false	0	false	41	0	true	0	false	true	0	0	false	0	0	0	true	0		0
348341770	1000009972	1000085828	{1000018694},{1000018688}	{1000018700},{1000020363},{1000030323},{1000030331}	2	0	0	0	0	0	0	0	0	0	0	0	0	0	1	0	0	0	9999	13015	50000	25000	0	0.0	0	0	0	0.0	0	0	0	0.0	0	0	0	0.0	0	0	0	0.0	0	0	0	0.0	0	0	0	0.0	0	0	0	0.0	0	0	0	0.0	0	0	0	0.0	0	0	0.0	0	1	0	0	0	false	true	false	0	0	0	4796	4795	4794	0	0	0	0	-1	true	0	0	false	0	false	false	0	false	41	0	true	0	false	true	0	0	false	0	0	0	true	0		0
348341768	1000004083	1000085828	{1000018684},{1000018649}	{1000018700},{1000020363},{1000030323},{1000030331}	2	0	0	0	0	0	0	0	0	0	0	0	0	0	1	0	0	0	9999	12907	50000	25000	0	0.0	0	0	0	0.0	0	0	0	0.0	0	0	0	0.0	0	0	0	0.0	0	0	0	0.0	0	0	0	0.0	0	0	0	0.0	0	0	0	0.0	0	0	0	0.0	0	0	0.0	0	1	0	0	0	false	true	false	0	0	0	4796	4795	4794	0	0	0	0	-1	true	0	0	false	0	false	false	0	false	41	0	true	0	false	true	0	0	false	0	0	0	true	0		0
348341955	1000004083	1000085828	{1000018667},{1000018649}	{1000018700},{1000020363},{1000030323},{1000030331}	2	0	0	0	0	0	0	0	0	0	0	0	0	0	1	0	0	0	9999	13034	50000	25000	0	0.0	0	0	0	0.0	0	0	0	0.0	0	0	0	0.0	0	0	0	0.0	0	0	0	0.0	0	0	0	0.0	0	0	0	0.0	0	0	0	0.0	0	0	0	0.0	0	0	0.0	0	1	0	0	0	false	true	false	0	0	0	4796	4795	4794	0	0	0	0	-1	true	0	0	false	0	false	false	0	false	41	0	true	0	false	true	0	0	false	0	0	0	true	0		0
348341957	1000004083	1000085828	{1000018676},{1000018649}	{1000018700},{1000020363},{1000030323},{1000030331}	2	0	0	0	0	0	0	0	0	0	0	0	0	0	1	0	0	0	9999	12908	50000	25000	0	0.0	0	0	0	0.0	0	0	0	0.0	0	0	0	0.0	0	0	0	0.0	0	0	0	0.0	0	0	0	0.0	0	0	0	0.0	0	0	0	0.0	0	0	0	0.0	0	0	0.0	0	1	0	0	0	false	true	false	0	0	0	4796	4795	4794	0	0	0	0	-1	true	0	0	false	0	false	false	0	false	41	0	true	0	false	true	0	0	false	0	0	0	true	0		0
348341961	1000009972	1000085828	{1000018695},{1000018688}	{1000018700},{1000020363},{1000030323},{1000030331}	2	0	0	0	0	0	0	0	0	0	0	0	0	0	1	0	0	0	9999	13016	50000	25000	0	0.0	0	0	0	0.0	0	0	0	0.0	0	0	0	0.0	0	0	0	0.0	0	0	0	0.0	0	0	0	0.0	0	0	0	0.0	0	0	0	0.0	0	0	0	0.0	0	0	0.0	0	1	0	0	0	false	true	false	0	0	0	4796	4795	4794	0	0	0	0	-1	true	0	0	false	0	false	false	0	false	41	0	true	0	false	true	0	0	false	0	0	0	true	0		0
348342273	1000004083	1000085828	{1000018977},{1000018649}	{1000018700},{1000020363},{1000030323},{1000030330}	2	0	0	0	0	0	0	0	0	0	0	0	0	0	1	0	0	3	9999	12901	15000	7500	0	0.0	0	0	0	0.0	0	0	0	0.0	0	0	0	0.0	0	0	0	0.0	0	0	0	0.0	0	0	0	0.0	0	0	0	0.0	0	0	0	0.0	0	0	0	0.0	0	0	0.0	0	1	0	0	0	false	true	false	0	0	0	4796	4795	4794	0	0	0	0	-1	true	0	0	false	0	false	false	0	false	41	0	true	0	false	true	0	0	false	0	0	0	true	0		0
348342274	1000004083	1000085828	{1000018991},{1000018649}	{1000018700},{1000020363},{1000030323},{1000030332}	2	0	0	0	0	0	0	0	0	0	0	0	0	0	1	0	0	3	9999	12906	75000	37500	0	0.0	0	0	0	0.0	0	0	0	0.0	0	0	0	0.0	0	0	0	0.0	0	0	0	0.0	0	0	0	0.0	0	0	0	0.0	0	0	0	0.0	0	0	0	0.0	0	0	0.0	0	1	0	0	0	false	true	false	0	0	0	4796	4795	4794	0	0	0	0	-1	true	0	0	false	0	false	false	0	false	41	0	true	0	false	true	0	0	false	0	0	0	true	0		0
348342275	1000003651	1000085828	{1000024829}	{1000018700},{1000020363},{1000030323},{1000030330}	2	0	0	0	0	0	0	0	0	0	0	0	0	0	1	0	0	3	9999	13047	15000	7500	0	0.0	0	0	0	0.0	0	0	0	0.0	0	0	0	0.0	0	0	0	0.0	0	0	0	0.0	0	0	0	0.0	0	0	0	0.0	0	0	0	0.0	0	0	0	0.0	0	0	0.0	0	1	0	0	0	false	true	false	0	0	0	4796	4795	4794	0	0	0	0	-1	true	0	0	false	0	false	false	0	false	41	0	true	0	false	true	0	0	false	0	0	0	true	0		0
348342276	1000004083	1000085828	{1000019019},{1000018649}	{1000018700},{1000020363},{1000030323},{1000030332}	2	0	0	0	0	0	0	0	0	0	0	0	0	0	1	0	0	3	9999	13030	75000	37500	0	0.0	0	0	0	0.0	0	0	0	0.0	0	0	0	0.0	0	0	0	0.0	0	0	0	0.0	0	0	0	0.0	0	0	0	0.0	0	0	0	0.0	0	0	0	0.0	0	0	0.0	0	1	0	0	0	false	true	false	0	0	0	4796	4795	4794	0	0	0	0	-1	true	0	0	false	0	false	false	0	false	41	0	true	0	false	true	0	0	false	0	0	0	true	0		0
348342277	1000009972	1000085828	{1000019031},{1000018688}	{1000018700},{1000020363},{1000030323},{1000030332}	2	0	0	0	0	0	0	0	0	0	0	0	0	0	1	0	0	3	9999	12591	75000	37500	0	0.0	0	0	0	0.0	0	0	0	0.0	0	0	0	0.0	0	0	0	0.0	0	0	0	0.0	0	0	0	0.0	0	0	0	0.0	0	0	0	0.0	0	0	0	0.0	0	0	0.0	0	1	0	0	0	false	true	false	0	0	0	4796	4795	4794	0	0	0	0	-1	true	0	0	false	0	false	false	0	false	41	0	true	0	false	true	0	0	false	0	0	0	true	0		0
348341762	1000004083	1000085828	{1000018655},{1000018649}	{1000018700},{1000020363},{1000030323},{1000030330}	2	0	0	0	0	0	0	0	0	0	0	0	0	0	1	0	0	0	9999	13023	25000	12500	0	0.0	0	0	0	0.0	0	0	0	0.0	0	0	0	0.0	0	0	0	0.0	0	0	0	0.0	0	0	0	0.0	0	0	0	0.0	0	0	0	0.0	0	0	0	0.0	0	0	0.0	0	1	0	0	0	false	true	false	0	0	0	4796	4795	4794	0	0	0	0	-1	true	0	0	false	0	false	false	0	false	41	0	true	0	false	true	0	0	false	0	0	0	true	0		0
348341953	1000004083	1000085828	{1000018656},{1000018649}	{1000018700},{1000020363},{1000030323},{1000030330}	2	0	0	0	0	0	0	0	0	0	0	0	0	0	1	0	0	0	9999	13024	25000	12500	0	0.0	0	0	0	0.0	0	0	0	0.0	0	0	0	0.0	0	0	0	0.0	0	0	0	0.0	0	0	0	0.0	0	0	0	0.0	0	0	0	0.0	0	0	0	0.0	0	0	0.0	0	1	0	0	0	false	true	false	0	0	0	4796	4795	4794	0	0	0	0	-1	true	0	0	false	0	false	false	0	false	41	0	true	0	false	true	0	0	false	0	0	0	true	0		0
348341954	1000004083	1000085828	{1000018657},{1000018649}	{1000018700},{1000020363},{1000030323},{1000030330}	2	0	0	0	0	0	0	0	0	0	0	0	0	0	1	0	0	0	9999	13026	25000	12500	0	0.0	0	0	0	0.0	0	0	0	0.0	0	0	0	0.0	0	0	0	0.0	0	0	0	0.0	0	0	0	0.0	0	0	0	0.0	0	0	0	0.0	0	0	0	0.0	0	0	0.0	0	1	0	0	0	false	true	false	0	0	0	4796	4795	4794	0	0	0	0	-1	true	0	0	false	0	false	false	0	false	41	0	true	0	false	true	0	0	false	0	0	0	true	0		0
348341956	1000004083	1000085828	{1000018668},{1000018649}	{1000018700},{1000020363},{1000030323},{1000030330}	2	0	0	0	0	0	0	0	0	0	0	0	0	0	1	0	0	0	9999	13035	25000	12500	0	0.0	0	0	0	0.0	0	0	0	0.0	0	0	0	0.0	0	0	0	0.0	0	0	0	0.0	0	0	0	0.0	0	0	0	0.0	0	0	0	0.0	0	0	0	0.0	0	0	0.0	0	1	0	0	0	false	true	false	0	0	0	4796	4795	4794	0	0	0	0	-1	true	0	0	false	0	false	false	0	false	41	0	true	0	false	true	0	0	false	0	0	0	true	0		0
348341958	1000004083	1000085828	{1000018677},{1000018649}	{1000018700},{1000020363},{1000030323},{1000030331}	2	0	0	0	0	0	0	0	0	0	0	0	0	0	1	0	0	0	9999	12904	50000	25000	0	0.0	0	0	0	0.0	0	0	0	0.0	0	0	0	0.0	0	0	0	0.0	0	0	0	0.0	0	0	0	0.0	0	0	0	0.0	0	0	0	0.0	0	0	0	0.0	0	0	0.0	0	1	0	0	0	false	true	false	0	0	0	4796	4795	4794	0	0	0	0	-1	true	0	0	false	0	false	false	0	false	41	0	true	0	false	true	0	0	false	0	0	0	true	0		0
348341959	1000004083	1000085828	{1000018685},{1000018649}	{1000018700},{1000020363},{1000030323},{1000030331}	2	0	0	0	0	0	0	0	0	0	0	0	0	0	1	0	0	0	9999	12902	50000	25000	0	0.0	0	0	0	0.0	0	0	0	0.0	0	0	0	0.0	0	0	0	0.0	0	0	0	0.0	0	0	0	0.0	0	0	0	0.0	0	0	0	0.0	0	0	0	0.0	0	0	0.0	0	1	0	0	0	false	true	false	0	0	0	4796	4795	4794	0	0	0	0	-1	true	0	0	false	0	false	false	0	false	41	0	true	0	false	true	0	0	false	0	0	0	true	0		0
348341960	1000004083	1000085828	{1000018686},{1000018649}	{1000018700},{1000020363},{1000030323},{1000030331}	2	0	0	0	0	0	0	0	0	0	0	0	0	0	1	0	0	0	9999	12901	50000	25000	0	0.0	0	0	0	0.0	0	0	0	0.0	0	0	0	0.0	0	0	0	0.0	0	0	0	0.0	0	0	0	0.0	0	0	0	0.0	0	0	0	0.0	0	0	0	0.0	0	0	0.0	0	1	0	0	0	false	true	false	0	0	0	4796	4795	4794	0	0	0	0	-1	true	0	0	false	0	false	false	0	false	41	0	true	0	false	true	0	0	false	0	0	0	true	0		0
348341962	1000009972	1000085828	{1000018696},{1000018688}	{1000018700},{1000020363},{1000030323},{1000030331}	2	0	0	0	0	0	0	0	0	0	0	0	0	0	1	0	0	0	9999	13017	50000	25000	0	0.0	0	0	0	0.0	0	0	0	0.0	0	0	0	0.0	0	0	0	0.0	0	0	0	0.0	0	0	0	0.0	0	0	0	0.0	0	0	0	0.0	0	0	0	0.0	0	0	0.0	0	1	0	0	0	false	true	false	0	0	0	4796	4795	4794	0	0	0	0	-1	true	0	0	false	0	false	false	0	false	41	0	true	0	false	true	0	0	false	0	0	0	true	0		0
348342465	1000004083	1000085828	{1000015549},{1000018649}	{1000018700},{1000020363},{1000030323},{1000030333}	2	0	0	0	0	0	0	0	0	0	0	0	0	0	1	0	0	0	9999	13033	75000	37500	0	0.0	0	0	0	0.0	0	0	0	0.0	0	0	0	0.0	0	0	0	0.0	0	0	0	0.0	0	0	0	0.0	0	0	0	0.0	0	0	0	0.0	0	0	0	0.0	0	0	0.0	0	1	0	0	0	false	true	false	0	0	0	4796	4795	4794	0	0	0	0	-1	true	0	0	false	0	false	false	0	false	41	0	true	0	false	true	0	0	false	0	0	0	true	0		0
348342466	1000004083	1000085828	{1000018658},{1000018649}	{1000018700},{1000020363},{1000030323},{1000030333}	2	0	0	0	0	0	0	0	0	0	0	0	0	0	1	0	0	0	9999	13027	75000	37500	0	0.0	0	0	0	0.0	0	0	0	0.0	0	0	0	0.0	0	0	0	0.0	0	0	0	0.0	0	0	0	0.0	0	0	0	0.0	0	0	0	0.0	0	0	0	0.0	0	0	0.0	0	1	0	0	0	false	true	false	0	0	0	4796	4795	4794	0	0	0	0	-1	true	0	0	false	0	false	false	0	false	41	0	true	0	false	true	0	0	false	0	0	0	true	0		0
348342467	1000004083	1000085828	{1000018659},{1000018649}	{1000018700},{1000020363},{1000030323},{1000030333}	2	0	0	0	0	0	0	0	0	0	0	0	0	0	1	0	0	0	9999	13028	75000	37500	0	0.0	0	0	0	0.0	0	0	0	0.0	0	0	0	0.0	0	0	0	0.0	0	0	0	0.0	0	0	0	0.0	0	0	0	0.0	0	0	0	0.0	0	0	0	0.0	0	0	0.0	0	1	0	0	0	false	true	false	0	0	0	4796	4795	4794	0	0	0	0	-1	true	0	0	false	0	false	false	0	false	41	0	true	0	false	true	0	0	false	0	0	0	true	0		0
348342468	1000009972	1000085828	{1000018697},{1000018688}	{1000018700},{1000020363},{1000030323},{1000030333}	2	0	0	0	0	0	0	0	0	0	0	0	0	0	1	0	0	0	9999	13018	75000	37500	0	0.0	0	0	0	0.0	0	0	0	0.0	0	0	0	0.0	0	0	0	0.0	0	0	0	0.0	0	0	0	0.0	0	0	0	0.0	0	0	0	0.0	0	0	0	0.0	0	0	0.0	0	1	0	0	0	false	true	false	0	0	0	4796	4795	4794	0	0	0	0	-1	true	0	0	false	0	false	false	0	false	41	0	true	0	false	true	0	0	false	0	0	0	true	0		0
348342469	1000009972	1000085828	{1000018698},{1000018688}	{1000018700},{1000020363},{1000030323},{1000030333}	2	0	0	0	0	0	0	0	0	0	0	0	0	0	1	0	0	0	9999	13019	75000	37500	0	0.0	0	0	0	0.0	0	0	0	0.0	0	0	0	0.0	0	0	0	0.0	0	0	0	0.0	0	0	0	0.0	0	0	0	0.0	0	0	0	0.0	0	0	0	0.0	0	0	0.0	0	1	0	0	0	false	true	false	0	0	0	4796	4795	4794	0	0	0	0	-1	true	0	0	false	0	false	false	0	false	41	0	true	0	false	true	0	0	false	0	0	0	true	0		0
348342470	1000009972	1000085828	{1000018699},{1000018688}	{1000018700},{1000020363},{1000030323},{1000030333}	2	0	0	0	0	0	0	0	0	0	0	0	0	0	1	0	0	0	9999	13020	75000	37500	0	0.0	0	0	0	0.0	0	0	0	0.0	0	0	0	0.0	0	0	0	0.0	0	0	0	0.0	0	0	0	0.0	0	0	0	0.0	0	0	0	0.0	0	0	0	0.0	0	0	0.0	0	1	0	0	0	false	true	false	0	0	0	4796	4795	4794	0	0	0	0	-1	true	0	0	false	0	false	false	0	false	41	0	true	0	false	true	0	0	false	0	0	0	true	0		0
348341258	1000001845	1000117102	{1000063608},{1000018992},{1000018649}	{1000117100},{1000117101}	2	0	0	0	0	0	0	0	0	0	0	0	0	0	1	0	0	3	9999	12906	9124	9124	0	0.0	0	0	0	0.0	0	0	0	0.0	0	0	0	0.0	0	0	0	0.0	0	0	0	0.0	0	0	0	0.0	0	0	0	0.0	0	0	0	0.0	0	0	0	0.0	0	0	0.0	0	1	0	0	0	false	true	false	0	0	0	4796	4795	4794	0	0	0	0	-1	true	0	0	false	0	false	false	0	false	41	0	true	0	false	true	0	0	false	0	0	0	true	0		0
268475876	1000004083	1000036987	{1000018992},{1000018649}	{1000018700},{1000024835},{1000030323},{1000030330}	52	0	0	0	0	0	0	0	0	0	0	0	0	0	1	0	0	3	9999	12906	15000	1500	0	0.0	0	0	0	0.0	0	0	0	0.0	0	0	0	0.0	0	0	0	0.0	0	0	0	0.0	0	0	0	0.0	0	0	0	0.0	0	0	0	0.0	0	0	0	0.0	0	0	0.0	0	1	0	1	0	false	true	false	0	0	0	4796	4795	4794	0	0	0	0	-1	true	0	0	false	0	false	false	0	false	41	0	true	0	false	true	0	0	false	0	0	0	true	0		0
348341311	1000004083	1000038304	{1000020319},{1000018649}	{1000018700},{1000024835},{1000030323},{1000030327}	52	0	0	0	0	0	0	0	0	0	0	0	0	0	1	0	0	3	9999	12004	104	10	0	0.0	0	0	0	0.0	0	0	0	0.0	0	0	0	0.0	0	0	0	0.0	0	0	0	0.0	0	0	0	0.0	0	0	0	0.0	0	0	0	0.0	0	0	0	0.0	0	0	0.0	0	1	0	0	0	false	true	false	0	0	0	4796	4795	4794	0	0	0	0	-1	true	0	0	false	0	false	false	0	false	41	0	true	0	false	true	0	0	false	0	0	0	true	0		0
348341310	1000001845	1000117102	{1000063608},{1000022387},{1000018649}	{1000117100},{1000117101}	2	0	0	0	0	0	0	0	0	0	0	0	0	0	1	0	0	3	9999	12906	15207	15207	0	0.0	0	0	0	0.0	0	0	0	0.0	0	0	0	0.0	0	0	0	0.0	0	0	0	0.0	0	0	0	0.0	0	0	0	0.0	0	0	0	0.0	0	0	0	0.0	0	0	0.0	0	1	0	0	0	false	true	false	0	0	0	4796	4795	4794	0	0	0	0	-1	true	0	0	false	0	false	false	0	false	41	0	true	0	false	true	0	0	false	0	0	0	true	0		0
268475875	1000004083	1000162637	{1000022387},{1000018649}		152	0	0	0	0	0	0	0	0	0	0	0	0	0	1	0	0	3	9999	12906	25000	2500	0	0.0	0	0	0	0.0	0	0	0	0.0	0	0	0	0.0	0	0	0	0.0	0	0	0	0.0	0	0	0	0.0	0	0	0	0.0	0	0	0	0.0	0	0	0	0.0	0	0	0.0	0	1	0	1	0	false	true	false	0	0	0	4796	4795	4794	0	0	0	0	-1	true	0	0	false	0	false	false	0	false	12	0	true	0	false	true	0	0	false	0	0	0	true	0		0
268443230	1000004083	1000055391	{1000055390},{1000018649}	{1000018700},{1000024835},{1000030323},{1000030328}	2	0	0	0	0	0	0	0	0	0	0	0	0	0	1	0	0	3	9999	12901	2	1	0	0.0	0	0	0	0.0	0	0	0	0.0	0	0	0	0.0	0	0	0	0.0	0	0	0	0.0	0	0	0	0.0	0	0	0	0.0	0	0	0	0.0	0	0	0	0.0	0	0	0.0	0	1	0	1	0	false	true	false	0	0	0	4796	4795	4794	0	0	0	0	-1	true	0	0	false	0	false	false	0	false	41	0	true	0	false	true	0	0	false	0	0	0	true	0		0
268456662	1000004083	1000036987	{1000084835},{1000018649}	{1000018700},{1000084841},{1000030323},{1000030327}	52	0	0	0	0	0	0	0	0	0	0	0	0	0	1	0	0	1	9999	12908	100	10	0	0.0	0	0	0	0.0	0	0	0	0.0	0	0	0	0.0	0	0	0	0.0	0	0	0	0.0	0	0	0	0.0	0	0	0	0.0	0	0	0	0.0	0	0	0	0.0	0	0	0.0	0	1	0	0	0	false	true	false	0	0	0	4796	4795	4794	0	0	0	0	-1	true	0	0	false	0	false	false	0	false	41	0	true	0	false	true	0	0	false	0	0	0	true	0		0
268456663	1000004083	1000036987	{1000084836},{1000018649}	{1000018700},{1000084842},{1000030323},{1000030327}	52	0	0	0	0	0	0	0	0	0	0	0	0	0	1	0	0	1	9999	12904	100	10	0	0.0	0	0	0	0.0	0	0	0	0.0	0	0	0	0.0	0	0	0	0.0	0	0	0	0.0	0	0	0	0.0	0	0	0	0.0	0	0	0	0.0	0	0	0	0.0	0	0	0.0	0	1	0	0	0	false	true	false	0	0	0	4796	4795	4794	0	0	0	0	-1	true	0	0	false	0	false	false	0	false	41	0	true	0	false	true	0	0	false	0	0	0	true	0		0
268456664	1000004083	1000036987	{1000084837},{1000018649}	{1000018700},{1000084843},{1000030323},{1000030327}	52	0	0	0	0	0	0	0	0	0	0	0	0	0	1	0	0	1	9999	12901	2000	200	0	0.0	0	0	0	0.0	0	0	0	0.0	0	0	0	0.0	0	0	0	0.0	0	0	0	0.0	0	0	0	0.0	0	0	0	0.0	0	0	0	0.0	0	0	0	0.0	0	0	0.0	0	1	0	0	0	false	true	false	0	0	0	4796	4795	4794	0	0	0	0	-1	true	0	0	false	0	false	false	0	false	41	0	true	0	false	true	0	0	false	0	0	0	true	0		0
268456665	1000004083	1000036987	{1000084838},{1000018649}	{1000018700},{1000084844},{1000030323},{1000030327}	52	0	0	0	0	0	0	0	0	0	0	0	0	0	1	0	0	1	9999	13025	2000	200	0	0.0	0	0	0	0.0	0	0	0	0.0	0	0	0	0.0	0	0	0	0.0	0	0	0	0.0	0	0	0	0.0	0	0	0	0.0	0	0	0	0.0	0	0	0	0.0	0	0	0.0	0	1	0	0	0	false	true	false	0	0	0	4796	4795	4794	0	0	0	0	-1	true	0	0	false	0	false	false	0	false	41	0	true	0	false	true	0	0	false	0	0	0	true	0		0
268456666	1000004083	1000036987	{1000084839},{1000018649}	{1000018700},{1000084845},{1000030323},{1000030329}	52	0	0	0	0	0	0	0	0	0	0	0	0	0	1	0	0	2	9999	12219	8000	800	0	0.0	0	0	0	0.0	0	0	0	0.0	0	0	0	0.0	0	0	0	0.0	0	0	0	0.0	0	0	0	0.0	0	0	0	0.0	0	0	0	0.0	0	0	0	0.0	0	0	0.0	0	1	0	0	0	false	true	false	0	0	0	4796	4795	4794	0	0	0	0	-1	true	0	0	false	0	false	false	0	false	41	0	true	0	false	true	0	0	false	0	0	0	true	0		0
268456667	1000004083	1000036987	{1000084840},{1000018649}	{1000018700},{1000084846},{1000030323},{1000030329}	52	0	0	0	0	0	0	0	0	0	0	0	0	0	1	0	0	2	9999	13032	8000	800	0	0.0	0	0	0	0.0	0	0	0	0.0	0	0	0	0.0	0	0	0	0.0	0	0	0	0.0	0	0	0	0.0	0	0	0	0.0	0	0	0	0.0	0	0	0	0.0	0	0	0.0	0	1	0	0	0	false	true	false	0	0	0	4796	4795	4794	0	0	0	0	-1	true	0	0	false	0	false	false	0	false	41	0	true	0	false	true	0	0	false	0	0	0	true	0		0
268476575	1000004083	1000120556	{1000120553},{1000018649}	{1000018700},{1000121028},{1000030323},{1000120555}	52	0	0	0	0	0	0	0	0	0	0	0	0	0	1	0	0	4	9999	14975	0	0	0	0.0	0	0	0	0.0	0	0	0	0.0	0	0	0	0.0	0	0	0	0.0	0	0	0	0.0	0	0	0	0.0	0	0	0	0.0	0	0	0	0.0	0	0	0	0.0	0	0	0.0	0	1	0	1	0	false	true	false	0	0	0	4796	4795	4794	0	0	0	0	-1	true	0	0	false	0	false	false	0	false	41	0	true	0	false	true	0	0	false	0	0	0	true	0		0
268476750	1000004083	1000036987	{1000121984},{1000018649}	{1000018700},{1000122012},{1000030323},{1000030330}	52	0	0	0	0	0	0	0	0	0	0	0	0	0	1	0	0	2	9999	12943	10000	1000	0	0.0	0	0	0	0.0	0	0	0	0.0	0	0	0	0.0	0	0	0	0.0	0	0	0	0.0	0	0	0	0.0	0	0	0	0.0	0	0	0	0.0	0	0	0	0.0	0	0	0.0	0	1	0	0	0	false	true	false	0	0	0	4796	4795	4794	0	0	0	0	-1	true	0	0	false	0	false	false	0	false	41	0	true	0	false	true	0	0	false	0	0	0	true	0		0
268476751	1000004083	1000036987	{1000121985},{1000018649}	{1000018700},{1000122013},{1000030323},{1000030330}	52	0	0	0	0	0	0	0	0	0	0	0	0	0	1	0	0	2	9999	12906	10000	1000	0	0.0	0	0	0	0.0	0	0	0	0.0	0	0	0	0.0	0	0	0	0.0	0	0	0	0.0	0	0	0	0.0	0	0	0	0.0	0	0	0	0.0	0	0	0	0.0	0	0	0.0	0	1	0	0	0	false	true	false	0	0	0	4796	4795	4794	0	0	0	0	-1	true	0	0	false	0	false	false	0	false	41	0	true	0	false	true	0	0	false	0	0	0	true	0		0
268476752	1000009972	1000036987	{1000122231},{1000018688}	{1000018700},{1000122232},{1000030323},{1000030330}	52	0	0	0	0	0	0	0	0	0	0	0	0	0	1	0	0	2	9999	13020	10000	1000	0	0.0	0	0	0	0.0	0	0	0	0.0	0	0	0	0.0	0	0	0	0.0	0	0	0	0.0	0	0	0	0.0	0	0	0	0.0	0	0	0	0.0	0	0	0	0.0	0	0	0.0	0	1	0	0	0	false	true	false	0	0	0	4796	4795	4794	0	0	0	0	-1	true	0	0	false	0	false	false	0	false	41	0	true	0	false	true	0	0	false	0	0	0	true	0		0
268476753	1000004083	1000036987	{1000122230},{1000018649}	{1000018700},{1000122015},{1000030323},{1000030330}	52	0	0	0	0	0	0	0	0	0	0	0	0	0	1	0	0	3	9999	12904	10000	1000	0	0.0	0	0	0	0.0	0	0	0	0.0	0	0	0	0.0	0	0	0	0.0	0	0	0	0.0	0	0	0	0.0	0	0	0	0.0	0	0	0	0.0	0	0	0	0.0	0	0	0.0	0	1	0	0	0	false	true	false	0	0	0	4796	4795	4794	0	0	0	0	-1	true	0	0	false	0	false	false	0	false	41	0	true	0	false	true	0	0	false	0	0	0	true	0		0
268476754	1000004083	1000036987	{1000121988},{1000018649}	{1000018700},{1000122016},{1000030323},{1000030332}	52	0	0	0	0	0	0	0	0	0	0	0	0	0	1	0	0	3	9999	12906	10000	1000	0	0.0	0	0	0	0.0	0	0	0	0.0	0	0	0	0.0	0	0	0	0.0	0	0	0	0.0	0	0	0	0.0	0	0	0	0.0	0	0	0	0.0	0	0	0	0.0	0	0	0.0	0	1	0	0	0	false	true	false	0	0	0	4796	4795	4794	0	0	0	0	-1	true	0	0	false	0	false	false	0	false	41	0	true	0	false	true	0	0	false	0	0	0	true	0		0
268477152	1000004083	1000036987	{1000001915},{1000018649}	{1000018700},{1000127855},{1000030323},{1000127856}	52	0	0	0	0	0	0	0	0	0	0	0	0	0	1	0	0	3	9999	15076	10000	1000	0	0.0	0	0	0	0.0	0	0	0	0.0	0	0	0	0.0	0	0	0	0.0	0	0	0	0.0	0	0	0	0.0	0	0	0	0.0	0	0	0	0.0	0	0	0	0.0	0	0	0.0	0	1	0	1	0	false	true	false	0	0	0	4796	4795	4794	0	0	0	0	-1	true	0	0	false	0	false	false	0	false	41	0	true	0	false	true	0	0	false	0	0	0	true	0		0
268477153	1000004083	1000036987	{507},{1000018649}	{1000018700},{1000127857},{1000030323},{1000127856}	52	0	0	0	0	0	0	0	0	0	0	0	0	0	1	0	0	3	9999	15075	10000	1000	0	0.0	0	0	0	0.0	0	0	0	0.0	0	0	0	0.0	0	0	0	0.0	0	0	0	0.0	0	0	0	0.0	0	0	0	0.0	0	0	0	0.0	0	0	0	0.0	0	0	0.0	0	1	0	1	0	false	true	false	0	0	0	4796	4795	4794	0	0	0	0	-1	true	0	0	false	0	false	false	0	false	41	0	true	0	false	true	0	0	false	0	0	0	true	0		0
268477827	1000004083	1000036987	{1000130146},{1000018649}	{1000018700},{1000130147},{1000030323},{1000120555}	52	0	0	0	0	0	0	0	0	0	0	0	0	0	1	0	0	4	9999	12902	10000	1000	0	0.0	0	0	0	0.0	0	0	0	0.0	0	0	0	0.0	0	0	0	0.0	0	0	0	0.0	0	0	0	0.0	0	0	0	0.0	0	0	0	0.0	0	0	0	0.0	0	0	0.0	0	1	0	1	0	false	true	false	0	0	0	4796	4795	4794	0	0	0	0	-1	true	0	0	false	0	false	false	0	false	41	0	true	0	false	true	0	0	false	0	0	0	true	0		0
348365825	1000003651	1000085826	{1000018964}	{1000019038},{1000020364}	64	0	0	0	0	0	0	0	0	0	0	0	0	0	1	0	0	1	9999	12925	0	30	0	0.0	0	0	0	0.0	0	0	0	0.0	0	0	0	0.0	0	0	0	0.0	0	0	0	0.0	0	0	0	0.0	0	0	0	0.0	0	0	0	0.0	0	0	0	0.0	0	0	0.0	0	1	0	0	0	false	true	false	0	0	0	4796	4795	4794	0	0	0	0	-1	true	0	0	false	0	false	false	0	false	42	0	true	0	false	true	0	0	false	0	0	0	true	0		0
348349441	1000003651	1000085826	{1000018983}	{1000019855},{1000020386}	64	0	0	0	0	0	0	0	0	0	0	0	0	0	1	0	0	1	9999	12864	0	30	0	0.0	0	0	0	0.0	0	0	0	0.0	0	0	0	0.0	0	0	0	0.0	0	0	0	0.0	0	0	0	0.0	0	0	0	0.0	0	0	0	0.0	0	0	0	0.0	0	0	0.0	0	1	0	0	0	false	true	false	0	0	0	4796	4795	4794	0	0	0	0	-1	true	0	0	false	0	false	false	0	false	42	0	true	0	false	true	0	0	false	0	0	0	true	0		0
348365826	1000003651	1000085826	{1000018650}	{1000019038},{1000020365}	64	0	0	0	0	0	0	0	0	0	0	0	0	0	1	0	0	1	9999	12924	0	30	0	0.0	0	0	0	0.0	0	0	0	0.0	0	0	0	0.0	0	0	0	0.0	0	0	0	0.0	0	0	0	0.0	0	0	0	0.0	0	0	0	0.0	0	0	0	0.0	0	0	0.0	0	1	0	0	0	false	true	false	0	0	0	4796	4795	4794	0	0	0	0	-1	true	0	0	false	0	false	false	0	false	42	0	true	0	false	true	0	0	false	0	0	0	true	0		0
348366849	1000003651	1000085826	{1000018973}	{1000019038},{1000020375}	64	0	0	0	0	0	0	0	0	0	0	0	0	0	1	0	0	2	9999	12916	0	65	0	0.0	0	0	0	0.0	0	0	0	0.0	0	0	0	0.0	0	0	0	0.0	0	0	0	0.0	0	0	0	0.0	0	0	0	0.0	0	0	0	0.0	0	0	0	0.0	0	0	0.0	0	1	0	0	0	false	true	false	0	0	0	4796	4795	4794	0	0	0	0	-1	true	0	0	false	0	false	false	0	false	42	0	true	0	false	true	0	0	false	0	0	0	true	0		0
348349442	1000003651	1000085826	{1000018984}	{1000019855},{1000020387}	64	0	0	0	0	0	0	0	0	0	0	0	0	0	1	0	0	1	9999	12873	0	200	0	0.0	0	0	0	0.0	0	0	0	0.0	0	0	0	0.0	0	0	0	0.0	0	0	0	0.0	0	0	0	0.0	0	0	0	0.0	0	0	0	0.0	0	0	0	0.0	0	0	0.0	0	1	0	0	0	false	true	false	0	0	0	4796	4795	4794	0	0	0	0	-1	true	0	0	false	0	false	false	0	false	42	0	true	0	false	true	0	0	false	0	0	0	true	0		0
348357633	1000003651	1000085826	{1000019000}	{1000019862},{1000020681}	64	0	0	0	0	0	0	0	0	0	0	0	0	0	1	0	0	1	9999	12914	0	200	0	0.0	0	0	0	0.0	0	0	0	0.0	0	0	0	0.0	0	0	0	0.0	0	0	0	0.0	0	0	0	0.0	0	0	0	0.0	0	0	0	0.0	0	0	0	0.0	0	0	0.0	0	1	0	0	0	false	true	false	0	0	0	4796	4795	4794	0	0	0	0	-1	true	0	0	false	0	false	false	0	false	42	0	true	0	false	true	0	0	false	0	0	0	true	0		0
348374017	1000003651	1000085826	{1000018678}	{1000019863},{1000021227}	64	0	0	0	0	0	0	0	0	0	0	0	0	0	1	0	0	1	9999	13039	0	200	0	0.0	0	0	0	0.0	0	0	0	0.0	0	0	0	0.0	0	0	0	0.0	0	0	0	0.0	0	0	0	0.0	0	0	0	0.0	0	0	0	0.0	0	0	0	0.0	0	0	0.0	0	1	0	0	0	false	true	false	0	0	0	4796	4795	4794	0	0	0	0	-1	true	0	0	false	0	false	false	0	false	42	0	true	0	false	true	0	0	false	0	0	0	true	0		0
348382209	1000003651	1000085826	{1000018687}	{1000019864},{1000021278}	64	0	0	0	0	0	0	0	0	0	0	0	0	0	1	0	0	1	9999	12965	0	200	0	0.0	0	0	0	0.0	0	0	0	0.0	0	0	0	0.0	0	0	0	0.0	0	0	0	0.0	0	0	0	0.0	0	0	0	0.0	0	0	0	0.0	0	0	0	0.0	0	0	0.0	0	1	0	0	0	false	true	false	0	0	0	4796	4795	4794	0	0	0	0	-1	true	0	0	false	0	false	false	0	false	42	0	true	0	false	true	0	0	false	0	0	0	true	0		0
348350465	1000003651	1000085826	{1000018988}	{1000019855},{1000020669}	64	0	0	0	0	0	0	0	0	0	0	0	0	0	1	0	0	2	9999	12923	0	360	0	0.0	0	0	0	0.0	0	0	0	0.0	0	0	0	0.0	0	0	0	0.0	0	0	0	0.0	0	0	0	0.0	0	0	0	0.0	0	0	0	0.0	0	0	0	0.0	0	0	0.0	0	1	0	0	0	false	true	false	0	0	0	4796	4795	4794	0	0	0	0	-1	true	0	0	false	0	false	false	0	false	42	0	true	0	false	true	0	0	false	0	0	0	true	0		0
348357634	1000003651	1000085826	{1000018670}	{1000019862},{1000020682}	64	0	0	0	0	0	0	0	0	0	0	0	0	0	1	0	0	1	9999	12912	0	950	0	0.0	0	0	0	0.0	0	0	0	0.0	0	0	0	0.0	0	0	0	0.0	0	0	0	0.0	0	0	0	0.0	0	0	0	0.0	0	0	0	0.0	0	0	0	0.0	0	0	0.0	0	1	0	0	0	false	true	false	0	0	0	4796	4795	4794	0	0	0	0	-1	true	0	0	false	0	false	false	0	false	42	0	true	0	false	true	0	0	false	0	0	0	true	0		0
348374018	1000003651	1000085826	{1000018679}	{1000019863},{1000021228}	64	0	0	0	0	0	0	0	0	0	0	0	0	0	1	0	0	1	9999	13038	0	950	0	0.0	0	0	0	0.0	0	0	0	0.0	0	0	0	0.0	0	0	0	0.0	0	0	0	0.0	0	0	0	0.0	0	0	0	0.0	0	0	0	0.0	0	0	0	0.0	0	0	0.0	0	1	0	0	0	false	true	false	0	0	0	4796	4795	4794	0	0	0	0	-1	true	0	0	false	0	false	false	0	false	42	0	true	0	false	true	0	0	false	0	0	0	true	0		0
348382210	1000003651	1000085826	{1000018689}	{1000019864},{1000021279}	64	0	0	0	0	0	0	0	0	0	0	0	0	0	1	0	0	1	9999	12967	0	950	0	0.0	0	0	0	0.0	0	0	0	0.0	0	0	0	0.0	0	0	0	0.0	0	0	0	0.0	0	0	0	0.0	0	0	0	0.0	0	0	0	0.0	0	0	0	0.0	0	0	0.0	0	1	0	0	0	false	true	false	0	0	0	4796	4795	4794	0	0	0	0	-1	true	0	0	false	0	false	false	0	false	42	0	true	0	false	true	0	0	false	0	0	0	true	0		0
348365827	1000003651	1000085826	{1000018651}	{1000019038},{1000020366}	64	0	0	0	0	0	0	0	0	0	0	0	0	0	1	0	0	1	9999	12927	0	950	0	0.0	0	0	0	0.0	0	0	0	0.0	0	0	0	0.0	0	0	0	0.0	0	0	0	0.0	0	0	0	0.0	0	0	0	0.0	0	0	0	0.0	0	0	0	0.0	0	0	0.0	0	1	0	0	0	false	true	false	0	0	0	4796	4795	4794	0	0	0	0	-1	true	0	0	false	0	false	false	0	false	42	0	true	0	false	true	0	0	false	0	0	0	true	0		0
348383233	1000003651	1000085826	{1000019027}	{1000019864},{1000021290}	64	0	0	0	0	0	0	0	0	0	0	0	0	0	1	0	0	2	9999	12252	0	2025	0	0.0	0	0	0	0.0	0	0	0	0.0	0	0	0	0.0	0	0	0	0.0	0	0	0	0.0	0	0	0	0.0	0	0	0	0.0	0	0	0	0.0	0	0	0	0.0	0	0	0.0	0	1	0	0	0	false	true	false	0	0	0	4796	4795	4794	0	0	0	0	-1	true	0	0	false	0	false	false	0	false	42	0	true	0	false	true	0	0	false	0	0	0	true	0		0
348349443	1000003651	1000085826	{1000018985}	{1000019855},{1000020388}	64	0	0	0	0	0	0	0	0	0	0	0	0	0	1	0	0	1	9999	12870	0	2900	0	0.0	0	0	0	0.0	0	0	0	0.0	0	0	0	0.0	0	0	0	0.0	0	0	0	0.0	0	0	0	0.0	0	0	0	0.0	0	0	0	0.0	0	0	0	0.0	0	0	0.0	0	1	0	0	0	false	true	false	0	0	0	4796	4795	4794	0	0	0	0	-1	true	0	0	false	0	false	false	0	false	42	0	true	0	false	true	0	0	false	0	0	0	true	0		0
348374019	1000003651	1000085826	{1000018680}	{1000019855},{1000021229}	64	0	0	0	0	0	0	0	0	0	0	0	0	0	1	0	0	1	9999	12940	0	2900	0	0.0	0	0	0	0.0	0	0	0	0.0	0	0	0	0.0	0	0	0	0.0	0	0	0	0.0	0	0	0	0.0	0	0	0	0.0	0	0	0	0.0	0	0	0	0.0	0	0	0.0	0	1	0	0	0	false	true	false	0	0	0	4796	4795	4794	0	0	0	0	-1	true	0	0	false	0	false	false	0	false	42	0	true	0	false	true	0	0	false	0	0	0	true	0		0
348357635	1000003651	1000085826	{1000018671}	{1000019862},{1000020683}	64	0	0	0	0	0	0	0	0	0	0	0	0	0	1	0	0	1	9999	12911	0	2900	0	0.0	0	0	0	0.0	0	0	0	0.0	0	0	0	0.0	0	0	0	0.0	0	0	0	0.0	0	0	0	0.0	0	0	0	0.0	0	0	0	0.0	0	0	0	0.0	0	0	0.0	0	1	0	0	0	false	true	false	0	0	0	4796	4795	4794	0	0	0	0	-1	true	0	0	false	0	false	false	0	false	42	0	true	0	false	true	0	0	false	0	0	0	true	0		0
348382211	1000003651	1000085826	{1000018690}	{1000019864},{1000021280}	64	0	0	0	0	0	0	0	0	0	0	0	0	0	1	0	0	1	9999	12966	0	5800	0	0.0	0	0	0	0.0	0	0	0	0.0	0	0	0	0.0	0	0	0	0.0	0	0	0	0.0	0	0	0	0.0	0	0	0	0.0	0	0	0	0.0	0	0	0	0.0	0	0	0.0	0	1	0	0	0	false	true	false	0	0	0	4796	4795	4794	0	0	0	0	-1	true	0	0	false	0	false	false	0	false	42	0	true	0	false	true	0	0	false	0	0	0	true	0		0
348349444	1000003651	1000085826	{1000018663}	{1000019855},{1000020389}	64	0	0	0	0	0	0	0	0	0	0	0	0	0	1	0	0	1	9999	12903	0	5800	0	0.0	0	0	0	0.0	0	0	0	0.0	0	0	0	0.0	0	0	0	0.0	0	0	0	0.0	0	0	0	0.0	0	0	0	0.0	0	0	0	0.0	0	0	0	0.0	0	0	0.0	0	1	0	0	0	false	true	false	0	0	0	4796	4795	4794	0	0	0	0	-1	true	0	0	false	0	false	false	0	false	42	0	true	0	false	true	0	0	false	0	0	0	true	0		0
348374020	1000003651	1000085826	{1000018681}	{1000019863},{1000021230}	64	0	0	0	0	0	0	0	0	0	0	0	0	0	1	0	0	1	9999	12943	0	5800	0	0.0	0	0	0	0.0	0	0	0	0.0	0	0	0	0.0	0	0	0	0.0	0	0	0	0.0	0	0	0	0.0	0	0	0	0.0	0	0	0	0.0	0	0	0	0.0	0	0	0.0	0	1	0	0	0	false	true	false	0	0	0	4796	4795	4794	0	0	0	0	-1	true	0	0	false	0	false	false	0	false	42	0	true	0	false	true	0	0	false	0	0	0	true	0		0
348358657	1000003651	1000085826	{1000019002}	{1000019862},{1000020690}	64	0	0	0	0	0	0	0	0	0	0	0	0	0	1	0	0	2	9999	12920	0	5885	0	0.0	0	0	0	0.0	0	0	0	0.0	0	0	0	0.0	0	0	0	0.0	0	0	0	0.0	0	0	0	0.0	0	0	0	0.0	0	0	0	0.0	0	0	0	0.0	0	0	0.0	0	1	0	0	0	false	true	false	0	0	0	4796	4795	4794	0	0	0	0	-1	true	0	0	false	0	false	false	0	false	42	0	true	0	false	true	0	0	false	0	0	0	true	0		0
348375041	1000003651	1000085826	{1000019016}	{1000019863},{1000021236}	64	0	0	0	0	0	0	0	0	0	0	0	0	0	1	0	0	2	9999	12911	0	11725	0	0.0	0	0	0	0.0	0	0	0	0.0	0	0	0	0.0	0	0	0	0.0	0	0	0	0.0	0	0	0	0.0	0	0	0	0.0	0	0	0	0.0	0	0	0	0.0	0	0	0.0	0	1	0	0	0	false	true	false	0	0	0	4796	4795	4794	0	0	0	0	-1	true	0	0	false	0	false	false	0	false	42	0	true	0	false	true	0	0	false	0	0	0	true	0		0
348382212	1000003651	1000085826	{1000018691}	{1000019864},{1000021281}	64	0	0	0	0	0	0	0	0	0	0	0	0	0	1	0	0	1	9999	12957	0	132500	0	0.0	0	0	0	0.0	0	0	0	0.0	0	0	0	0.0	0	0	0	0.0	0	0	0	0.0	0	0	0	0.0	0	0	0	0.0	0	0	0	0.0	0	0	0	0.0	0	0	0.0	0	1	0	0	0	false	true	false	0	0	0	4796	4795	4794	0	0	0	0	-1	true	0	0	false	0	false	false	0	false	42	0	true	0	false	true	0	0	false	0	0	0	true	0		0
348365828	1000003651	1000085826	{1000018965}	{1000019038},{1000020367}	64	0	0	0	0	0	0	0	0	0	0	0	0	0	1	0	0	1	9999	12930	0	132500	0	0.0	0	0	0	0.0	0	0	0	0.0	0	0	0	0.0	0	0	0	0.0	0	0	0	0.0	0	0	0	0.0	0	0	0	0.0	0	0	0	0.0	0	0	0	0.0	0	0	0.0	0	1	0	0	0	false	true	false	0	0	0	4796	4795	4794	0	0	0	0	-1	true	0	0	false	0	false	false	0	false	42	0	true	0	false	true	0	0	false	0	0	0	true	0		0
348357636	1000003651	1000085826	{1000019001}	{1000019862},{1000020684}	64	0	0	0	0	0	0	0	0	0	0	0	0	0	1	0	0	1	9999	12591	0	132500	0	0.0	0	0	0	0.0	0	0	0	0.0	0	0	0	0.0	0	0	0	0.0	0	0	0	0.0	0	0	0	0.0	0	0	0	0.0	0	0	0	0.0	0	0	0	0.0	0	0	0.0	0	1	0	0	0	false	true	false	0	0	0	4796	4795	4794	0	0	0	0	-1	true	0	0	false	0	false	false	0	false	42	0	true	0	false	true	0	0	false	0	0	0	true	0		0
348349445	1000003651	1000085826	{1000018986}	{1000019855},{1000020390}	64	0	0	0	0	0	0	0	0	0	0	0	0	0	1	0	0	1	9999	12887	0	47500	0	0.0	0	0	0	0.0	0	0	0	0.0	0	0	0	0.0	0	0	0	0.0	0	0	0	0.0	0	0	0	0.0	0	0	0	0.0	0	0	0	0.0	0	0	0	0.0	0	0	0.0	0	1	0	0	0	false	true	false	0	0	0	4796	4795	4794	0	0	0	0	-1	true	0	0	false	0	false	false	0	false	42	0	true	0	false	true	0	0	false	0	0	0	true	0		0
348357637	1000003651	1000085826	{1000018673}	{1000019862},{1000020685}	64	0	0	0	0	0	0	0	0	0	0	0	0	0	1	0	0	1	9999	12913	0	47500	0	0.0	0	0	0	0.0	0	0	0	0.0	0	0	0	0.0	0	0	0	0.0	0	0	0	0.0	0	0	0	0.0	0	0	0	0.0	0	0	0	0.0	0	0	0	0.0	0	0	0.0	0	1	0	0	0	false	true	false	0	0	0	4796	4795	4794	0	0	0	0	-1	true	0	0	false	0	false	false	0	false	42	0	true	0	false	true	0	0	false	0	0	0	true	0		0
348365829	1000003651	1000085826	{1000018653}	{1000019038},{1000020364}	64	0	0	0	0	0	0	0	0	0	0	0	0	0	1	0	0	1	9999	12931	0	47500	0	0.0	0	0	0	0.0	0	0	0	0.0	0	0	0	0.0	0	0	0	0.0	0	0	0	0.0	0	0	0	0.0	0	0	0	0.0	0	0	0	0.0	0	0	0	0.0	0	0	0.0	0	1	0	0	0	false	true	false	0	0	0	4796	4795	4794	0	0	0	0	-1	true	0	0	false	0	false	false	0	false	42	0	true	0	false	true	0	0	false	0	0	0	true	0		0
348374021	1000003651	1000085826	{1000018682}	{1000019863},{1000021231}	64	0	0	0	0	0	0	0	0	0	0	0	0	0	1	0	0	1	9999	12948	0	47500	0	0.0	0	0	0	0.0	0	0	0	0.0	0	0	0	0.0	0	0	0	0.0	0	0	0	0.0	0	0	0	0.0	0	0	0	0.0	0	0	0	0.0	0	0	0	0.0	0	0	0.0	0	1	0	0	0	false	true	false	0	0	0	4796	4795	4794	0	0	0	0	-1	true	0	0	false	0	false	false	0	false	42	0	true	0	false	true	0	0	false	0	0	0	true	0		0
348366850	1000003651	1000085826	{1000018974}	{1000019038},{1000020376}	64	0	0	0	0	0	0	0	0	0	0	0	0	0	1	0	0	2	9999	12934	0	265000	0	0.0	0	0	0	0.0	0	0	0	0.0	0	0	0	0.0	0	0	0	0.0	0	0	0	0.0	0	0	0	0.0	0	0	0	0.0	0	0	0	0.0	0	0	0	0.0	0	0	0.0	0	1	0	0	0	false	true	false	0	0	0	4796	4795	4794	0	0	0	0	-1	true	0	0	false	0	false	false	0	false	42	0	true	0	false	true	0	0	false	0	0	0	true	0		0
348350466	1000003651	1000085826	{1000018989}	{1000019855},{1000020670}	64	0	0	0	0	0	0	0	0	0	0	0	0	0	1	0	0	2	9999	12920	0	95000	0	0.0	0	0	0	0.0	0	0	0	0.0	0	0	0	0.0	0	0	0	0.0	0	0	0	0.0	0	0	0	0.0	0	0	0	0.0	0	0	0	0.0	0	0	0	0.0	0	0	0.0	0	1	0	0	0	false	true	false	0	0	0	4796	4795	4794	0	0	0	0	-1	true	0	0	false	0	false	false	0	false	42	0	true	0	false	true	0	0	false	0	0	0	true	0		0
348382213	1000003651	1000085826	{1000018692}	{1000019864},{1000021282}	64	0	0	0	0	0	0	0	0	0	0	0	0	0	1	0	0	1	9999	12962	0	132500	0	0.0	0	0	0	0.0	0	0	0	0.0	0	0	0	0.0	0	0	0	0.0	0	0	0	0.0	0	0	0	0.0	0	0	0	0.0	0	0	0	0.0	0	0	0	0.0	0	0	0.0	0	1	0	0	0	false	true	false	0	0	0	4796	4795	4794	0	0	0	0	-1	true	0	0	false	0	false	false	0	false	42	0	true	0	false	true	0	0	false	0	0	0	true	0		0
348357638	1000003651	1000085826	{1000018674}	{1000019862},{1000020686}	64	0	0	0	0	0	0	0	0	0	0	0	0	0	1	0	0	1	9999	13043	0	132500	0	0.0	0	0	0	0.0	0	0	0	0.0	0	0	0	0.0	0	0	0	0.0	0	0	0	0.0	0	0	0	0.0	0	0	0	0.0	0	0	0	0.0	0	0	0	0.0	0	0	0.0	0	1	0	0	0	false	true	false	0	0	0	4796	4795	4794	0	0	0	0	-1	true	0	0	false	0	false	false	0	false	42	0	true	0	false	true	0	0	false	0	0	0	true	0		0
348374022	1000003651	1000085826	{1000018683}	{1000019863},{1000021232}	64	0	0	0	0	0	0	0	0	0	0	0	0	0	1	0	0	1	9999	12938	0	132500	0	0.0	0	0	0	0.0	0	0	0	0.0	0	0	0	0.0	0	0	0	0.0	0	0	0	0.0	0	0	0	0.0	0	0	0	0.0	0	0	0	0.0	0	0	0	0.0	0	0	0.0	0	1	0	0	0	false	true	false	0	0	0	4796	4795	4794	0	0	0	0	-1	true	0	0	false	0	false	false	0	false	42	0	true	0	false	true	0	0	false	0	0	0	true	0		0
348382214	1000003651	1000085826	{1000018693}	{1000019864},{1000021283}	64	0	0	0	0	0	0	0	0	0	0	0	0	0	1	0	0	1	9999	12963	0	132500	0	0.0	0	0	0	0.0	0	0	0	0.0	0	0	0	0.0	0	0	0	0.0	0	0	0	0.0	0	0	0	0.0	0	0	0	0.0	0	0	0	0.0	0	0	0	0.0	0	0	0.0	0	1	0	0	0	false	true	false	0	0	0	4796	4795	4794	0	0	0	0	-1	true	0	0	false	0	false	false	0	false	42	0	true	0	false	true	0	0	false	0	0	0	true	0		0
348365830	1000003651	1000085826	{1000018966}	{1000019038},{1000020368}	64	0	0	0	0	0	0	0	0	0	0	0	0	0	1	0	0	1	9999	12936	0	132500	0	0.0	0	0	0	0.0	0	0	0	0.0	0	0	0	0.0	0	0	0	0.0	0	0	0	0.0	0	0	0	0.0	0	0	0	0.0	0	0	0	0.0	0	0	0	0.0	0	0	0.0	0	1	0	0	0	false	true	false	0	0	0	4796	4795	4794	0	0	0	0	-1	true	0	0	false	0	false	false	0	false	42	0	true	0	false	true	0	0	false	0	0	0	true	0		0
348349446	1000003651	1000085826	{1000018987}	{1000019855},{1000020391}	64	0	0	0	0	0	0	0	0	0	0	0	0	0	1	0	0	1	9999	12896	0	132500	0	0.0	0	0	0	0.0	0	0	0	0.0	0	0	0	0.0	0	0	0	0.0	0	0	0	0.0	0	0	0	0.0	0	0	0	0.0	0	0	0	0.0	0	0	0	0.0	0	0	0.0	0	1	0	0	0	false	true	false	0	0	0	4796	4795	4794	0	0	0	0	-1	true	0	0	false	0	false	false	0	false	42	0	true	0	false	true	0	0	false	0	0	0	true	0		0
348349447	1000003651	1000085826	{1000018666}	{1000019855},{1000020666}	64	0	0	0	0	0	0	0	0	0	0	0	0	0	1	0	0	1	9999	12898	0	132500	0	0.0	0	0	0	0.0	0	0	0	0.0	0	0	0	0.0	0	0	0	0.0	0	0	0	0.0	0	0	0	0.0	0	0	0	0.0	0	0	0	0.0	0	0	0	0.0	0	0	0.0	0	1	0	0	0	false	true	false	0	0	0	4796	4795	4794	0	0	0	0	-1	true	0	0	false	0	false	false	0	false	42	0	true	0	false	true	0	0	false	0	0	0	true	0		0
348357639	1000003651	1000085826	{1000018675}	{1000019862},{1000020687}	64	0	0	0	0	0	0	0	0	0	0	0	0	0	1	0	0	1	9999	12913	0	132500	0	0.0	0	0	0	0.0	0	0	0	0.0	0	0	0	0.0	0	0	0	0.0	0	0	0	0.0	0	0	0	0.0	0	0	0	0.0	0	0	0	0.0	0	0	0	0.0	0	0	0.0	0	1	0	0	0	false	true	false	0	0	0	4796	4795	4794	0	0	0	0	-1	true	0	0	false	0	false	false	0	false	42	0	true	0	false	true	0	0	false	0	0	0	true	0		0
348382215	1000003651	1000085826	{1000018694}	{1000019864},{1000021284}	64	0	0	0	0	0	0	0	0	0	0	0	0	0	1	0	0	1	9999	12955	0	132500	0	0.0	0	0	0	0.0	0	0	0	0.0	0	0	0	0.0	0	0	0	0.0	0	0	0	0.0	0	0	0	0.0	0	0	0	0.0	0	0	0	0.0	0	0	0	0.0	0	0	0.0	0	1	0	0	0	false	true	false	0	0	0	4796	4795	4794	0	0	0	0	-1	true	0	0	false	0	false	false	0	false	42	0	true	0	false	true	0	0	false	0	0	0	true	0		0
348374023	1000003651	1000085826	{1000018684}	{1000019863},{1000021233}	64	0	0	0	0	0	0	0	0	0	0	0	0	0	1	0	0	1	9999	12945	0	132500	0	0.0	0	0	0	0.0	0	0	0	0.0	0	0	0	0.0	0	0	0	0.0	0	0	0	0.0	0	0	0	0.0	0	0	0	0.0	0	0	0	0.0	0	0	0	0.0	0	0	0.0	0	1	0	0	0	false	true	false	0	0	0	4796	4795	4794	0	0	0	0	-1	true	0	0	false	0	false	false	0	false	42	0	true	0	false	true	0	0	false	0	0	0	true	0		0
348358658	1000003651	1000085826	{1000019003}	{1000019862},{1000020691}	64	0	0	0	0	0	0	0	0	0	0	0	0	0	1	0	0	2	9999	12921	0	265000	0	0.0	0	0	0	0.0	0	0	0	0.0	0	0	0	0.0	0	0	0	0.0	0	0	0	0.0	0	0	0	0.0	0	0	0	0.0	0	0	0	0.0	0	0	0	0.0	0	0	0.0	0	1	0	0	0	false	true	false	0	0	0	4796	4795	4794	0	0	0	0	-1	true	0	0	false	0	false	false	0	false	42	0	true	0	false	true	0	0	false	0	0	0	true	0		0
348375042	1000003651	1000085826	{1000019017}	{1000019863},{1000021237}	64	0	0	0	0	0	0	0	0	0	0	0	0	0	1	0	0	2	9999	12912	0	265000	0	0.0	0	0	0	0.0	0	0	0	0.0	0	0	0	0.0	0	0	0	0.0	0	0	0	0.0	0	0	0	0.0	0	0	0	0.0	0	0	0	0.0	0	0	0	0.0	0	0	0.0	0	1	0	0	0	false	true	false	0	0	0	4796	4795	4794	0	0	0	0	-1	true	0	0	false	0	false	false	0	false	42	0	true	0	false	true	0	0	false	0	0	0	true	0		0
348383234	1000003651	1000085826	{1000019028}	{1000019864},{1000021291}	64	0	0	0	0	0	0	0	0	0	0	0	0	0	1	0	0	2	9999	12147	0	265000	0	0.0	0	0	0	0.0	0	0	0	0.0	0	0	0	0.0	0	0	0	0.0	0	0	0	0.0	0	0	0	0.0	0	0	0	0.0	0	0	0	0.0	0	0	0	0.0	0	0	0.0	0	1	0	0	0	false	true	false	0	0	0	4796	4795	4794	0	0	0	0	-1	true	0	0	false	0	false	false	0	false	42	0	true	0	false	true	0	0	false	0	0	0	true	0		0
348349448	1000003651	1000085826	{1000018667}	{1000019855},{1000020667}	64	0	0	0	0	0	0	0	0	0	0	0	0	0	1	0	0	1	9999	12880	0	132500	0	0.0	0	0	0	0.0	0	0	0	0.0	0	0	0	0.0	0	0	0	0.0	0	0	0	0.0	0	0	0	0.0	0	0	0	0.0	0	0	0	0.0	0	0	0	0.0	0	0	0.0	0	1	0	0	0	false	true	false	0	0	0	4796	4795	4794	0	0	0	0	-1	true	0	0	false	0	false	false	0	false	42	0	true	0	false	true	0	0	false	0	0	0	true	0		0
348357640	1000003651	1000085826	{1000018676}	{1000019862},{1000020688}	64	0	0	0	0	0	0	0	0	0	0	0	0	0	1	0	0	1	9999	12908	0	132500	0	0.0	0	0	0	0.0	0	0	0	0.0	0	0	0	0.0	0	0	0	0.0	0	0	0	0.0	0	0	0	0.0	0	0	0	0.0	0	0	0	0.0	0	0	0	0.0	0	0	0.0	0	1	0	0	0	false	true	false	0	0	0	4796	4795	4794	0	0	0	0	-1	true	0	0	false	0	false	false	0	false	42	0	true	0	false	true	0	0	false	0	0	0	true	0		0
348382216	1000003651	1000085826	{1000018695}	{1000019864},{1000021285}	64	0	0	0	0	0	0	0	0	0	0	0	0	0	1	0	0	1	9999	12952	0	132500	0	0.0	0	0	0	0.0	0	0	0	0.0	0	0	0	0.0	0	0	0	0.0	0	0	0	0.0	0	0	0	0.0	0	0	0	0.0	0	0	0	0.0	0	0	0	0.0	0	0	0.0	0	1	0	0	0	false	true	false	0	0	0	4796	4795	4794	0	0	0	0	-1	true	0	0	false	0	false	false	0	false	42	0	true	0	false	true	0	0	false	0	0	0	true	0		0
348366851	1000003651	1000085826	{1000018975}	{1000019038},{1000019848}	64	0	0	0	0	0	0	0	0	0	0	0	0	0	1	0	0	2	9999	12928	0	265000	0	0.0	0	0	0	0.0	0	0	0	0.0	0	0	0	0.0	0	0	0	0.0	0	0	0	0.0	0	0	0	0.0	0	0	0	0.0	0	0	0	0.0	0	0	0	0.0	0	0	0.0	0	1	0	0	0	false	true	false	0	0	0	4796	4795	4794	0	0	0	0	-1	true	0	0	false	0	false	false	0	false	42	0	true	0	false	true	0	0	false	0	0	0	true	0		0
348367873	1000003651	1000085826	{1000018977}	{1000019038},{1000020374}	64	0	0	0	0	0	0	0	0	0	0	0	0	0	1	0	0	3	9999	12933	0	48727	0	0.0	0	0	0	0.0	0	0	0	0.0	0	0	0	0.0	0	0	0	0.0	0	0	0	0.0	0	0	0	0.0	0	0	0	0.0	0	0	0	0.0	0	0	0	0.0	0	0	0.0	0	1	0	0	0	false	true	false	0	0	0	4796	4795	4794	0	0	0	0	-1	true	0	0	false	0	false	false	0	false	42	0	true	0	false	true	0	0	false	0	0	0	true	0		0
348351489	1000003651	1000085826	{1000018991}	{1000019855},{1000020672}	64	0	0	0	0	0	0	0	0	0	0	0	0	0	1	0	0	3	9999	12861	0	360000	0	0.0	0	0	0	0.0	0	0	0	0.0	0	0	0	0.0	0	0	0	0.0	0	0	0	0.0	0	0	0	0.0	0	0	0	0.0	0	0	0	0.0	0	0	0	0.0	0	0	0.0	0	1	0	0	0	false	true	false	0	0	0	4796	4795	4794	0	0	0	0	-1	true	0	0	false	0	false	false	0	false	42	0	true	0	false	true	0	0	false	0	0	0	true	0		0
348359681	1000003651	1000085826	{1000019005}	{1000019862},{1000020692}	64	0	0	0	0	0	0	0	0	0	0	0	0	0	1	0	0	3	9999	13047	0	48727	0	0.0	0	0	0	0.0	0	0	0	0.0	0	0	0	0.0	0	0	0	0.0	0	0	0	0.0	0	0	0	0.0	0	0	0	0.0	0	0	0	0.0	0	0	0	0.0	0	0	0.0	0	1	0	0	0	false	true	false	0	0	0	4796	4795	4794	0	0	0	0	-1	true	0	0	false	0	false	false	0	false	42	0	true	0	false	true	0	0	false	0	0	0	true	0		0
348376065	1000003651	1000085826	{1000019019}	{1000019863},{1000021239}	64	0	0	0	0	0	0	0	0	0	0	0	0	0	1	0	0	3	9999	13030	0	360000	0	0.0	0	0	0	0.0	0	0	0	0.0	0	0	0	0.0	0	0	0	0.0	0	0	0	0.0	0	0	0	0.0	0	0	0	0.0	0	0	0	0.0	0	0	0	0.0	0	0	0.0	0	1	0	0	0	false	true	false	0	0	0	4796	4795	4794	0	0	0	0	-1	true	0	0	false	0	false	false	0	false	42	0	true	0	false	true	0	0	false	0	0	0	true	0		0
348384257	1000003651	1000085826	{1000019031}	{1000019864},{1000021294}	64	0	0	0	0	0	0	0	0	0	0	0	0	0	1	0	0	3	9999	12954	0	360000	0	0.0	0	0	0	0.0	0	0	0	0.0	0	0	0	0.0	0	0	0	0.0	0	0	0	0.0	0	0	0	0.0	0	0	0	0.0	0	0	0	0.0	0	0	0	0.0	0	0	0.0	0	1	0	0	0	false	true	false	0	0	0	4796	4795	4794	0	0	0	0	-1	true	0	0	false	0	false	false	0	false	42	0	true	0	false	true	0	0	false	0	0	0	true	0		0
348365831	1000003651	1000085826	{1000018967}	{1000019038},{1000020369}	64	0	0	0	0	0	0	0	0	0	0	0	0	0	1	0	0	1	9999	12933	0	64500	0	0.0	0	0	0	0.0	0	0	0	0.0	0	0	0	0.0	0	0	0	0.0	0	0	0	0.0	0	0	0	0.0	0	0	0	0.0	0	0	0	0.0	0	0	0	0.0	0	0	0.0	0	1	0	0	0	false	true	false	0	0	0	4796	4795	4794	0	0	0	0	-1	true	0	0	false	0	false	false	0	false	42	0	true	0	false	true	0	0	false	0	0	0	true	0		0
348365832	1000003651	1000085826	{1000018968}	{1000019038},{1000020370}	64	0	0	0	0	0	0	0	0	0	0	0	0	0	1	0	0	1	9999	12932	0	64500	0	0.0	0	0	0	0.0	0	0	0	0.0	0	0	0	0.0	0	0	0	0.0	0	0	0	0.0	0	0	0	0.0	0	0	0	0.0	0	0	0	0.0	0	0	0	0.0	0	0	0.0	0	1	0	0	0	false	true	false	0	0	0	4796	4795	4794	0	0	0	0	-1	true	0	0	false	0	false	false	0	false	42	0	true	0	false	true	0	0	false	0	0	0	true	0		0
348365833	1000003651	1000085826	{1000018969}	{1000019038},{1000020371}	64	0	0	0	0	0	0	0	0	0	0	0	0	0	1	0	0	1	9999	12922	0	64500	0	0.0	0	0	0	0.0	0	0	0	0.0	0	0	0	0.0	0	0	0	0.0	0	0	0	0.0	0	0	0	0.0	0	0	0	0.0	0	0	0	0.0	0	0	0	0.0	0	0	0.0	0	1	0	0	0	false	true	false	0	0	0	4796	4795	4794	0	0	0	0	-1	true	0	0	false	0	false	false	0	false	42	0	true	0	false	true	0	0	false	0	0	0	true	0		0
348349449	1000003651	1000085826	{1000018668}	{1000019855},{1000020668}	64	0	0	0	0	0	0	0	0	0	0	0	0	0	1	0	0	1	9999	12897	0	64500	0	0.0	0	0	0	0.0	0	0	0	0.0	0	0	0	0.0	0	0	0	0.0	0	0	0	0.0	0	0	0	0.0	0	0	0	0.0	0	0	0	0.0	0	0	0	0.0	0	0	0.0	0	1	0	0	0	false	true	false	0	0	0	4796	4795	4794	0	0	0	0	-1	true	0	0	false	0	false	false	0	false	42	0	true	0	false	true	0	0	false	0	0	0	true	0		0
348350467	1000003651	1000085826	{1000018990}	{1000019855},{1000020671}	64	0	0	0	0	0	0	0	0	0	0	0	0	0	1	0	0	2	9999	12921	0	127000	0	0.0	0	0	0	0.0	0	0	0	0.0	0	0	0	0.0	0	0	0	0.0	0	0	0	0.0	0	0	0	0.0	0	0	0	0.0	0	0	0	0.0	0	0	0	0.0	0	0	0.0	0	1	0	0	0	false	true	false	0	0	0	4796	4795	4794	0	0	0	0	-1	true	0	0	false	0	false	false	0	false	42	0	true	0	false	true	0	0	false	0	0	0	true	0		0
348357641	1000003651	1000085826	{1000018677}	{1000019862},{1000020689}	64	0	0	0	0	0	0	0	0	0	0	0	0	0	1	0	0	1	9999	12589	0	132500	0	0.0	0	0	0	0.0	0	0	0	0.0	0	0	0	0.0	0	0	0	0.0	0	0	0	0.0	0	0	0	0.0	0	0	0	0.0	0	0	0	0.0	0	0	0	0.0	0	0	0.0	0	1	0	0	0	false	true	false	0	0	0	4796	4795	4794	0	0	0	0	-1	true	0	0	false	0	false	false	0	false	42	0	true	0	false	true	0	0	false	0	0	0	true	0		0
348374024	1000003651	1000085826	{1000019014}	{1000019863},{1000021234}	64	0	0	0	0	0	0	0	0	0	0	0	0	0	1	0	0	1	9999	12949	0	132500	0	0.0	0	0	0	0.0	0	0	0	0.0	0	0	0	0.0	0	0	0	0.0	0	0	0	0.0	0	0	0	0.0	0	0	0	0.0	0	0	0	0.0	0	0	0	0.0	0	0	0.0	0	1	0	0	0	false	true	false	0	0	0	4796	4795	4794	0	0	0	0	-1	true	0	0	false	0	false	false	0	false	42	0	true	0	false	true	0	0	false	0	0	0	true	0		0
348374025	1000003651	1000085826	{1000019015}	{1000019863},{1000021235}	64	0	0	0	0	0	0	0	0	0	0	0	0	0	1	0	0	1	9999	12950	0	132500	0	0.0	0	0	0	0.0	0	0	0	0.0	0	0	0	0.0	0	0	0	0.0	0	0	0	0.0	0	0	0	0.0	0	0	0	0.0	0	0	0	0.0	0	0	0	0.0	0	0	0.0	0	1	0	0	0	false	true	false	0	0	0	4796	4795	4794	0	0	0	0	-1	true	0	0	false	0	false	false	0	false	42	0	true	0	false	true	0	0	false	0	0	0	true	0		0
348382217	1000003651	1000085826	{1000018696}	{1000019864},{1000021286}	64	0	0	0	0	0	0	0	0	0	0	0	0	0	1	0	0	1	9999	13045	0	132500	0	0.0	0	0	0	0.0	0	0	0	0.0	0	0	0	0.0	0	0	0	0.0	0	0	0	0.0	0	0	0	0.0	0	0	0	0.0	0	0	0	0.0	0	0	0	0.0	0	0	0.0	0	1	0	0	0	false	true	false	0	0	0	4796	4795	4794	0	0	0	0	-1	true	0	0	false	0	false	false	0	false	42	0	true	0	false	true	0	0	false	0	0	0	true	0		0
348358659	1000003651	1000085826	{1000019004}	{1000019862},{1000020708}	64	0	0	0	0	0	0	0	0	0	0	0	0	0	1	0	0	2	9999	12923	0	265000	0	0.0	0	0	0	0.0	0	0	0	0.0	0	0	0	0.0	0	0	0	0.0	0	0	0	0.0	0	0	0	0.0	0	0	0	0.0	0	0	0	0.0	0	0	0	0.0	0	0	0.0	0	1	0	0	0	false	true	false	0	0	0	4796	4795	4794	0	0	0	0	-1	true	0	0	false	0	false	false	0	false	42	0	true	0	false	true	0	0	false	0	0	0	true	0		0
348365834	1000003651	1000085826	{1000018970}	{1000019038},{1000020372}	64	0	0	0	0	0	0	0	0	0	0	0	0	0	1	0	0	1	9999	12919	0	202000	0	0.0	0	0	0	0.0	0	0	0	0.0	0	0	0	0.0	0	0	0	0.0	0	0	0	0.0	0	0	0	0.0	0	0	0	0.0	0	0	0	0.0	0	0	0	0.0	0	0	0.0	0	1	0	0	0	false	true	false	0	0	0	4796	4795	4794	0	0	0	0	-1	true	0	0	false	0	false	false	0	false	42	0	true	0	false	true	0	0	false	0	0	0	true	0		0
348365835	1000003651	1000085826	{1000018971}	{1000019038},{1000020373}	64	0	0	0	0	0	0	0	0	0	0	0	0	0	1	0	0	1	9999	12918	0	202000	0	0.0	0	0	0	0.0	0	0	0	0.0	0	0	0	0.0	0	0	0	0.0	0	0	0	0.0	0	0	0	0.0	0	0	0	0.0	0	0	0	0.0	0	0	0	0.0	0	0	0.0	0	1	0	0	0	false	true	false	0	0	0	4796	4795	4794	0	0	0	0	-1	true	0	0	false	0	false	false	0	false	42	0	true	0	false	true	0	0	false	0	0	0	true	0		0
348365836	1000003651	1000085826	{1000018972}	{1000019038},{1000020374}	64	0	0	0	0	0	0	0	0	0	0	0	0	0	1	0	0	1	9999	12917	0	202000	0	0.0	0	0	0	0.0	0	0	0	0.0	0	0	0	0.0	0	0	0	0.0	0	0	0	0.0	0	0	0	0.0	0	0	0	0.0	0	0	0	0.0	0	0	0	0.0	0	0	0.0	0	1	0	0	0	false	true	false	0	0	0	4796	4795	4794	0	0	0	0	-1	true	0	0	false	0	false	false	0	false	42	0	true	0	false	true	0	0	false	0	0	0	true	0		0
348382218	1000003651	1000085826	{1000018697}	{1000019864},{1000021287}	64	0	0	0	0	0	0	0	0	0	0	0	0	0	1	0	0	1	9999	12959	0	202000	0	0.0	0	0	0	0.0	0	0	0	0.0	0	0	0	0.0	0	0	0	0.0	0	0	0	0.0	0	0	0	0.0	0	0	0	0.0	0	0	0	0.0	0	0	0	0.0	0	0	0.0	0	1	0	0	0	false	true	false	0	0	0	4796	4795	4794	0	0	0	0	-1	true	0	0	false	0	false	false	0	false	42	0	true	0	false	true	0	0	false	0	0	0	true	0		0
348382219	1000003651	1000085826	{1000018698}	{1000019864},{1000021288}	64	0	0	0	0	0	0	0	0	0	0	0	0	0	1	0	0	1	9999	12958	0	202000	0	0.0	0	0	0	0.0	0	0	0	0.0	0	0	0	0.0	0	0	0	0.0	0	0	0	0.0	0	0	0	0.0	0	0	0	0.0	0	0	0	0.0	0	0	0	0.0	0	0	0.0	0	1	0	0	0	false	true	false	0	0	0	4796	4795	4794	0	0	0	0	-1	true	0	0	false	0	false	false	0	false	42	0	true	0	false	true	0	0	false	0	0	0	true	0		0
348382220	1000003651	1000085826	{1000018699}	{1000019864},{1000021289}	64	0	0	0	0	0	0	0	0	0	0	0	0	0	1	0	0	1	9999	12961	0	202000	0	0.0	0	0	0	0.0	0	0	0	0.0	0	0	0	0.0	0	0	0	0.0	0	0	0	0.0	0	0	0	0.0	0	0	0	0.0	0	0	0	0.0	0	0	0	0.0	0	0	0.0	0	1	0	0	0	false	true	false	0	0	0	4796	4795	4794	0	0	0	0	-1	true	0	0	false	0	false	false	0	false	42	0	true	0	false	true	0	0	false	0	0	0	true	0		0
348383235	1000003651	1000085826	{1000019029}	{1000019864},{1000021292}	64	0	0	0	0	0	0	0	0	0	0	0	0	0	1	0	0	2	9999	12956	0	402000	0	0.0	0	0	0	0.0	0	0	0	0.0	0	0	0	0.0	0	0	0	0.0	0	0	0	0.0	0	0	0	0.0	0	0	0	0.0	0	0	0	0.0	0	0	0	0.0	0	0	0.0	0	1	0	0	0	false	true	false	0	0	0	4796	4795	4794	0	0	0	0	-1	true	0	0	false	0	false	false	0	false	42	0	true	0	false	true	0	0	false	0	0	0	true	0		0
348375043	1000003651	1000085826	{1000019018}	{1000019863},{1000021238}	64	0	0	0	0	0	0	0	0	0	0	0	0	0	1	0	0	2	9999	12105	0	402000	0	0.0	0	0	0	0.0	0	0	0	0.0	0	0	0	0.0	0	0	0	0.0	0	0	0	0.0	0	0	0	0.0	0	0	0	0.0	0	0	0	0.0	0	0	0	0.0	0	0	0.0	0	1	0	0	0	false	true	false	0	0	0	4796	4795	4794	0	0	0	0	-1	true	0	0	false	0	false	false	0	false	42	0	true	0	false	true	0	0	false	0	0	0	true	0		0
348351490	1000117103	1000117102		{1000117100},{1000117104}	2	0	0	0	0	0	0	0	0	0	0	0	0	0	1	0	0	3	9999	12454	0	48727	0	0.0	0	0	0	0.0	0	0	0	0.0	0	0	0	0.0	0	0	0	0.0	0	0	0	0.0	0	0	0	0.0	0	0	0	0.0	0	0	0	0.0	0	0	0	0.0	0	0	0.0	0	1	0	0	0	false	true	false	0	0	0	4796	4795	4794	0	0	0	0	-1	true	0	0	false	0	false	false	0	false	42	0	true	0	false	true	0	0	false	0	0	0	true	0		0
268475874	1000018992	1000029656		{1000019855},{1000020673}	64	0	0	0	0	0	0	0	0	0	0	0	0	0	1	0	0	3	9999	12454	0	250000	0	0.0	0	0	0	0.0	0	0	0	0.0	0	0	0	0.0	0	0	0	0.0	0	0	0	0.0	0	0	0	0.0	0	0	0	0.0	0	0	0	0.0	0	0	0	0.0	0	0	0.0	0	1	0	0	0	false	true	false	0	0	0	4796	4795	4794	0	0	0	0	-1	true	0	0	false	0	false	false	0	false	42	0	true	0	false	true	0	0	false	0	0	0	true	0		0
348359682	1000003651	1000085826	{1000019006}	{1000019862},{1000020693}	64	0	0	0	0	0	0	0	0	0	0	0	0	0	1	0	0	3	9999	13048	0	18920	0	0.0	0	0	0	0.0	0	0	0	0.0	0	0	0	0.0	0	0	0	0.0	0	0	0	0.0	0	0	0	0.0	0	0	0	0.0	0	0	0	0.0	0	0	0	0.0	0	0	0.0	0	1	0	0	0	false	true	false	0	0	0	4796	4795	4794	0	0	0	0	-1	true	0	0	false	0	false	false	0	false	42	0	true	0	false	true	0	0	false	0	0	0	true	0		0
348376066	1000003651	1000085826	{1000019020}	{1000019863},{1000021240}	64	0	0	0	0	0	0	0	0	0	0	0	0	0	1	0	0	3	9999	13031	0	18920	0	0.0	0	0	0	0.0	0	0	0	0.0	0	0	0	0.0	0	0	0	0.0	0	0	0	0.0	0	0	0	0.0	0	0	0	0.0	0	0	0	0.0	0	0	0	0.0	0	0	0.0	0	1	0	0	0	false	true	false	0	0	0	4796	4795	4794	0	0	0	0	-1	true	0	0	false	0	false	false	0	false	42	0	true	0	false	true	0	0	false	0	0	0	true	0		0
348367874	1000003651	1000085826	{1000018978}	{1000019038},{1000020378}	64	0	0	0	0	0	0	0	0	0	0	0	0	0	1	0	0	3	9999	12923	0	18920	0	0.0	0	0	0	0.0	0	0	0	0.0	0	0	0	0.0	0	0	0	0.0	0	0	0	0.0	0	0	0	0.0	0	0	0	0.0	0	0	0	0.0	0	0	0	0.0	0	0	0.0	0	1	0	0	0	false	true	false	0	0	0	4796	4795	4794	0	0	0	0	-1	true	0	0	false	0	false	false	0	false	42	0	true	0	false	true	0	0	false	0	0	0	true	0		0
348384258	1000003651	1000085826	{1000019032}	{1000019864},{1000021295}	64	0	0	0	0	0	0	0	0	0	0	0	0	0	1	0	0	3	9999	13040	0	18920	0	0.0	0	0	0	0.0	0	0	0	0.0	0	0	0	0.0	0	0	0	0.0	0	0	0	0.0	0	0	0	0.0	0	0	0	0.0	0	0	0	0.0	0	0	0	0.0	0	0	0.0	0	1	0	0	0	false	true	false	0	0	0	4796	4795	4794	0	0	0	0	-1	true	0	0	false	0	false	false	0	false	42	0	true	0	false	true	0	0	false	0	0	0	true	0		0
348351492	1000003651	1000085826	{1000018994}	{1000019855},{1000020675}	64	0	0	0	0	0	0	0	0	0	0	0	0	0	1	0	0	3	9999	12594	0	48997	0	0.0	0	0	0	0.0	0	0	0	0.0	0	0	0	0.0	0	0	0	0.0	0	0	0	0.0	0	0	0	0.0	0	0	0	0.0	0	0	0	0.0	0	0	0	0.0	0	0	0.0	0	1	0	0	0	false	true	false	0	0	0	4796	4795	4794	0	0	0	0	-1	true	0	0	false	0	false	false	0	false	42	0	true	0	false	true	0	0	false	0	0	0	true	0		0
348376068	1000003651	1000085827	{1000019022}	{1000019863},{1000021242}	64	0	0	0	0	0	0	0	0	0	0	0	0	0	1	0	0	3	9999	12945	0	48997	0	0.0	0	0	0	0.0	0	0	0	0.0	0	0	0	0.0	0	0	0	0.0	0	0	0	0.0	0	0	0	0.0	0	0	0	0.0	0	0	0	0.0	0	0	0	0.0	0	0	0.0	0	1	0	0	0	false	true	false	0	0	0	4796	4795	4794	0	0	0	0	-1	true	0	0	false	0	false	false	0	false	42	0	true	0	false	true	0	0	false	0	0	0	true	0		0
348366852	1000003651	1000085826	{1000018976}	{1000019038},{1000020377}	64	0	0	0	0	0	0	0	0	0	0	0	0	0	1	0	0	2	9999	12915	0	0	0	0.0	0	0	0	0.0	0	0	0	0.0	0	0	0	0.0	0	0	0	0.0	0	0	0	0.0	0	0	0	0.0	0	0	0	0.0	0	0	0	0.0	0	0	0	0.0	0	0	0.0	0	1	0	0	0	false	true	false	0	0	0	4796	4795	4794	0	0	0	0	-1	true	0	0	false	0	false	false	0	false	42	0	true	0	false	true	0	0	false	0	0	0	true	0		0
348383236	1000003651	1000085826	{1000019030}	{1000019864},{1000021293}	64	0	0	0	0	0	0	0	0	0	0	0	0	0	1	0	0	2	9999	12144	0	0	0	0.0	0	0	0	0.0	0	0	0	0.0	0	0	0	0.0	0	0	0	0.0	0	0	0	0.0	0	0	0	0.0	0	0	0	0.0	0	0	0	0.0	0	0	0	0.0	0	0	0.0	0	1	0	0	0	false	true	false	0	0	0	4796	4795	4794	0	0	0	0	-1	true	0	0	false	0	false	false	0	false	42	0	true	0	false	true	0	0	false	0	0	0	true	0		0
348351491	1000003651	1000085826	{1000018993}	{1000019855},{1000020674}	64	0	0	0	0	0	0	0	0	0	0	0	0	0	1	0	0	3	9999	12872	0	18920	0	0.0	0	0	0	0.0	0	0	0	0.0	0	0	0	0.0	0	0	0	0.0	0	0	0	0.0	0	0	0	0.0	0	0	0	0.0	0	0	0	0.0	0	0	0	0.0	0	0	0.0	0	1	0	0	0	false	true	false	0	0	0	4796	4795	4794	0	0	0	0	-1	true	0	0	false	0	false	false	0	false	42	0	true	0	false	true	0	0	false	0	0	0	true	0		0
348376067	1000003651	1000085826	{1000019021}	{1000019863},{1000021241}	64	0	0	0	0	0	0	0	0	0	0	0	0	0	1	0	0	3	9999	12537	0	18920	0	0.0	0	0	0	0.0	0	0	0	0.0	0	0	0	0.0	0	0	0	0.0	0	0	0	0.0	0	0	0	0.0	0	0	0	0.0	0	0	0	0.0	0	0	0	0.0	0	0	0.0	0	1	0	0	0	false	true	false	0	0	0	4796	4795	4794	0	0	0	0	-1	true	0	0	false	0	false	false	0	false	42	0	true	0	false	true	0	0	false	0	0	0	true	0		0
348359683	1000003651	1000085826	{1000019007}	{1000019862},{1000020694}	64	0	0	0	0	0	0	0	0	0	0	0	0	0	1	0	0	3	9999	13049	0	18920	0	0.0	0	0	0	0.0	0	0	0	0.0	0	0	0	0.0	0	0	0	0.0	0	0	0	0.0	0	0	0	0.0	0	0	0	0.0	0	0	0	0.0	0	0	0	0.0	0	0	0.0	0	1	0	0	0	false	true	false	0	0	0	4796	4795	4794	0	0	0	0	-1	true	0	0	false	0	false	false	0	false	42	0	true	0	false	true	0	0	false	0	0	0	true	0		0
348367875	1000003651	1000085826	{1000018979}	{1000019038},{1000020379}	64	0	0	0	0	0	0	0	0	0	0	0	0	0	1	0	0	3	9999	13037	0	48997	0	0.0	0	0	0	0.0	0	0	0	0.0	0	0	0	0.0	0	0	0	0.0	0	0	0	0.0	0	0	0	0.0	0	0	0	0.0	0	0	0	0.0	0	0	0	0.0	0	0	0.0	0	1	0	0	0	false	true	false	0	0	0	4796	4795	4794	0	0	0	0	-1	true	0	0	false	0	false	false	0	false	42	0	true	0	false	true	0	0	false	0	0	0	true	0		0
348384259	1000003651	1000085826	{1000019033}	{1000019864},{1000021296}	64	0	0	0	0	0	0	0	0	0	0	0	0	0	1	0	0	3	9999	12953	0	48997	0	0.0	0	0	0	0.0	0	0	0	0.0	0	0	0	0.0	0	0	0	0.0	0	0	0	0.0	0	0	0	0.0	0	0	0	0.0	0	0	0	0.0	0	0	0	0.0	0	0	0.0	0	1	0	0	0	false	true	false	0	0	0	4796	4795	4794	0	0	0	0	-1	true	0	0	false	0	false	false	0	false	42	0	true	0	false	true	0	0	false	0	0	0	true	0		0
348359684	1000003651	1000085826	{1000019008}	{1000019862},{1000021221}	64	0	0	0	0	0	0	0	0	0	0	0	0	0	1	0	0	3	9999	12590	0	48997	0	0.0	0	0	0	0.0	0	0	0	0.0	0	0	0	0.0	0	0	0	0.0	0	0	0	0.0	0	0	0	0.0	0	0	0	0.0	0	0	0	0.0	0	0	0	0.0	0	0	0.0	0	1	0	0	0	false	true	false	0	0	0	4796	4795	4794	0	0	0	0	-1	true	0	0	false	0	false	false	0	false	42	0	true	0	false	true	0	0	false	0	0	0	true	0		0
348384260	1000003651	1000085826	{1000019034}	{1000019864},{1000021312}	64	0	0	0	0	0	0	0	0	0	0	0	0	0	1	0	0	3	9999	13046	0	64893	0	0.0	0	0	0	0.0	0	0	0	0.0	0	0	0	0.0	0	0	0	0.0	0	0	0	0.0	0	0	0	0.0	0	0	0	0.0	0	0	0	0.0	0	0	0	0.0	0	0	0.0	0	1	0	0	0	false	true	false	0	0	0	4796	4795	4794	0	0	0	0	-1	true	0	0	false	0	false	false	0	false	42	0	true	0	false	true	0	0	false	0	0	0	true	0		0
348367876	1000003651	1000085826	{1000018980}	{1000019038},{1000020380}	64	0	0	0	0	0	0	0	0	0	0	0	0	0	1	0	0	3	9999	12211	0	64893	0	0.0	0	0	0	0.0	0	0	0	0.0	0	0	0	0.0	0	0	0	0.0	0	0	0	0.0	0	0	0	0.0	0	0	0	0.0	0	0	0	0.0	0	0	0	0.0	0	0	0.0	0	1	0	0	0	false	true	false	0	0	0	4796	4795	4794	0	0	0	0	-1	true	0	0	false	0	false	false	0	false	42	0	true	0	false	true	0	0	false	0	0	0	true	0		0
348351493	1000003651	1000085826	{1000018995}	{1000019855},{1000020676}	64	0	0	0	0	0	0	0	0	0	0	0	0	0	1	0	0	3	9999	12890	0	48997	0	0.0	0	0	0	0.0	0	0	0	0.0	0	0	0	0.0	0	0	0	0.0	0	0	0	0.0	0	0	0	0.0	0	0	0	0.0	0	0	0	0.0	0	0	0	0.0	0	0	0.0	0	1	0	0	0	false	true	false	0	0	0	4796	4795	4794	0	0	0	0	-1	true	0	0	false	0	false	false	0	false	42	0	true	0	false	true	0	0	false	0	0	0	true	0		0
348359685	1000003651	1000085826	{1000019009}	{1000019862},{1000021222}	64	0	0	0	0	0	0	0	0	0	0	0	0	0	1	0	0	3	9999	12589	0	48997	0	0.0	0	0	0	0.0	0	0	0	0.0	0	0	0	0.0	0	0	0	0.0	0	0	0	0.0	0	0	0	0.0	0	0	0	0.0	0	0	0	0.0	0	0	0	0.0	0	0	0.0	0	1	0	0	0	false	true	false	0	0	0	4796	4795	4794	0	0	0	0	-1	true	0	0	false	0	false	false	0	false	42	0	true	0	false	true	0	0	false	0	0	0	true	0		0
348376069	1000003651	1000085826	{1000019023}	{1000019863},{1000021243}	64	0	0	0	0	0	0	0	0	0	0	0	0	0	1	0	0	3	9999	12538	0	48997	0	0.0	0	0	0	0.0	0	0	0	0.0	0	0	0	0.0	0	0	0	0.0	0	0	0	0.0	0	0	0	0.0	0	0	0	0.0	0	0	0	0.0	0	0	0	0.0	0	0	0.0	0	1	0	0	0	false	true	false	0	0	0	4796	4795	4794	0	0	0	0	-1	true	0	0	false	0	false	false	0	false	42	0	true	0	false	true	0	0	false	0	0	0	true	0		0
348367877	1000003651	1000085826	{1000018981}	{1000019038},{1000020381}	64	0	0	0	0	0	0	0	0	0	0	0	0	0	1	0	0	3	9999	13044	0	148284	0	0.0	0	0	0	0.0	0	0	0	0.0	0	0	0	0.0	0	0	0	0.0	0	0	0	0.0	0	0	0	0.0	0	0	0	0.0	0	0	0	0.0	0	0	0	0.0	0	0	0.0	0	1	0	0	0	false	true	false	0	0	0	4796	4795	4794	0	0	0	0	-1	true	0	0	false	0	false	false	0	false	42	0	true	0	false	true	0	0	false	0	0	0	true	0		0
348384261	1000003651	1000085826	{1000019035}	{1000019864},{1000021313}	64	0	0	0	0	0	0	0	0	0	0	0	0	0	1	0	0	3	9999	12964	0	148284	0	0.0	0	0	0	0.0	0	0	0	0.0	0	0	0	0.0	0	0	0	0.0	0	0	0	0.0	0	0	0	0.0	0	0	0	0.0	0	0	0	0.0	0	0	0	0.0	0	0	0.0	0	1	0	0	0	false	true	false	0	0	0	4796	4795	4794	0	0	0	0	-1	true	0	0	false	0	false	false	0	false	42	0	true	0	false	true	0	0	false	0	0	0	true	0		0
348367878	1000003651	1000085826	{1000018982}	{1000019038},{1000020382}	64	0	0	0	0	0	0	0	0	0	0	0	0	0	1	0	0	3	9999	12562	0	64893	0	0.0	0	0	0	0.0	0	0	0	0.0	0	0	0	0.0	0	0	0	0.0	0	0	0	0.0	0	0	0	0.0	0	0	0	0.0	0	0	0	0.0	0	0	0	0.0	0	0	0.0	0	1	0	0	0	false	true	false	0	0	0	4796	4795	4794	0	0	0	0	-1	true	0	0	false	0	false	false	0	false	42	0	true	0	false	true	0	0	false	0	0	0	true	0		0
348359686	1000003651	1000085826	{1000019010}	{1000019862},{1000021223}	64	0	0	0	0	0	0	0	0	0	0	0	0	0	1	0	0	3	9999	13042	0	64893	0	0.0	0	0	0	0.0	0	0	0	0.0	0	0	0	0.0	0	0	0	0.0	0	0	0	0.0	0	0	0	0.0	0	0	0	0.0	0	0	0	0.0	0	0	0	0.0	0	0	0.0	0	1	0	0	0	false	true	false	0	0	0	4796	4795	4794	0	0	0	0	-1	true	0	0	false	0	false	false	0	false	42	0	true	0	false	true	0	0	false	0	0	0	true	0		0
348376070	1000003651	1000085826	{1000019024}	{1000019863},{1000021274}	64	0	0	0	0	0	0	0	0	0	0	0	0	0	1	0	0	3	9999	12942	0	64893	0	0.0	0	0	0	0.0	0	0	0	0.0	0	0	0	0.0	0	0	0	0.0	0	0	0	0.0	0	0	0	0.0	0	0	0	0.0	0	0	0	0.0	0	0	0	0.0	0	0	0.0	0	1	0	0	0	false	true	false	0	0	0	4796	4795	4794	0	0	0	0	-1	true	0	0	false	0	false	false	0	false	42	0	true	0	false	true	0	0	false	0	0	0	true	0		0
348351494	1000003651	1000085826	{1000018996}	{1000019855},{1000020677}	64	0	0	0	0	0	0	0	0	0	0	0	0	0	1	0	0	3	9999	12895	0	64893	0	0.0	0	0	0	0.0	0	0	0	0.0	0	0	0	0.0	0	0	0	0.0	0	0	0	0.0	0	0	0	0.0	0	0	0	0.0	0	0	0	0.0	0	0	0	0.0	0	0	0.0	0	1	0	0	0	false	true	false	0	0	0	4796	4795	4794	0	0	0	0	-1	true	0	0	false	0	false	false	0	false	42	0	true	0	false	true	0	0	false	0	0	0	true	0		0
348384262	1000003651	1000085826	{1000019036}	{1000019864},{1000021314}	64	0	0	0	0	0	0	0	0	0	0	0	0	0	1	0	0	3	9999	13041	0	64893	0	0.0	0	0	0	0.0	0	0	0	0.0	0	0	0	0.0	0	0	0	0.0	0	0	0	0.0	0	0	0	0.0	0	0	0	0.0	0	0	0	0.0	0	0	0	0.0	0	0	0.0	0	1	0	0	0	false	true	false	0	0	0	4796	4795	4794	0	0	0	0	-1	true	0	0	false	0	false	false	0	false	42	0	true	0	false	true	0	0	false	0	0	0	true	0		0
348351495	1000003651	1000085826	{1000018997}	{1000019855},{1000020678}	64	0	0	0	0	0	0	0	0	0	0	0	0	0	1	0	0	3	9999	12894	0	64893	0	0.0	0	0	0	0.0	0	0	0	0.0	0	0	0	0.0	0	0	0	0.0	0	0	0	0.0	0	0	0	0.0	0	0	0	0.0	0	0	0	0.0	0	0	0	0.0	0	0	0.0	0	1	0	0	0	false	true	false	0	0	0	4796	4795	4794	0	0	0	0	-1	true	0	0	false	0	false	false	0	false	42	0	true	0	false	true	0	0	false	0	0	0	true	0		0
348359687	1000003651	1000085826	{1000019011}	{1000019862},{1000021224}	64	0	0	0	0	0	0	0	0	0	0	0	0	0	1	0	0	3	9999	12589	0	64893	0	0.0	0	0	0	0.0	0	0	0	0.0	0	0	0	0.0	0	0	0	0.0	0	0	0	0.0	0	0	0	0.0	0	0	0	0.0	0	0	0	0.0	0	0	0	0.0	0	0	0.0	0	1	0	0	0	false	true	false	0	0	0	4796	4795	4794	0	0	0	0	-1	true	0	0	false	0	false	false	0	false	42	0	true	0	false	true	0	0	false	0	0	0	true	0		0
348376071	1000003651	1000085826	{1000019025}	{1000019863},{1000021275}	64	0	0	0	0	0	0	0	0	0	0	0	0	0	1	0	0	3	9999	12536	0	64893	0	0.0	0	0	0	0.0	0	0	0	0.0	0	0	0	0.0	0	0	0	0.0	0	0	0	0.0	0	0	0	0.0	0	0	0	0.0	0	0	0	0.0	0	0	0	0.0	0	0	0.0	0	1	0	0	0	false	true	false	0	0	0	4796	4795	4794	0	0	0	0	-1	true	0	0	false	0	false	false	0	false	42	0	true	0	false	true	0	0	false	0	0	0	true	0		0
348351496	1000003651	1000085826	{1000018998}	{1000019855},{1000020679}	64	0	0	0	0	0	0	0	0	0	0	0	0	0	1	0	0	3	9999	12881	0	148284	0	0.0	0	0	0	0.0	0	0	0	0.0	0	0	0	0.0	0	0	0	0.0	0	0	0	0.0	0	0	0	0.0	0	0	0	0.0	0	0	0	0.0	0	0	0	0.0	0	0	0.0	0	1	0	0	0	false	true	false	0	0	0	4796	4795	4794	0	0	0	0	-1	true	0	0	false	0	false	false	0	false	42	0	true	0	false	true	0	0	false	0	0	0	true	0		0
348359688	1000003651	1000085826	{1000019012}	{1000019862},{1000021225}	64	0	0	0	0	0	0	0	0	0	0	0	0	0	1	0	0	3	9999	12908	0	148284	0	0.0	0	0	0	0.0	0	0	0	0.0	0	0	0	0.0	0	0	0	0.0	0	0	0	0.0	0	0	0	0.0	0	0	0	0.0	0	0	0	0.0	0	0	0	0.0	0	0	0.0	0	1	0	0	0	false	true	false	0	0	0	4796	4795	4794	0	0	0	0	-1	true	0	0	false	0	false	false	0	false	42	0	true	0	false	true	0	0	false	0	0	0	true	0		0
348376072	1000003651	1000085826	{1000018685}	{1000019863},{1000021276}	64	0	0	0	0	0	0	0	0	0	0	0	0	0	1	0	0	3	9999	12921	0	148284	0	0.0	0	0	0	0.0	0	0	0	0.0	0	0	0	0.0	0	0	0	0.0	0	0	0	0.0	0	0	0	0.0	0	0	0	0.0	0	0	0	0.0	0	0	0	0.0	0	0	0.0	0	1	0	0	0	false	true	false	0	0	0	4796	4795	4794	0	0	0	0	-1	true	0	0	false	0	false	false	0	false	42	0	true	0	false	true	0	0	false	0	0	0	true	0		0
348351497	1000003651	1000085826	{1000018999}	{1000019855},{1000020680}	64	0	0	0	0	0	0	0	0	0	0	0	0	0	1	0	0	3	9999	12897	0	148284	0	0.0	0	0	0	0.0	0	0	0	0.0	0	0	0	0.0	0	0	0	0.0	0	0	0	0.0	0	0	0	0.0	0	0	0	0.0	0	0	0	0.0	0	0	0	0.0	0	0	0.0	0	1	0	0	0	false	true	false	0	0	0	4796	4795	4794	0	0	0	0	-1	true	0	0	false	0	false	false	0	false	42	0	true	0	false	true	0	0	false	0	0	0	true	0		0
348359689	1000003651	1000085826	{1000019013}	{1000019862},{1000021226}	64	0	0	0	0	0	0	0	0	0	0	0	0	0	1	0	0	3	9999	12562	0	148284	0	0.0	0	0	0	0.0	0	0	0	0.0	0	0	0	0.0	0	0	0	0.0	0	0	0	0.0	0	0	0	0.0	0	0	0	0.0	0	0	0	0.0	0	0	0	0.0	0	0	0.0	0	1	0	0	0	false	true	false	0	0	0	4796	4795	4794	0	0	0	0	-1	true	0	0	false	0	false	false	0	false	42	0	true	0	false	true	0	0	false	0	0	0	true	0		0
348376073	1000003651	1000085826	{1000019026}	{1000019863},{1000021277}	64	0	0	0	0	0	0	0	0	0	0	0	0	0	1	0	0	3	9999	12901	0	148284	0	0.0	0	0	0	0.0	0	0	0	0.0	0	0	0	0.0	0	0	0	0.0	0	0	0	0.0	0	0	0	0.0	0	0	0	0.0	0	0	0	0.0	0	0	0	0.0	0	0	0.0	0	1	0	0	0	false	true	false	0	0	0	4796	4795	4794	0	0	0	0	-1	true	0	0	false	0	false	false	0	false	42	0	true	0	false	true	0	0	false	0	0	0	true	0		0
336990720	1000003651	1000038305	{1000020319}	{1000026391},{1000020325}	152	0	0	0	0	0	0	0	0	0	0	0	0	0	1	0	0	3	9999	12279	0	1175	0	0.0	0	0	0	0.0	0	0	0	0.0	0	0	0	0.0	0	0	0	0.0	0	0	0	0.0	0	0	0	0.0	0	0	0	0.0	0	0	0	0.0	0	0	0	0.0	0	0	0.0	0	1	0	0	0	false	true	false	0	0	0	4796	4795	4794	0	0	0	0	-1	true	0	0	false	0	false	false	0	false	12	0	true	11	false	true	0	0	false	0	0	0	true	0		0
348243969	1000004083	1000117102	{1000063608},{1000022387}	{1000117100},{1000117104}	2	0	0	0	0	0	0	0	0	0	0	0	0	0	1	0	0	3	9999	12454	0	310000	0	0.0	0	0	0	0.0	0	0	0	0.0	0	0	0	0.0	0	0	0	0.0	0	0	0	0.0	0	0	0	0.0	0	0	0	0.0	0	0	0	0.0	0	0	0	0.0	0	0	0.0	0	1	0	0	0	false	true	false	0	0	0	4796	4795	4794	0	0	0	0	-1	true	0	0	false	0	false	false	0	false	42	0	true	0	false	true	0	0	false	0	0	0	true	0		0
268475873	1000003651	1000162637	{1000022387}		152	0	0	0	0	0	0	0	0	0	0	0	0	0	1	0	0	3	9999	12454	0	1000000	0	0.0	0	0	0	0.0	0	0	0	0.0	0	0	0	0.0	0	0	0	0.0	0	0	0	0.0	0	0	0	0.0	0	0	0	0.0	0	0	0	0.0	0	0	0	0.0	0	0	0.0	0	1	0	0	0	false	true	false	0	0	0	4796	4795	4794	0	0	0	0	-1	true	0	0	false	0	false	false	0	false	12	0	true	0	false	true	0	0	false	0	0	0	true	0		0
268443231	1000003651	1000055394	{1000055390}	{1000019862},{1000055392},{1000021702},{6332},{1000055393}	64	0	0	0	0	0	0	0	0	0	0	0	0	0	1	0	0	3	9999	12912	0	64893	0	0.0	0	0	0	0.0	0	0	0	0.0	0	0	0	0.0	0	0	0	0.0	0	0	0	0.0	0	0	0	0.0	0	0	0	0.0	0	0	0	0.0	0	0	0	0.0	0	0	0.0	0	1	0	1	0	false	true	false	0	0	0	4796	4795	4794	0	0	0	0	-1	true	0	0	false	0	false	false	0	false	42	0	true	0	false	true	0	0	false	0	0	0	true	0		0
268456668	1000084835	1000029654		{1000084847},{1000084848}	64	0	0	0	0	0	0	0	0	0	0	0	0	0	1	0	0	1	9999	12888	0	72	0	0.0	0	0	0	0.0	0	0	0	0.0	0	0	0	0.0	0	0	0	0.0	0	0	0	0.0	0	0	0	0.0	0	0	0	0.0	0	0	0	0.0	0	0	0	0.0	0	0	0.0	0	1	0	0	0	false	true	false	0	0	0	4796	4795	4794	0	0	0	0	-1	true	0	0	false	0	false	false	0	false	42	0	true	0	false	true	0	0	false	0	0	0	true	0		0
268456669	1000084836	1000029654		{1000084847},{1000084849}	64	0	0	0	0	0	0	0	0	0	0	0	0	0	1	0	0	1	9999	12913	0	72	0	0.0	0	0	0	0.0	0	0	0	0.0	0	0	0	0.0	0	0	0	0.0	0	0	0	0.0	0	0	0	0.0	0	0	0	0.0	0	0	0	0.0	0	0	0	0.0	0	0	0.0	0	1	0	0	0	false	true	false	0	0	0	4796	4795	4794	0	0	0	0	-1	true	0	0	false	0	false	false	0	false	42	0	true	0	false	true	0	0	false	0	0	0	true	0		0
268456670	1000003651	1000029654	{1000084837}	{1000084847},{1000084850}	64	0	0	0	0	0	0	0	0	0	0	0	0	0	1	0	0	1	9999	12919	0	3500	0	0.0	0	0	0	0.0	0	0	0	0.0	0	0	0	0.0	0	0	0	0.0	0	0	0	0.0	0	0	0	0.0	0	0	0	0.0	0	0	0	0.0	0	0	0	0.0	0	0	0.0	0	1	0	0	0	false	true	false	0	0	0	4796	4795	4794	0	0	0	0	-1	true	0	0	false	0	false	false	0	false	42	0	true	0	false	true	0	0	false	0	0	0	true	0		0
268456671	1000003651	1000029654	{1000084838}	{1000084847},{1000084851}	64	0	0	0	0	0	0	0	0	0	0	0	0	0	1	0	0	1	9999	12944	0	3500	0	0.0	0	0	0	0.0	0	0	0	0.0	0	0	0	0.0	0	0	0	0.0	0	0	0	0.0	0	0	0	0.0	0	0	0	0.0	0	0	0	0.0	0	0	0	0.0	0	0	0.0	0	1	0	0	0	false	true	false	0	0	0	4796	4795	4794	0	0	0	0	-1	true	0	0	false	0	false	false	0	false	42	0	true	0	false	true	0	0	false	0	0	0	true	0		0
268456672	1000003651	1000029654	{1000084839}	{1000084847},{1000084852}	64	0	0	0	0	0	0	0	0	0	0	0	0	0	1	0	0	2	9999	12940	0	17500	0	0.0	0	0	0	0.0	0	0	0	0.0	0	0	0	0.0	0	0	0	0.0	0	0	0	0.0	0	0	0	0.0	0	0	0	0.0	0	0	0	0.0	0	0	0	0.0	0	0	0.0	0	1	0	0	0	false	true	false	0	0	0	4796	4795	4794	0	0	0	0	-1	true	0	0	false	0	false	false	0	false	42	0	true	0	false	true	0	0	false	0	0	0	true	0		0
268456673	1000003651	1000029654	{1000084840}	{1000084847},{1000084853}	64	0	0	0	0	0	0	0	0	0	0	0	0	0	1	0	0	2	9999	12895	0	17500	0	0.0	0	0	0	0.0	0	0	0	0.0	0	0	0	0.0	0	0	0	0.0	0	0	0	0.0	0	0	0	0.0	0	0	0	0.0	0	0	0	0.0	0	0	0	0.0	0	0	0.0	0	1	0	0	0	false	true	false	0	0	0	4796	4795	4794	0	0	0	0	-1	true	0	0	false	0	false	false	0	false	42	0	true	0	false	true	0	0	false	0	0	0	true	0		0
268457325	1000009972	1000085958	{1000085952},{1000085953}	{1000085956},{1000085957}	64	0	0	0	0	0	0	0	0	0	0	0	0	0	1	0	0	1	9999	12234	0	1000	0	0.0	0	0	0	0.0	0	0	0	0.0	0	0	0	0.0	0	0	0	0.0	0	0	0	0.0	0	0	0	0.0	0	0	0	0.0	0	0	0	0.0	0	0	0	0.0	0	0	0.0	0	1	0	1	0	false	true	false	0	0	0	4796	4795	4794	0	0	0	0	-1	true	0	0	false	0	false	false	0	false	42	0	true	0	false	true	0	0	false	0	0	0	true	0		0
268457326	1000009972	1000085958	{1000085954},{1000085953}	{1000085956},{1000085959}	64	0	0	0	0	0	0	0	0	0	0	0	0	0	1	0	0	1	9999	12876	0	1000	0	0.0	0	0	0	0.0	0	0	0	0.0	0	0	0	0.0	0	0	0	0.0	0	0	0	0.0	0	0	0	0.0	0	0	0	0.0	0	0	0	0.0	0	0	0	0.0	0	0	0.0	0	1	0	1	0	false	true	false	0	0	0	4796	4795	4794	0	0	0	0	-1	true	0	0	false	0	false	false	0	false	42	0	true	0	false	true	0	0	false	0	0	0	true	0		0
268457327	1000009972	1000085958	{1000085955},{1000085953}	{1000085956},{1000085960}	64	0	0	0	0	0	0	0	0	0	0	0	0	0	1	0	0	1	9999	14357	0	1000	0	0.0	0	0	0	0.0	0	0	0	0.0	0	0	0	0.0	0	0	0	0.0	0	0	0	0.0	0	0	0	0.0	0	0	0	0.0	0	0	0	0.0	0	0	0	0.0	0	0	0.0	0	1	0	1	0	false	true	false	0	0	0	4796	4795	4794	0	0	0	0	-1	true	0	0	false	0	false	false	0	false	42	0	true	0	false	true	0	0	false	0	0	0	true	0		0
268476576	1000003651	1000017040	{1000120557}	{1000120558},{1000121029}	64	0	0	0	0	0	0	0	0	0	0	0	0	0	1	0	0	4	9999	14974	0	1000	0	0.0	0	0	0	0.0	0	0	0	0.0	0	0	0	0.0	0	0	0	0.0	0	0	0	0.0	0	0	0	0.0	0	0	0	0.0	0	0	0	0.0	0	0	0	0.0	0	0	0.0	0	1	0	1	0	false	true	false	0	0	0	4796	4795	4794	0	0	0	0	-1	true	0	0	false	0	false	false	0	false	42	0	true	0	false	true	0	0	false	0	0	0	true	0		0
268476755	1000121994	1000029654		{1000084847},{1000122004}	64	0	0	0	0	0	0	0	0	0	0	0	0	0	1	0	0	2	9999	12943	0	1000	0	0.0	0	0	0	0.0	0	0	0	0.0	0	0	0	0.0	0	0	0	0.0	0	0	0	0.0	0	0	0	0.0	0	0	0	0.0	0	0	0	0.0	0	0	0	0.0	0	0	0.0	0	1	0	0	0	false	true	false	0	0	0	4796	4795	4794	0	0	0	0	-1	true	0	0	false	0	false	false	0	false	42	0	true	0	false	true	0	0	false	0	0	0	true	0		0
268476756	1000121995	1000029654		{1000084847},{1000122005}	64	0	0	0	0	0	0	0	0	0	0	0	0	0	1	0	0	3	9999	12911	0	2500	0	0.0	0	0	0	0.0	0	0	0	0.0	0	0	0	0.0	0	0	0	0.0	0	0	0	0.0	0	0	0	0.0	0	0	0	0.0	0	0	0	0.0	0	0	0	0.0	0	0	0.0	0	1	0	0	0	false	true	false	0	0	0	4796	4795	4794	0	0	0	0	-1	true	0	0	false	0	false	false	0	false	42	0	true	0	false	true	0	0	false	0	0	0	true	0		0
268476757	1000121996	1000029654		{1000084847},{1000122006}	64	0	0	0	0	0	0	0	0	0	0	0	0	0	1	0	0	2	9999	12873	0	1000	0	0.0	0	0	0	0.0	0	0	0	0.0	0	0	0	0.0	0	0	0	0.0	0	0	0	0.0	0	0	0	0.0	0	0	0	0.0	0	0	0	0.0	0	0	0	0.0	0	0	0.0	0	1	0	0	0	false	true	false	0	0	0	4796	4795	4794	0	0	0	0	-1	true	0	0	false	0	false	false	0	false	42	0	true	0	false	true	0	0	false	0	0	0	true	0		0
268476758	1000121997	1000029654		{1000084847},{1000122007}	64	0	0	0	0	0	0	0	0	0	0	0	0	0	1	0	0	3	9999	12874	0	2500	0	0.0	0	0	0	0.0	0	0	0	0.0	0	0	0	0.0	0	0	0	0.0	0	0	0	0.0	0	0	0	0.0	0	0	0	0.0	0	0	0	0.0	0	0	0	0.0	0	0	0.0	0	1	0	0	0	false	true	false	0	0	0	4796	4795	4794	0	0	0	0	-1	true	0	0	false	0	false	false	0	false	42	0	true	0	false	true	0	0	false	0	0	0	true	0		0
268476759	1000122231	1000029654		{1000084847},{1000122008}	64	0	0	0	0	0	0	0	0	0	0	0	0	0	1	0	0	2	9999	12961	0	1000	0	0.0	0	0	0	0.0	0	0	0	0.0	0	0	0	0.0	0	0	0	0.0	0	0	0	0.0	0	0	0	0.0	0	0	0	0.0	0	0	0	0.0	0	0	0	0.0	0	0	0.0	0	1	0	0	0	false	true	false	0	0	0	4796	4795	4794	0	0	0	0	-1	true	0	0	false	0	false	false	0	false	42	0	true	0	false	true	0	0	false	0	0	0	true	0		0
268476760	1000121999	1000029654		{1000084847},{1000122009}	64	0	0	0	0	0	0	0	0	0	0	0	0	0	1	0	0	3	9999	12105	0	2500	0	0.0	0	0	0	0.0	0	0	0	0.0	0	0	0	0.0	0	0	0	0.0	0	0	0	0.0	0	0	0	0.0	0	0	0	0.0	0	0	0	0.0	0	0	0	0.0	0	0	0.0	0	1	0	0	0	false	true	false	0	0	0	4796	4795	4794	0	0	0	0	-1	true	0	0	false	0	false	false	0	false	42	0	true	0	false	true	0	0	false	0	0	0	true	0		0
268476761	1000122000	1000029654		{1000084847},{1000020683}	64	0	0	0	0	0	0	0	0	0	0	0	0	0	1	0	0	2	9999	12911	0	1000	0	0.0	0	0	0	0.0	0	0	0	0.0	0	0	0	0.0	0	0	0	0.0	0	0	0	0.0	0	0	0	0.0	0	0	0	0.0	0	0	0	0.0	0	0	0	0.0	0	0	0.0	0	1	0	0	0	false	true	false	0	0	0	4796	4795	4794	0	0	0	0	-1	true	0	0	false	0	false	false	0	false	42	0	true	0	false	true	0	0	false	0	0	0	true	0		0
268476762	1000122001	1000029654		{1000084847},{1000122010}	64	0	0	0	0	0	0	0	0	0	0	0	0	0	1	0	0	3	9999	12912	0	2500	0	0.0	0	0	0	0.0	0	0	0	0.0	0	0	0	0.0	0	0	0	0.0	0	0	0	0.0	0	0	0	0.0	0	0	0	0.0	0	0	0	0.0	0	0	0	0.0	0	0	0.0	0	1	0	0	0	false	true	false	0	0	0	4796	4795	4794	0	0	0	0	-1	true	0	0	false	0	false	false	0	false	42	0	true	0	false	true	0	0	false	0	0	0	true	0		0
268476763	1000122002	1000029654		{1000084847},{1000020386}	64	0	0	0	0	0	0	0	0	0	0	0	0	0	1	0	0	3	9999	12864	0	2500	0	0.0	0	0	0	0.0	0	0	0	0.0	0	0	0	0.0	0	0	0	0.0	0	0	0	0.0	0	0	0	0.0	0	0	0	0.0	0	0	0	0.0	0	0	0	0.0	0	0	0.0	0	1	0	0	0	false	true	false	0	0	0	4796	4795	4794	0	0	0	0	-1	true	0	0	false	0	false	false	0	false	42	0	true	0	false	true	0	0	false	0	0	0	true	0		0
268476764	1000122011	1000029654		{1000084847},{1000020672}	64	0	0	0	0	0	0	0	0	0	0	0	0	0	1	0	0	4	9999	12861	0	5000	0	0.0	0	0	0	0.0	0	0	0	0.0	0	0	0	0.0	0	0	0	0.0	0	0	0	0.0	0	0	0	0.0	0	0	0	0.0	0	0	0	0.0	0	0	0	0.0	0	0	0.0	0	1	0	0	0	false	true	false	0	0	0	4796	4795	4794	0	0	0	0	-1	true	0	0	false	0	false	false	0	false	42	0	true	0	false	true	0	0	false	0	0	0	true	0		0
268477848	1000003651	1000130149	{1000129544}	{1000120558},{1000130148}	64	0	0	0	0	0	0	0	0	0	0	0	0	0	1	0	0	4	9999	14890	0	5000	0	0.0	0	0	0	0.0	0	0	0	0.0	0	0	0	0.0	0	0	0	0.0	0	0	0	0.0	0	0	0	0.0	0	0	0	0.0	0	0	0	0.0	0	0	0	0.0	0	0	0.0	0	1	0	1	0	false	true	false	0	0	0	4796	4795	4794	0	0	0	0	-1	true	0	0	false	0	false	false	0	false	42	0	true	0	false	true	0	0	false	0	0	0	true	0		0
