ROWID	_DropGroupID|INTEGER	_FTGBoostFlag|BOOLEAN	_Difficulty|INTEGER	_ExDifficulty|INTEGER	_DropID|INTEGER	_Expectation|DOUBLE	_PropertyDrop|BOOLEAN	_MinLevel|INTEGER	_MaxLevel|INTEGER	_PropertyDropCopy|BOOLEAN
78285274	92280439	true	1	0	92279996	1.0	true	1	3	false
78285275	92280439	true	1	0	92279997	1.0	true	4	5	false
78285276	92280439	true	1	0	92279998	1.0	true	6	7	false
78285277	92280439	true	1	0	92279999	1.0	true	8	9	false
78285278	92280439	true	1	0	92280000	1.0	true	10	11	false
78285279	92280440	true	1	0	92279996	1.0	true	1	3	false
78285280	92280440	true	1	0	92279997	1.0	true	4	5	false
78285281	92280440	true	1	0	92279998	1.0	true	6	7	false
78285282	92280440	true	1	0	92279999	1.0	true	8	9	false
78285283	92280440	true	1	0	92280000	1.0	true	10	11	false
78285284	92280440	true	1	0	92280237	0.1	true	0	0	false
78285379	92280441	false	1	0	92279996	1.0	true	1	3	false
78285380	92280441	false	1	0	92279997	1.0	true	4	5	false
78285381	92280441	false	1	0	92279998	1.0	true	6	7	false
78285382	92280441	false	1	0	92279999	1.0	true	8	9	false
78285383	92280441	false	1	0	92280000	1.0	true	10	11	false
78285384	92280441	false	1	0	92280001	1.0	true	12	13	false
78285385	92280441	false	1	0	92280002	1.0	true	14	15	false
78285386	92280441	false	1	0	92280003	1.0	true	16	17	false
78285387	92280441	false	1	0	92280004	1.0	true	18	19	false
78285388	92280441	false	1	0	92280005	1.0	true	20	21	false
78285389	92280441	false	1	0	92280006	1.0	true	22	23	false
78285390	92280441	false	1	0	92280007	1.0	true	24	25	false
78285391	92280441	false	1	0	92280008	1.0	true	26	27	false
78285392	92280441	false	1	0	92280009	1.0	true	28	29	false
78285393	92280441	false	1	0	92280010	1.0	true	30	31	false
78285394	92280441	false	1	0	92280011	1.0	true	32	33	false
78285395	92280441	false	1	0	92280012	1.0	true	34	35	false
78285396	92280441	false	1	0	92280013	1.0	true	36	37	false
78285397	92280441	false	1	0	92280014	1.0	true	38	39	false
78285398	92280441	false	1	0	92280015	1.0	true	40	41	false
78285399	92280441	false	1	0	92280016	1.0	true	42	43	false
78285400	92280441	false	1	0	92280017	1.0	true	44	45	false
78285401	92280441	false	1	0	92280018	1.0	true	46	47	false
78285402	92280441	false	1	0	92280019	1.0	true	48	49	false
78285403	92280441	false	1	0	92280020	1.0	true	50	51	false
78285404	92280441	false	1	0	92280021	1.0	true	52	53	false
78285405	92280441	false	1	0	92280022	1.0	true	54	55	false
78285406	92280441	false	1	0	92280023	1.0	true	56	57	false
78285407	92280441	false	1	0	92280024	1.0	true	58	59	false
78285408	92280441	false	1	0	92280025	1.0	true	60	61	false
78285409	92280441	false	1	0	92280026	1.0	true	62	63	false
78285410	92280441	false	1	0	92280027	1.0	true	64	65	false
78285411	92280441	false	1	0	92280028	1.0	true	66	67	false
78285412	92280441	false	1	0	92280029	1.0	true	68	69	false
78285413	92280441	false	1	0	92280030	1.0	true	70	71	false
78285414	92280441	false	1	0	92280031	1.0	true	72	73	false
78285415	92280441	false	1	0	92280032	1.0	true	74	75	false
78285416	92280441	false	1	0	92280033	1.0	true	76	77	false
78285417	92280441	false	1	0	92280034	1.0	true	78	79	false
78285418	92280441	false	1	0	92280035	1.0	true	80	81	false
78285419	92280441	false	1	0	92280036	1.0	true	82	83	false
78285420	92280441	false	1	0	92280037	1.0	true	84	85	false
78285421	92280441	false	1	0	92280038	1.0	true	86	87	false
78285422	92280441	false	1	0	92280039	1.0	true	88	89	false
78285423	92280441	false	1	0	92280060	1.0	true	90	90	false
78285424	92280441	false	1	0	92280061	1.0	true	91	92	false
78285425	92280441	false	1	0	92280062	1.0	true	93	94	false
78285426	92280441	false	1	0	92279961	0.3	true	16	23	false
78285427	92280441	false	1	0	92279962	0.3	true	24	31	false
78285428	92280441	false	1	0	92279963	0.3	true	32	39	false
78285429	92280441	false	1	0	92279964	0.3	true	40	49	false
78285430	92280441	false	1	0	92279965	0.3	true	50	59	false
78285431	92280441	false	1	0	92279966	0.3	true	60	69	false
78285432	92280441	false	1	0	92279967	0.3	true	70	79	false
78285433	92280441	false	1	0	92279968	0.3	true	80	89	false
78285434	92280441	false	1	0	92279969	0.3	true	90	92	false
78285435	92280441	false	1	0	92279970	0.3	true	93	94	false
78285436	92280441	false	1	0	92279971	0.3	true	60	69	false
78285437	92280441	false	1	0	92279972	0.3	true	70	79	false
78285438	92280441	false	1	0	92279973	0.3	true	80	89	false
78285439	92280441	false	1	0	92279974	0.3	true	90	92	false
78285440	92280441	false	1	0	92279975	0.3	true	93	94	false
78285441	92280441	false	1	0	92279976	0.3	true	40	49	false
78285442	92280441	false	1	0	92279977	0.3	true	50	59	false
78285443	92280441	false	1	0	92279978	0.3	true	60	69	false
78285444	92280441	false	1	0	92279979	0.3	true	70	79	false
78285445	92280441	false	1	0	92279980	0.3	true	80	89	false
78285446	92280441	false	1	0	92279981	0.3	true	90	92	false
78285447	92280441	false	1	0	92279982	0.3	true	93	94	false
78285448	92280441	false	1	0	92279983	0.5	true	10	19	false
78285449	92280441	false	1	0	92279984	0.5	true	20	29	false
78285450	92280441	false	1	0	92279985	0.5	true	30	39	false
78285451	92280441	false	1	0	92279986	0.5	true	40	49	false
78285452	92280441	false	1	0	92279987	0.5	true	50	59	false
78285453	92280441	false	1	0	92279988	0.5	true	60	69	false
78285454	92280441	false	1	0	92279989	0.5	true	70	79	false
78285455	92280441	false	1	0	92279990	0.5	true	80	89	false
78285456	92280441	false	1	0	92279991	0.5	true	90	90	false
78285457	92280441	false	1	0	92279992	0.5	true	91	92	false
78285458	92280441	false	1	0	92279993	0.5	true	93	94	false
78285459	92280441	false	1	0	92280090	1.0	true	1	94	false
78285460	92280441	true	1	0	92280305	1.0	true	95	95	false
78285461	92280441	true	1	0	92280306	0.003	true	95	95	false
78285462	92280441	true	1	0	92280307	0.1	true	95	95	false
78285464	92280441	true	1	0	92280209	9.9E-4	true	95	95	false
78288078	92280441	true	1	10	92280601	0.032131147	true	95	95	false
78288079	92280441	true	1	11	92280601	0.04177049	true	95	95	false
78288080	92280441	true	1	12	92280601	0.05430164	true	95	95	false
78288081	92280441	true	1	13	92280601	0.07059213	true	95	95	false
78288082	92280441	true	1	14	92280601	0.09176977	true	95	95	false
78288083	92280441	true	1	15	92280601	0.1193007	true	95	95	false
78288084	92280441	true	1	16	92280601	0.15509091	true	95	95	false
78288085	92280441	true	1	17	92280601	0.20161818	true	95	95	false
78288086	92280441	true	1	18	92280601	0.26210365	true	95	95	false
78288087	92280441	true	1	19	92280601	0.34073472	true	95	95	false
78288088	92280441	true	1	20	92280601	0.44295517	true	95	95	false
78288089	92280441	true	1	21	92280601	0.5758417	true	95	95	false
78288450	92280441	true	1	22	92280601	0.7686	true	95	95	false
78288090	92280441	true	1	5	92280602	6.2E-4	true	95	95	false
78288091	92280441	true	1	6	92280602	0.00126	true	95	95	false
78288092	92280441	true	1	7	92280602	0.0025	true	95	95	false
78288093	92280441	true	1	8	92280602	0.005	true	95	95	false
78288094	92280441	true	1	9	92280602	0.01	true	95	95	false
78288095	92280441	true	1	10	92280602	0.02	true	95	95	false
78288096	92280441	true	1	11	92280602	0.0252	true	95	95	false
78288097	92280441	true	1	12	92280602	0.03176	true	95	95	false
78288098	92280441	true	1	13	92280602	0.04	true	95	95	false
78288099	92280441	true	1	14	92280602	0.0504	true	95	95	false
78288100	92280441	true	1	15	92280602	0.06352	true	95	95	false
78288101	92280441	true	1	16	92280602	0.08004	true	95	95	false
78288102	92280441	true	1	17	92280602	0.10084	true	95	95	false
78288103	92280441	true	1	18	92280602	0.12706	true	95	95	false
78288104	92280441	true	1	19	92280602	0.1601	true	95	95	false
78288105	92280441	true	1	20	92280602	0.20172	true	95	95	false
78288106	92280441	true	1	21	92280602	0.25416	true	95	95	false
78288451	92280441	true	1	22	92280602	0.3202	true	95	95	false
78285559	92280442	false	1	0	92279996	1.0	true	1	3	false
78285560	92280442	false	1	0	92279997	1.0	true	4	5	false
78285561	92280442	false	1	0	92279998	1.0	true	6	7	false
78285562	92280442	false	1	0	92279999	1.0	true	8	9	false
78285563	92280442	false	1	0	92280000	1.0	true	10	11	false
78285564	92280442	false	1	0	92280001	1.0	true	12	13	false
78285565	92280442	false	1	0	92280002	1.0	true	14	15	false
78285566	92280442	false	1	0	92280003	1.0	true	16	17	false
78285567	92280442	false	1	0	92280004	1.0	true	18	19	false
78285568	92280442	false	1	0	92280005	1.0	true	20	21	false
78285569	92280442	false	1	0	92280006	1.0	true	22	23	false
78285570	92280442	false	1	0	92280007	1.0	true	24	25	false
78285571	92280442	false	1	0	92280008	1.0	true	26	27	false
78285572	92280442	false	1	0	92280009	1.0	true	28	29	false
78285573	92280442	false	1	0	92280010	1.0	true	30	31	false
78285574	92280442	false	1	0	92280011	1.0	true	32	33	false
78285575	92280442	false	1	0	92280012	1.0	true	34	35	false
78285576	92280442	false	1	0	92280013	1.0	true	36	37	false
78285577	92280442	false	1	0	92280014	1.0	true	38	39	false
78285578	92280442	false	1	0	92280015	1.0	true	40	41	false
78285579	92280442	false	1	0	92280016	1.0	true	42	43	false
78285580	92280442	false	1	0	92280017	1.0	true	44	45	false
78285581	92280442	false	1	0	92280018	1.0	true	46	47	false
78285582	92280442	false	1	0	92280019	1.0	true	48	49	false
78285583	92280442	false	1	0	92280020	1.0	true	50	51	false
78285584	92280442	false	1	0	92280021	1.0	true	52	53	false
78285585	92280442	false	1	0	92280022	1.0	true	54	55	false
78285586	92280442	false	1	0	92280023	1.0	true	56	57	false
78285587	92280442	false	1	0	92280024	1.0	true	58	59	false
78285588	92280442	false	1	0	92280025	1.0	true	60	61	false
78285589	92280442	false	1	0	92280026	1.0	true	62	63	false
78285590	92280442	false	1	0	92280027	1.0	true	64	65	false
78285591	92280442	false	1	0	92280028	1.0	true	66	67	false
78285592	92280442	false	1	0	92280029	1.0	true	68	69	false
78285593	92280442	false	1	0	92280030	1.0	true	70	71	false
78285594	92280442	false	1	0	92280031	1.0	true	72	73	false
78285595	92280442	false	1	0	92280032	1.0	true	74	75	false
78285596	92280442	false	1	0	92280033	1.0	true	76	77	false
78285597	92280442	false	1	0	92280034	1.0	true	78	79	false
78285598	92280442	false	1	0	92280035	1.0	true	80	81	false
78285599	92280442	false	1	0	92280036	1.0	true	82	83	false
78285600	92280442	false	1	0	92280037	1.0	true	84	85	false
78285601	92280442	false	1	0	92280038	1.0	true	86	87	false
78285602	92280442	false	1	0	92280039	1.0	true	88	89	false
78285603	92280442	false	1	0	92280060	1.0	true	90	90	false
78285604	92280442	false	1	0	92280061	1.0	true	91	92	false
78285605	92280442	false	1	0	92280062	1.0	true	93	94	false
78285606	92280442	false	1	0	92279961	0.3	true	16	23	false
78285607	92280442	false	1	0	92279962	0.3	true	24	31	false
78285608	92280442	false	1	0	92279963	0.3	true	32	39	false
78285609	92280442	false	1	0	92279964	0.3	true	40	49	false
78285610	92280442	false	1	0	92279965	0.3	true	50	59	false
78285611	92280442	false	1	0	92279966	0.3	true	60	69	false
78285612	92280442	false	1	0	92279967	0.3	true	70	79	false
78285613	92280442	false	1	0	92279968	0.3	true	80	89	false
78285614	92280442	false	1	0	92279969	0.3	true	90	92	false
78285615	92280442	false	1	0	92279970	0.3	true	93	94	false
78285616	92280442	false	1	0	92279971	0.3	true	60	69	false
78285617	92280442	false	1	0	92279972	0.3	true	70	79	false
78285618	92280442	false	1	0	92279973	0.3	true	80	89	false
78285619	92280442	false	1	0	92279974	0.3	true	90	92	false
78285620	92280442	false	1	0	92279975	0.3	true	93	94	false
78285621	92280442	false	1	0	92279976	0.3	true	40	49	false
78285622	92280442	false	1	0	92279977	0.3	true	50	59	false
78285623	92280442	false	1	0	92279978	0.3	true	60	69	false
78285624	92280442	false	1	0	92279979	0.3	true	70	79	false
78285625	92280442	false	1	0	92279980	0.3	true	80	89	false
78285626	92280442	false	1	0	92279981	0.3	true	90	92	false
78285627	92280442	false	1	0	92279982	0.3	true	93	94	false
78285628	92280442	false	1	0	92279983	0.5	true	10	19	false
78285629	92280442	false	1	0	92279984	0.5	true	20	29	false
78285630	92280442	false	1	0	92279985	0.5	true	30	39	false
78285631	92280442	false	1	0	92279986	0.5	true	40	49	false
78285632	92280442	false	1	0	92279987	0.5	true	50	59	false
78285633	92280442	false	1	0	92279988	0.5	true	60	69	false
78285634	92280442	false	1	0	92279989	0.5	true	70	79	false
78285635	92280442	false	1	0	92279990	0.5	true	80	89	false
78285636	92280442	false	1	0	92279991	0.5	true	90	90	false
78285637	92280442	false	1	0	92279992	0.5	true	91	92	false
78285638	92280442	false	1	0	92279993	0.5	true	93	94	false
78285645	92280442	true	1	0	92280237	0.1	true	0	0	false
78285639	92280442	false	1	0	92280090	1.0	true	1	94	false
78285640	92280442	true	1	0	92280305	1.0	true	95	95	false
78285641	92280442	true	1	0	92280306	0.003	true	95	95	false
78285642	92280442	true	1	0	92280307	0.1	true	95	95	false
78285644	92280442	true	1	0	92280209	9.9E-4	true	95	95	false
78288107	92280442	true	1	10	92280601	0.032131147	true	95	95	false
78288108	92280442	true	1	11	92280601	0.04177049	true	95	95	false
78288109	92280442	true	1	12	92280601	0.05430164	true	95	95	false
78288110	92280442	true	1	13	92280601	0.07059213	true	95	95	false
78288111	92280442	true	1	14	92280601	0.09176977	true	95	95	false
78288112	92280442	true	1	15	92280601	0.1193007	true	95	95	false
78288113	92280442	true	1	16	92280601	0.15509091	true	95	95	false
78288114	92280442	true	1	17	92280601	0.20161818	true	95	95	false
78288115	92280442	true	1	18	92280601	0.26210365	true	95	95	false
78288116	92280442	true	1	19	92280601	0.34073472	true	95	95	false
78288117	92280442	true	1	20	92280601	0.44295517	true	95	95	false
78288118	92280442	true	1	21	92280601	0.5758417	true	95	95	false
78288452	92280442	true	1	22	92280601	0.7686	true	95	95	false
78288119	92280442	true	1	5	92280602	6.2E-4	true	95	95	false
78288120	92280442	true	1	6	92280602	0.00126	true	95	95	false
78288121	92280442	true	1	7	92280602	0.0025	true	95	95	false
78288122	92280442	true	1	8	92280602	0.005	true	95	95	false
78288123	92280442	true	1	9	92280602	0.01	true	95	95	false
78288124	92280442	true	1	10	92280602	0.02	true	95	95	false
78288125	92280442	true	1	11	92280602	0.0252	true	95	95	false
78288126	92280442	true	1	12	92280602	0.03176	true	95	95	false
78288127	92280442	true	1	13	92280602	0.04	true	95	95	false
78288128	92280442	true	1	14	92280602	0.0504	true	95	95	false
78288129	92280442	true	1	15	92280602	0.06352	true	95	95	false
78288130	92280442	true	1	16	92280602	0.08004	true	95	95	false
78288131	92280442	true	1	17	92280602	0.10084	true	95	95	false
78288132	92280442	true	1	18	92280602	0.12706	true	95	95	false
78288133	92280442	true	1	19	92280602	0.1601	true	95	95	false
78288134	92280442	true	1	20	92280602	0.20172	true	95	95	false
78288135	92280442	true	1	21	92280602	0.25416	true	95	95	false
78288453	92280442	true	1	22	92280602	0.3202	true	95	95	false
78285920	92280444	false	1	0	92279996	1.0	true	1	3	false
78285921	92280444	false	1	0	92279997	1.0	true	4	5	false
78285922	92280444	false	1	0	92279998	1.0	true	6	7	false
78285923	92280444	false	1	0	92279999	1.0	true	8	9	false
78285924	92280444	false	1	0	92280000	1.0	true	10	11	false
78285925	92280444	false	1	0	92280001	1.0	true	12	13	false
78285926	92280444	false	1	0	92280002	1.0	true	14	15	false
78285927	92280444	false	1	0	92280003	1.0	true	16	17	false
78285928	92280444	false	1	0	92280004	1.0	true	18	19	false
78285929	92280444	false	1	0	92280005	1.0	true	20	21	false
78285930	92280444	false	1	0	92280006	1.0	true	22	23	false
78285931	92280444	false	1	0	92280007	1.0	true	24	25	false
78285932	92280444	false	1	0	92280008	1.0	true	26	27	false
78285933	92280444	false	1	0	92280009	1.0	true	28	29	false
78285934	92280444	false	1	0	92280010	1.0	true	30	31	false
78285935	92280444	false	1	0	92280011	1.0	true	32	33	false
78285936	92280444	false	1	0	92280012	1.0	true	34	35	false
78285937	92280444	false	1	0	92280013	1.0	true	36	37	false
78285938	92280444	false	1	0	92280014	1.0	true	38	39	false
78285939	92280444	false	1	0	92280015	1.0	true	40	41	false
78285940	92280444	false	1	0	92280016	1.0	true	42	43	false
78285941	92280444	false	1	0	92280017	1.0	true	44	45	false
78285942	92280444	false	1	0	92280018	1.0	true	46	47	false
78285943	92280444	false	1	0	92280019	1.0	true	48	49	false
78285944	92280444	false	1	0	92280020	1.0	true	50	51	false
78285945	92280444	false	1	0	92280021	1.0	true	52	53	false
78285946	92280444	false	1	0	92280022	1.0	true	54	55	false
78285947	92280444	false	1	0	92280023	1.0	true	56	57	false
78285948	92280444	false	1	0	92280024	1.0	true	58	59	false
78285949	92280444	false	1	0	92280025	1.0	true	60	61	false
78285950	92280444	false	1	0	92280026	1.0	true	62	63	false
78285951	92280444	false	1	0	92280027	1.0	true	64	65	false
78285952	92280444	false	1	0	92280028	1.0	true	66	67	false
78285953	92280444	false	1	0	92280029	1.0	true	68	69	false
78285954	92280444	false	1	0	92280030	1.0	true	70	71	false
78285955	92280444	false	1	0	92280031	1.0	true	72	73	false
78285956	92280444	false	1	0	92280032	1.0	true	74	75	false
78285957	92280444	false	1	0	92280033	1.0	true	76	77	false
78285958	92280444	false	1	0	92280034	1.0	true	78	79	false
78285959	92280444	false	1	0	92280035	1.0	true	80	81	false
78285960	92280444	false	1	0	92280036	1.0	true	82	83	false
78285961	92280444	false	1	0	92280037	1.0	true	84	85	false
78285962	92280444	false	1	0	92280038	1.0	true	86	87	false
78285963	92280444	false	1	0	92280039	1.0	true	88	89	false
78285964	92280444	false	1	0	92280060	1.0	true	90	90	false
78285965	92280444	false	1	0	92280061	1.0	true	91	92	false
78285966	92280444	false	1	0	92280062	1.0	true	93	94	false
78285967	92280444	false	1	0	92279961	0.3	true	16	23	false
78285968	92280444	false	1	0	92279962	0.3	true	24	31	false
78285969	92280444	false	1	0	92279963	0.3	true	32	39	false
78285970	92280444	false	1	0	92279964	0.3	true	40	49	false
78285971	92280444	false	1	0	92279965	0.3	true	50	59	false
78285972	92280444	false	1	0	92279966	0.3	true	60	69	false
78285973	92280444	false	1	0	92279967	0.3	true	70	79	false
78285974	92280444	false	1	0	92279968	0.3	true	80	89	false
78285975	92280444	false	1	0	92279969	0.3	true	90	92	false
78285976	92280444	false	1	0	92279970	0.3	true	93	94	false
78285977	92280444	false	1	0	92279971	0.3	true	60	69	false
78285978	92280444	false	1	0	92279972	0.3	true	70	79	false
78285979	92280444	false	1	0	92279973	0.3	true	80	89	false
78285980	92280444	false	1	0	92279974	0.3	true	90	92	false
78285981	92280444	false	1	0	92279975	0.3	true	93	94	false
78285982	92280444	false	1	0	92279976	0.3	true	40	49	false
78285983	92280444	false	1	0	92279977	0.3	true	50	59	false
78285984	92280444	false	1	0	92279978	0.3	true	60	69	false
78285985	92280444	false	1	0	92279979	0.3	true	70	79	false
78285986	92280444	false	1	0	92279980	0.3	true	80	89	false
78285987	92280444	false	1	0	92279981	0.3	true	90	92	false
78285988	92280444	false	1	0	92279982	0.3	true	93	94	false
78285989	92280444	false	1	0	92279983	0.5	true	10	19	false
78285990	92280444	false	1	0	92279984	0.5	true	20	29	false
78285991	92280444	false	1	0	92279985	0.5	true	30	39	false
78285992	92280444	false	1	0	92279986	0.5	true	40	49	false
78285993	92280444	false	1	0	92279987	0.5	true	50	59	false
78285994	92280444	false	1	0	92279988	0.5	true	60	69	false
78285995	92280444	false	1	0	92279989	0.5	true	70	79	false
78285996	92280444	false	1	0	92279990	0.5	true	80	89	false
78285997	92280444	false	1	0	92279991	0.5	true	90	90	false
78285998	92280444	false	1	0	92279992	0.5	true	91	92	false
78285999	92280444	false	1	0	92279993	0.5	true	93	94	false
78286000	92280444	false	1	0	92280090	1.0	true	1	94	false
78287504	92280444	false	1	0	92280453	0.3	true	1	94	false
78286006	92280444	true	1	0	92280453	1.0	true	95	95	false
78286001	92280444	true	1	0	92280305	1.0	true	95	95	false
78286002	92280444	true	1	0	92280306	0.003	true	95	95	false
78286003	92280444	true	1	0	92280307	0.1	true	95	95	false
78286005	92280444	true	1	0	92280209	9.9E-4	true	95	95	false
78288165	92280444	true	1	10	92280601	0.032131147	true	95	95	false
78288166	92280444	true	1	11	92280601	0.04177049	true	95	95	false
78288167	92280444	true	1	12	92280601	0.05430164	true	95	95	false
78288168	92280444	true	1	13	92280601	0.07059213	true	95	95	false
78288169	92280444	true	1	14	92280601	0.09176977	true	95	95	false
78288170	92280444	true	1	15	92280601	0.1193007	true	95	95	false
78288171	92280444	true	1	16	92280601	0.15509091	true	95	95	false
78288172	92280444	true	1	17	92280601	0.20161818	true	95	95	false
78288173	92280444	true	1	18	92280601	0.26210365	true	95	95	false
78288174	92280444	true	1	19	92280601	0.34073472	true	95	95	false
78288175	92280444	true	1	20	92280601	0.44295517	true	95	95	false
78288176	92280444	true	1	21	92280601	0.5758417	true	95	95	false
78288454	92280444	true	1	22	92280601	0.7686	true	95	95	false
78288177	92280444	true	1	5	92280602	6.2E-4	true	95	95	false
78288178	92280444	true	1	6	92280602	0.00126	true	95	95	false
78288179	92280444	true	1	7	92280602	0.0025	true	95	95	false
78288180	92280444	true	1	8	92280602	0.005	true	95	95	false
78288181	92280444	true	1	9	92280602	0.01	true	95	95	false
78288182	92280444	true	1	10	92280602	0.02	true	95	95	false
78288183	92280444	true	1	11	92280602	0.0252	true	95	95	false
78288184	92280444	true	1	12	92280602	0.03176	true	95	95	false
78288185	92280444	true	1	13	92280602	0.04	true	95	95	false
78288186	92280444	true	1	14	92280602	0.0504	true	95	95	false
78288187	92280444	true	1	15	92280602	0.06352	true	95	95	false
78288188	92280444	true	1	16	92280602	0.08004	true	95	95	false
78288189	92280444	true	1	17	92280602	0.10084	true	95	95	false
78288190	92280444	true	1	18	92280602	0.12706	true	95	95	false
78288191	92280444	true	1	19	92280602	0.1601	true	95	95	false
78288192	92280444	true	1	20	92280602	0.20172	true	95	95	false
78288193	92280444	true	1	21	92280602	0.25416	true	95	95	false
78288455	92280444	true	1	22	92280602	0.3202	true	95	95	false
78286101	92280445	false	1	0	92279996	1.0	true	1	3	false
78286102	92280445	false	1	0	92279997	1.0	true	4	5	false
78286103	92280445	false	1	0	92279998	1.0	true	6	7	false
78286104	92280445	false	1	0	92279999	1.0	true	8	9	false
78286105	92280445	false	1	0	92280000	1.0	true	10	11	false
78286106	92280445	false	1	0	92280001	1.0	true	12	13	false
78286107	92280445	false	1	0	92280002	1.0	true	14	15	false
78286108	92280445	false	1	0	92280003	1.0	true	16	17	false
78286109	92280445	false	1	0	92280004	1.0	true	18	19	false
78286110	92280445	false	1	0	92280005	1.0	true	20	21	false
78286111	92280445	false	1	0	92280006	1.0	true	22	23	false
78286112	92280445	false	1	0	92280007	1.0	true	24	25	false
78286113	92280445	false	1	0	92280008	1.0	true	26	27	false
78286114	92280445	false	1	0	92280009	1.0	true	28	29	false
78286115	92280445	false	1	0	92280010	1.0	true	30	31	false
78286116	92280445	false	1	0	92280011	1.0	true	32	33	false
78286117	92280445	false	1	0	92280012	1.0	true	34	35	false
78286118	92280445	false	1	0	92280013	1.0	true	36	37	false
78286119	92280445	false	1	0	92280014	1.0	true	38	39	false
78286120	92280445	false	1	0	92280015	1.0	true	40	41	false
78286121	92280445	false	1	0	92280016	1.0	true	42	43	false
78286122	92280445	false	1	0	92280017	1.0	true	44	45	false
78286123	92280445	false	1	0	92280018	1.0	true	46	47	false
78286124	92280445	false	1	0	92280019	1.0	true	48	49	false
78286125	92280445	false	1	0	92280020	1.0	true	50	51	false
78286126	92280445	false	1	0	92280021	1.0	true	52	53	false
78286127	92280445	false	1	0	92280022	1.0	true	54	55	false
78286128	92280445	false	1	0	92280023	1.0	true	56	57	false
78286129	92280445	false	1	0	92280024	1.0	true	58	59	false
78286130	92280445	false	1	0	92280025	1.0	true	60	61	false
78286131	92280445	false	1	0	92280026	1.0	true	62	63	false
78286132	92280445	false	1	0	92280027	1.0	true	64	65	false
78286133	92280445	false	1	0	92280028	1.0	true	66	67	false
78286134	92280445	false	1	0	92280029	1.0	true	68	69	false
78286135	92280445	false	1	0	92280030	1.0	true	70	71	false
78286136	92280445	false	1	0	92280031	1.0	true	72	73	false
78286137	92280445	false	1	0	92280032	1.0	true	74	75	false
78286138	92280445	false	1	0	92280033	1.0	true	76	77	false
78286139	92280445	false	1	0	92280034	1.0	true	78	79	false
78286140	92280445	false	1	0	92280035	1.0	true	80	81	false
78286141	92280445	false	1	0	92280036	1.0	true	82	83	false
78286142	92280445	false	1	0	92280037	1.0	true	84	85	false
78286143	92280445	false	1	0	92280038	1.0	true	86	87	false
78286144	92280445	false	1	0	92280039	1.0	true	88	89	false
78286145	92280445	false	1	0	92280060	1.0	true	90	90	false
78286146	92280445	false	1	0	92280061	1.0	true	91	92	false
78286147	92280445	false	1	0	92280062	1.0	true	93	94	false
78286148	92280445	false	1	0	92279961	0.3	true	16	23	false
78286149	92280445	false	1	0	92279962	0.3	true	24	31	false
78286150	92280445	false	1	0	92279963	0.3	true	32	39	false
78286151	92280445	false	1	0	92279964	0.3	true	40	49	false
78286152	92280445	false	1	0	92279965	0.3	true	50	59	false
78286153	92280445	false	1	0	92279966	0.3	true	60	69	false
78286154	92280445	false	1	0	92279967	0.3	true	70	79	false
78286155	92280445	false	1	0	92279968	0.3	true	80	89	false
78286156	92280445	false	1	0	92279969	0.3	true	90	92	false
78286157	92280445	false	1	0	92279970	0.3	true	93	94	false
78286158	92280445	false	1	0	92279971	0.3	true	60	69	false
78286159	92280445	false	1	0	92279972	0.3	true	70	79	false
78286160	92280445	false	1	0	92279973	0.3	true	80	89	false
78286161	92280445	false	1	0	92279974	0.3	true	90	92	false
78286162	92280445	false	1	0	92279975	0.3	true	93	94	false
78286163	92280445	false	1	0	92279976	0.3	true	40	49	false
78286164	92280445	false	1	0	92279977	0.3	true	50	59	false
78286165	92280445	false	1	0	92279978	0.3	true	60	69	false
78286166	92280445	false	1	0	92279979	0.3	true	70	79	false
78286167	92280445	false	1	0	92279980	0.3	true	80	89	false
78286168	92280445	false	1	0	92279981	0.3	true	90	92	false
78286169	92280445	false	1	0	92279982	0.3	true	93	94	false
78286170	92280445	false	1	0	92279983	0.5	true	10	19	false
78286171	92280445	false	1	0	92279984	0.5	true	20	29	false
78286172	92280445	false	1	0	92279985	0.5	true	30	39	false
78286173	92280445	false	1	0	92279986	0.5	true	40	49	false
78286174	92280445	false	1	0	92279987	0.5	true	50	59	false
78286175	92280445	false	1	0	92279988	0.5	true	60	69	false
78286176	92280445	false	1	0	92279989	0.5	true	70	79	false
78286177	92280445	false	1	0	92279990	0.5	true	80	89	false
78286178	92280445	false	1	0	92279991	0.5	true	90	90	false
78286179	92280445	false	1	0	92279992	0.5	true	91	92	false
78286180	92280445	false	1	0	92279993	0.5	true	93	94	false
78286188	92280445	false	1	0	92280237	0.1	true	0	0	false
78286181	92280445	false	1	0	92280090	1.0	true	1	94	false
78287505	92280445	false	1	0	92280453	0.3	true	1	94	false
78286187	92280445	true	1	0	92280453	1.0	true	95	95	false
78286182	92280445	true	1	0	92280305	1.0	true	95	95	false
78286183	92280445	true	1	0	92280306	0.003	true	95	95	false
78286184	92280445	true	1	0	92280307	0.1	true	95	95	false
78286186	92280445	true	1	0	92280209	9.9E-4	true	95	95	false
78288194	92280445	true	1	10	92280601	0.032131147	true	95	95	false
78288195	92280445	true	1	11	92280601	0.04177049	true	95	95	false
78288196	92280445	true	1	12	92280601	0.05430164	true	95	95	false
78288197	92280445	true	1	13	92280601	0.07059213	true	95	95	false
78288198	92280445	true	1	14	92280601	0.09176977	true	95	95	false
78288199	92280445	true	1	15	92280601	0.1193007	true	95	95	false
78288200	92280445	true	1	16	92280601	0.15509091	true	95	95	false
78288201	92280445	true	1	17	92280601	0.20161818	true	95	95	false
78288202	92280445	true	1	18	92280601	0.26210365	true	95	95	false
78288203	92280445	true	1	19	92280601	0.34073472	true	95	95	false
78288204	92280445	true	1	20	92280601	0.44295517	true	95	95	false
78288205	92280445	true	1	21	92280601	0.5758417	true	95	95	false
78288456	92280445	true	1	22	92280601	0.7686	true	95	95	false
78288206	92280445	true	1	5	92280602	6.2E-4	true	95	95	false
78288207	92280445	true	1	6	92280602	0.00126	true	95	95	false
78288208	92280445	true	1	7	92280602	0.0025	true	95	95	false
78288209	92280445	true	1	8	92280602	0.005	true	95	95	false
78288210	92280445	true	1	9	92280602	0.01	true	95	95	false
78288211	92280445	true	1	10	92280602	0.02	true	95	95	false
78288212	92280445	true	1	11	92280602	0.0252	true	95	95	false
78288213	92280445	true	1	12	92280602	0.03176	true	95	95	false
78288214	92280445	true	1	13	92280602	0.04	true	95	95	false
78288215	92280445	true	1	14	92280602	0.0504	true	95	95	false
78288216	92280445	true	1	15	92280602	0.06352	true	95	95	false
78288217	92280445	true	1	16	92280602	0.08004	true	95	95	false
78288218	92280445	true	1	17	92280602	0.10084	true	95	95	false
78288219	92280445	true	1	18	92280602	0.12706	true	95	95	false
78288220	92280445	true	1	19	92280602	0.1601	true	95	95	false
78288221	92280445	true	1	20	92280602	0.20172	true	95	95	false
78288222	92280445	true	1	21	92280602	0.25416	true	95	95	false
78288457	92280445	true	1	22	92280602	0.3202	true	95	95	false
78286283	92280446	false	1	0	92279996	1.0	true	1	3	false
78286284	92280446	false	1	0	92279997	1.0	true	4	5	false
78286285	92280446	false	1	0	92279998	1.0	true	6	7	false
78286286	92280446	false	1	0	92279999	1.0	true	8	9	false
78286287	92280446	false	1	0	92280000	1.0	true	10	11	false
78286288	92280446	false	1	0	92280001	1.0	true	12	13	false
78286289	92280446	false	1	0	92280002	1.0	true	14	15	false
78286290	92280446	false	1	0	92280003	1.0	true	16	17	false
78286291	92280446	false	1	0	92280004	1.0	true	18	19	false
78286292	92280446	false	1	0	92280005	1.0	true	20	21	false
78286293	92280446	false	1	0	92280006	1.0	true	22	23	false
78286294	92280446	false	1	0	92280007	1.0	true	24	25	false
78286295	92280446	false	1	0	92280008	1.0	true	26	27	false
78286296	92280446	false	1	0	92280009	1.0	true	28	29	false
78286297	92280446	false	1	0	92280010	1.0	true	30	31	false
78286298	92280446	false	1	0	92280011	1.0	true	32	33	false
78286299	92280446	false	1	0	92280012	1.0	true	34	35	false
78286300	92280446	false	1	0	92280013	1.0	true	36	37	false
78286301	92280446	false	1	0	92280014	1.0	true	38	39	false
78286302	92280446	false	1	0	92280015	1.0	true	40	41	false
78286303	92280446	false	1	0	92280016	1.0	true	42	43	false
78286304	92280446	false	1	0	92280017	1.0	true	44	45	false
78286305	92280446	false	1	0	92280018	1.0	true	46	47	false
78286306	92280446	false	1	0	92280019	1.0	true	48	49	false
78286307	92280446	false	1	0	92280020	1.0	true	50	51	false
78286308	92280446	false	1	0	92280021	1.0	true	52	53	false
78286309	92280446	false	1	0	92280022	1.0	true	54	55	false
78286310	92280446	false	1	0	92280023	1.0	true	56	57	false
78286311	92280446	false	1	0	92280024	1.0	true	58	59	false
78286312	92280446	false	1	0	92280025	1.0	true	60	61	false
78286313	92280446	false	1	0	92280026	1.0	true	62	63	false
78286314	92280446	false	1	0	92280027	1.0	true	64	65	false
78286315	92280446	false	1	0	92280028	1.0	true	66	67	false
78286316	92280446	false	1	0	92280029	1.0	true	68	69	false
78286317	92280446	false	1	0	92280030	1.0	true	70	71	false
78286318	92280446	false	1	0	92280031	1.0	true	72	73	false
78286319	92280446	false	1	0	92280032	1.0	true	74	75	false
78286320	92280446	false	1	0	92280033	1.0	true	76	77	false
78286321	92280446	false	1	0	92280034	1.0	true	78	79	false
78286322	92280446	false	1	0	92280035	1.0	true	80	81	false
78286323	92280446	false	1	0	92280036	1.0	true	82	83	false
78286324	92280446	false	1	0	92280037	1.0	true	84	85	false
78286325	92280446	false	1	0	92280038	1.0	true	86	87	false
78286326	92280446	false	1	0	92280039	1.0	true	88	89	false
78286327	92280446	false	1	0	92280060	1.0	true	90	90	false
78286328	92280446	false	1	0	92280061	1.0	true	91	92	false
78286329	92280446	false	1	0	92280062	1.0	true	93	94	false
78286330	92280446	false	1	0	92279961	0.3	true	16	23	false
78286331	92280446	false	1	0	92279962	0.3	true	24	31	false
78286332	92280446	false	1	0	92279963	0.3	true	32	39	false
78286333	92280446	false	1	0	92279964	0.3	true	40	49	false
78286334	92280446	false	1	0	92279965	0.3	true	50	59	false
78286335	92280446	false	1	0	92279966	0.3	true	60	69	false
78286336	92280446	false	1	0	92279967	0.3	true	70	79	false
78286337	92280446	false	1	0	92279968	0.3	true	80	89	false
78286338	92280446	false	1	0	92279969	0.3	true	90	92	false
78286339	92280446	false	1	0	92279970	0.3	true	93	94	false
78286340	92280446	false	1	0	92279971	0.3	true	60	69	false
78286341	92280446	false	1	0	92279972	0.3	true	70	79	false
78286342	92280446	false	1	0	92279973	0.3	true	80	89	false
78286343	92280446	false	1	0	92279974	0.3	true	90	92	false
78286344	92280446	false	1	0	92279975	0.3	true	93	94	false
78286345	92280446	false	1	0	92279976	0.3	true	40	49	false
78286346	92280446	false	1	0	92279977	0.3	true	50	59	false
78286347	92280446	false	1	0	92279978	0.3	true	60	69	false
78286348	92280446	false	1	0	92279979	0.3	true	70	79	false
78286349	92280446	false	1	0	92279980	0.3	true	80	89	false
78286350	92280446	false	1	0	92279981	0.3	true	90	92	false
78286351	92280446	false	1	0	92279982	0.3	true	93	94	false
78286352	92280446	false	1	0	92279983	0.5	true	10	19	false
78286353	92280446	false	1	0	92279984	0.5	true	20	29	false
78286354	92280446	false	1	0	92279985	0.5	true	30	39	false
78286355	92280446	false	1	0	92279986	0.5	true	40	49	false
78286356	92280446	false	1	0	92279987	0.5	true	50	59	false
78286357	92280446	false	1	0	92279988	0.5	true	60	69	false
78286358	92280446	false	1	0	92279989	0.5	true	70	79	false
78286359	92280446	false	1	0	92279990	0.5	true	80	89	false
78286360	92280446	false	1	0	92279991	0.5	true	90	90	false
78286361	92280446	false	1	0	92279992	0.5	true	91	92	false
78286362	92280446	false	1	0	92279993	0.5	true	93	94	false
78286363	92280446	false	1	0	92280090	1.0	true	1	94	false
78287506	92280446	false	1	0	92280454	0.3	true	1	94	false
78286369	92280446	true	1	0	92280454	1.0	true	95	95	false
78286364	92280446	true	1	0	92280305	1.0	true	95	95	false
78286365	92280446	true	1	0	92280306	0.003	true	95	95	false
78286366	92280446	true	1	0	92280307	0.1	true	95	95	false
78286368	92280446	true	1	0	92280209	9.9E-4	true	95	95	false
78288223	92280446	true	1	10	92280601	0.032131147	true	95	95	false
78288224	92280446	true	1	11	92280601	0.04177049	true	95	95	false
78288225	92280446	true	1	12	92280601	0.05430164	true	95	95	false
78288226	92280446	true	1	13	92280601	0.07059213	true	95	95	false
78288227	92280446	true	1	14	92280601	0.09176977	true	95	95	false
78288228	92280446	true	1	15	92280601	0.1193007	true	95	95	false
78288229	92280446	true	1	16	92280601	0.15509091	true	95	95	false
78288230	92280446	true	1	17	92280601	0.20161818	true	95	95	false
78288231	92280446	true	1	18	92280601	0.26210365	true	95	95	false
78288232	92280446	true	1	19	92280601	0.34073472	true	95	95	false
78288233	92280446	true	1	20	92280601	0.44295517	true	95	95	false
78288234	92280446	true	1	21	92280601	0.5758417	true	95	95	false
78288458	92280446	true	1	22	92280601	0.7686	true	95	95	false
78288235	92280446	true	1	5	92280602	6.2E-4	true	95	95	false
78288236	92280446	true	1	6	92280602	0.00126	true	95	95	false
78288237	92280446	true	1	7	92280602	0.0025	true	95	95	false
78288238	92280446	true	1	8	92280602	0.005	true	95	95	false
78288239	92280446	true	1	9	92280602	0.01	true	95	95	false
78288240	92280446	true	1	10	92280602	0.02	true	95	95	false
78288241	92280446	true	1	11	92280602	0.0252	true	95	95	false
78288242	92280446	true	1	12	92280602	0.03176	true	95	95	false
78288243	92280446	true	1	13	92280602	0.04	true	95	95	false
78288244	92280446	true	1	14	92280602	0.0504	true	95	95	false
78288245	92280446	true	1	15	92280602	0.06352	true	95	95	false
78288246	92280446	true	1	16	92280602	0.08004	true	95	95	false
78288247	92280446	true	1	17	92280602	0.10084	true	95	95	false
78288248	92280446	true	1	18	92280602	0.12706	true	95	95	false
78288249	92280446	true	1	19	92280602	0.1601	true	95	95	false
78288250	92280446	true	1	20	92280602	0.20172	true	95	95	false
78288251	92280446	true	1	21	92280602	0.25416	true	95	95	false
78288459	92280446	true	1	22	92280602	0.3202	true	95	95	false
78286464	92280447	false	1	0	92279996	1.0	true	1	3	false
78286465	92280447	false	1	0	92279997	1.0	true	4	5	false
78286466	92280447	false	1	0	92279998	1.0	true	6	7	false
78286467	92280447	false	1	0	92279999	1.0	true	8	9	false
78286468	92280447	false	1	0	92280000	1.0	true	10	11	false
78286469	92280447	false	1	0	92280001	1.0	true	12	13	false
78286470	92280447	false	1	0	92280002	1.0	true	14	15	false
78286471	92280447	false	1	0	92280003	1.0	true	16	17	false
78286472	92280447	false	1	0	92280004	1.0	true	18	19	false
78286473	92280447	false	1	0	92280005	1.0	true	20	21	false
78286474	92280447	false	1	0	92280006	1.0	true	22	23	false
78286475	92280447	false	1	0	92280007	1.0	true	24	25	false
78286476	92280447	false	1	0	92280008	1.0	true	26	27	false
78286477	92280447	false	1	0	92280009	1.0	true	28	29	false
78286478	92280447	false	1	0	92280010	1.0	true	30	31	false
78286479	92280447	false	1	0	92280011	1.0	true	32	33	false
78286480	92280447	false	1	0	92280012	1.0	true	34	35	false
78286481	92280447	false	1	0	92280013	1.0	true	36	37	false
78286482	92280447	false	1	0	92280014	1.0	true	38	39	false
78286483	92280447	false	1	0	92280015	1.0	true	40	41	false
78286484	92280447	false	1	0	92280016	1.0	true	42	43	false
78286485	92280447	false	1	0	92280017	1.0	true	44	45	false
78286486	92280447	false	1	0	92280018	1.0	true	46	47	false
78286487	92280447	false	1	0	92280019	1.0	true	48	49	false
78286488	92280447	false	1	0	92280020	1.0	true	50	51	false
78286489	92280447	false	1	0	92280021	1.0	true	52	53	false
78286490	92280447	false	1	0	92280022	1.0	true	54	55	false
78286491	92280447	false	1	0	92280023	1.0	true	56	57	false
78286492	92280447	false	1	0	92280024	1.0	true	58	59	false
78286493	92280447	false	1	0	92280025	1.0	true	60	61	false
78286494	92280447	false	1	0	92280026	1.0	true	62	63	false
78286495	92280447	false	1	0	92280027	1.0	true	64	65	false
78286496	92280447	false	1	0	92280028	1.0	true	66	67	false
78286497	92280447	false	1	0	92280029	1.0	true	68	69	false
78286498	92280447	false	1	0	92280030	1.0	true	70	71	false
78286499	92280447	false	1	0	92280031	1.0	true	72	73	false
78286500	92280447	false	1	0	92280032	1.0	true	74	75	false
78286501	92280447	false	1	0	92280033	1.0	true	76	77	false
78286502	92280447	false	1	0	92280034	1.0	true	78	79	false
78286503	92280447	false	1	0	92280035	1.0	true	80	81	false
78286504	92280447	false	1	0	92280036	1.0	true	82	83	false
78286505	92280447	false	1	0	92280037	1.0	true	84	85	false
78286506	92280447	false	1	0	92280038	1.0	true	86	87	false
78286507	92280447	false	1	0	92280039	1.0	true	88	89	false
78286508	92280447	false	1	0	92280060	1.0	true	90	90	false
78286509	92280447	false	1	0	92280061	1.0	true	91	92	false
78286510	92280447	false	1	0	92280062	1.0	true	93	94	false
78286511	92280447	false	1	0	92279961	0.3	true	16	23	false
78286512	92280447	false	1	0	92279962	0.3	true	24	31	false
78286513	92280447	false	1	0	92279963	0.3	true	32	39	false
78286514	92280447	false	1	0	92279964	0.3	true	40	49	false
78286515	92280447	false	1	0	92279965	0.3	true	50	59	false
78286516	92280447	false	1	0	92279966	0.3	true	60	69	false
78286517	92280447	false	1	0	92279967	0.3	true	70	79	false
78286518	92280447	false	1	0	92279968	0.3	true	80	89	false
78286519	92280447	false	1	0	92279969	0.3	true	90	92	false
78286520	92280447	false	1	0	92279970	0.3	true	93	94	false
78286521	92280447	false	1	0	92279971	0.3	true	60	69	false
78286522	92280447	false	1	0	92279972	0.3	true	70	79	false
78286523	92280447	false	1	0	92279973	0.3	true	80	89	false
78286524	92280447	false	1	0	92279974	0.3	true	90	92	false
78286525	92280447	false	1	0	92279975	0.3	true	93	94	false
78286526	92280447	false	1	0	92279976	0.3	true	40	49	false
78286527	92280447	false	1	0	92279977	0.3	true	50	59	false
78286528	92280447	false	1	0	92279978	0.3	true	60	69	false
78286529	92280447	false	1	0	92279979	0.3	true	70	79	false
78286530	92280447	false	1	0	92279980	0.3	true	80	89	false
78286531	92280447	false	1	0	92279981	0.3	true	90	92	false
78286532	92280447	false	1	0	92279982	0.3	true	93	94	false
78286533	92280447	false	1	0	92279983	0.5	true	10	19	false
78286534	92280447	false	1	0	92279984	0.5	true	20	29	false
78286535	92280447	false	1	0	92279985	0.5	true	30	39	false
78286536	92280447	false	1	0	92279986	0.5	true	40	49	false
78286537	92280447	false	1	0	92279987	0.5	true	50	59	false
78286538	92280447	false	1	0	92279988	0.5	true	60	69	false
78286539	92280447	false	1	0	92279989	0.5	true	70	79	false
78286540	92280447	false	1	0	92279990	0.5	true	80	89	false
78286541	92280447	false	1	0	92279991	0.5	true	90	90	false
78286542	92280447	false	1	0	92279992	0.5	true	91	92	false
78286543	92280447	false	1	0	92279993	0.5	true	93	94	false
78286544	92280447	false	1	0	92280090	1.0	true	1	94	false
78287507	92280447	false	1	0	92280455	0.3	true	1	94	false
78286550	92280447	true	1	0	92280455	1.0	true	95	95	false
78286545	92280447	true	1	0	92280305	1.0	true	95	95	false
78286546	92280447	true	1	0	92280306	0.003	true	95	95	false
78286547	92280447	true	1	0	92280307	0.1	true	95	95	false
78286549	92280447	true	1	0	92280209	9.9E-4	true	95	95	false
78288252	92280447	true	1	10	92280601	0.032131147	true	95	95	false
78288253	92280447	true	1	11	92280601	0.04177049	true	95	95	false
78288254	92280447	true	1	12	92280601	0.05430164	true	95	95	false
78288255	92280447	true	1	13	92280601	0.07059213	true	95	95	false
78288256	92280447	true	1	14	92280601	0.09176977	true	95	95	false
78288257	92280447	true	1	15	92280601	0.1193007	true	95	95	false
78288258	92280447	true	1	16	92280601	0.15509091	true	95	95	false
78288259	92280447	true	1	17	92280601	0.20161818	true	95	95	false
78288260	92280447	true	1	18	92280601	0.26210365	true	95	95	false
78288261	92280447	true	1	19	92280601	0.34073472	true	95	95	false
78288262	92280447	true	1	20	92280601	0.44295517	true	95	95	false
78288263	92280447	true	1	21	92280601	0.5758417	true	95	95	false
78288460	92280447	true	1	22	92280601	0.7686	true	95	95	false
78288264	92280447	true	1	5	92280602	6.2E-4	true	95	95	false
78288265	92280447	true	1	6	92280602	0.00126	true	95	95	false
78288266	92280447	true	1	7	92280602	0.0025	true	95	95	false
78288267	92280447	true	1	8	92280602	0.005	true	95	95	false
78288268	92280447	true	1	9	92280602	0.01	true	95	95	false
78288269	92280447	true	1	10	92280602	0.02	true	95	95	false
78288270	92280447	true	1	11	92280602	0.0252	true	95	95	false
78288271	92280447	true	1	12	92280602	0.03176	true	95	95	false
78288272	92280447	true	1	13	92280602	0.04	true	95	95	false
78288273	92280447	true	1	14	92280602	0.0504	true	95	95	false
78288274	92280447	true	1	15	92280602	0.06352	true	95	95	false
78288275	92280447	true	1	16	92280602	0.08004	true	95	95	false
78288276	92280447	true	1	17	92280602	0.10084	true	95	95	false
78288277	92280447	true	1	18	92280602	0.12706	true	95	95	false
78288278	92280447	true	1	19	92280602	0.1601	true	95	95	false
78288279	92280447	true	1	20	92280602	0.20172	true	95	95	false
78288280	92280447	true	1	21	92280602	0.25416	true	95	95	false
78288461	92280447	true	1	22	92280602	0.3202	true	95	95	false
78286645	92280448	false	1	0	92279996	1.0	true	1	3	false
78286646	92280448	false	1	0	92279997	1.0	true	4	5	false
78286647	92280448	false	1	0	92279998	1.0	true	6	7	false
78286648	92280448	false	1	0	92279999	1.0	true	8	9	false
78286649	92280448	false	1	0	92280000	1.0	true	10	11	false
78286650	92280448	false	1	0	92280001	1.0	true	12	13	false
78286651	92280448	false	1	0	92280002	1.0	true	14	15	false
78286652	92280448	false	1	0	92280003	1.0	true	16	17	false
78286653	92280448	false	1	0	92280004	1.0	true	18	19	false
78286654	92280448	false	1	0	92280005	1.0	true	20	21	false
78286655	92280448	false	1	0	92280006	1.0	true	22	23	false
78286656	92280448	false	1	0	92280007	1.0	true	24	25	false
78286657	92280448	false	1	0	92280008	1.0	true	26	27	false
78286658	92280448	false	1	0	92280009	1.0	true	28	29	false
78286659	92280448	false	1	0	92280010	1.0	true	30	31	false
78286660	92280448	false	1	0	92280011	1.0	true	32	33	false
78286661	92280448	false	1	0	92280012	1.0	true	34	35	false
78286662	92280448	false	1	0	92280013	1.0	true	36	37	false
78286663	92280448	false	1	0	92280014	1.0	true	38	39	false
78286664	92280448	false	1	0	92280015	1.0	true	40	41	false
78286665	92280448	false	1	0	92280016	1.0	true	42	43	false
78286666	92280448	false	1	0	92280017	1.0	true	44	45	false
78286667	92280448	false	1	0	92280018	1.0	true	46	47	false
78286668	92280448	false	1	0	92280019	1.0	true	48	49	false
78286669	92280448	false	1	0	92280020	1.0	true	50	51	false
78286670	92280448	false	1	0	92280021	1.0	true	52	53	false
78286671	92280448	false	1	0	92280022	1.0	true	54	55	false
78286672	92280448	false	1	0	92280023	1.0	true	56	57	false
78286673	92280448	false	1	0	92280024	1.0	true	58	59	false
78286674	92280448	false	1	0	92280025	1.0	true	60	61	false
78286675	92280448	false	1	0	92280026	1.0	true	62	63	false
78286676	92280448	false	1	0	92280027	1.0	true	64	65	false
78286677	92280448	false	1	0	92280028	1.0	true	66	67	false
78286678	92280448	false	1	0	92280029	1.0	true	68	69	false
78286679	92280448	false	1	0	92280030	1.0	true	70	71	false
78286680	92280448	false	1	0	92280031	1.0	true	72	73	false
78286681	92280448	false	1	0	92280032	1.0	true	74	75	false
78286682	92280448	false	1	0	92280033	1.0	true	76	77	false
78286683	92280448	false	1	0	92280034	1.0	true	78	79	false
78286684	92280448	false	1	0	92280035	1.0	true	80	81	false
78286685	92280448	false	1	0	92280036	1.0	true	82	83	false
78286686	92280448	false	1	0	92280037	1.0	true	84	85	false
78286687	92280448	false	1	0	92280038	1.0	true	86	87	false
78286688	92280448	false	1	0	92280039	1.0	true	88	89	false
78286689	92280448	false	1	0	92280060	1.0	true	90	90	false
78286690	92280448	false	1	0	92280061	1.0	true	91	92	false
78286691	92280448	false	1	0	92280062	1.0	true	93	94	false
78286692	92280448	false	1	0	92279961	0.3	true	16	23	false
78286693	92280448	false	1	0	92279962	0.3	true	24	31	false
78286694	92280448	false	1	0	92279963	0.3	true	32	39	false
78286695	92280448	false	1	0	92279964	0.3	true	40	49	false
78286696	92280448	false	1	0	92279965	0.3	true	50	59	false
78286697	92280448	false	1	0	92279966	0.3	true	60	69	false
78286698	92280448	false	1	0	92279967	0.3	true	70	79	false
78286699	92280448	false	1	0	92279968	0.3	true	80	89	false
78286700	92280448	false	1	0	92279969	0.3	true	90	92	false
78286701	92280448	false	1	0	92279970	0.3	true	93	94	false
78286702	92280448	false	1	0	92279971	0.3	true	60	69	false
78286703	92280448	false	1	0	92279972	0.3	true	70	79	false
78286704	92280448	false	1	0	92279973	0.3	true	80	89	false
78286705	92280448	false	1	0	92279974	0.3	true	90	92	false
78286706	92280448	false	1	0	92279975	0.3	true	93	94	false
78286707	92280448	false	1	0	92279976	0.3	true	40	49	false
78286708	92280448	false	1	0	92279977	0.3	true	50	59	false
78286709	92280448	false	1	0	92279978	0.3	true	60	69	false
78286710	92280448	false	1	0	92279979	0.3	true	70	79	false
78286711	92280448	false	1	0	92279980	0.3	true	80	89	false
78286712	92280448	false	1	0	92279981	0.3	true	90	92	false
78286713	92280448	false	1	0	92279982	0.3	true	93	94	false
78286714	92280448	false	1	0	92279983	0.5	true	10	19	false
78286715	92280448	false	1	0	92279984	0.5	true	20	29	false
78286716	92280448	false	1	0	92279985	0.5	true	30	39	false
78286717	92280448	false	1	0	92279986	0.5	true	40	49	false
78286718	92280448	false	1	0	92279987	0.5	true	50	59	false
78286719	92280448	false	1	0	92279988	0.5	true	60	69	false
78286720	92280448	false	1	0	92279989	0.5	true	70	79	false
78286721	92280448	false	1	0	92279990	0.5	true	80	89	false
78286722	92280448	false	1	0	92279991	0.5	true	90	90	false
78286723	92280448	false	1	0	92279992	0.5	true	91	92	false
78286724	92280448	false	1	0	92279993	0.5	true	93	94	false
78286725	92280448	false	1	0	92280090	1.0	true	1	94	false
78287508	92280448	false	1	0	92280456	0.3	true	1	94	false
78286731	92280448	true	1	0	92280456	1.0	true	95	95	false
78286726	92280448	true	1	0	92280305	1.0	true	95	95	false
78286727	92280448	true	1	0	92280306	0.003	true	95	95	false
78286728	92280448	true	1	0	92280307	0.1	true	95	95	false
78286730	92280448	true	1	0	92280209	9.9E-4	true	95	95	false
78288281	92280448	true	1	10	92280601	0.032131147	true	95	95	false
78288282	92280448	true	1	11	92280601	0.04177049	true	95	95	false
78288283	92280448	true	1	12	92280601	0.05430164	true	95	95	false
78288284	92280448	true	1	13	92280601	0.07059213	true	95	95	false
78288285	92280448	true	1	14	92280601	0.09176977	true	95	95	false
78288286	92280448	true	1	15	92280601	0.1193007	true	95	95	false
78288287	92280448	true	1	16	92280601	0.15509091	true	95	95	false
78288288	92280448	true	1	17	92280601	0.20161818	true	95	95	false
78288289	92280448	true	1	18	92280601	0.26210365	true	95	95	false
78288290	92280448	true	1	19	92280601	0.34073472	true	95	95	false
78288291	92280448	true	1	20	92280601	0.44295517	true	95	95	false
78288292	92280448	true	1	21	92280601	0.5758417	true	95	95	false
78288462	92280448	true	1	22	92280601	0.7686	true	95	95	false
78288293	92280448	true	1	5	92280602	6.2E-4	true	95	95	false
78288294	92280448	true	1	6	92280602	0.00126	true	95	95	false
78288295	92280448	true	1	7	92280602	0.0025	true	95	95	false
78288296	92280448	true	1	8	92280602	0.005	true	95	95	false
78288297	92280448	true	1	9	92280602	0.01	true	95	95	false
78288298	92280448	true	1	10	92280602	0.02	true	95	95	false
78288299	92280448	true	1	11	92280602	0.0252	true	95	95	false
78288300	92280448	true	1	12	92280602	0.03176	true	95	95	false
78288301	92280448	true	1	13	92280602	0.04	true	95	95	false
78288302	92280448	true	1	14	92280602	0.0504	true	95	95	false
78288303	92280448	true	1	15	92280602	0.06352	true	95	95	false
78288304	92280448	true	1	16	92280602	0.08004	true	95	95	false
78288305	92280448	true	1	17	92280602	0.10084	true	95	95	false
78288306	92280448	true	1	18	92280602	0.12706	true	95	95	false
78288307	92280448	true	1	19	92280602	0.1601	true	95	95	false
78288308	92280448	true	1	20	92280602	0.20172	true	95	95	false
78288309	92280448	true	1	21	92280602	0.25416	true	95	95	false
78288463	92280448	true	1	22	92280602	0.3202	true	95	95	false
78286826	92280449	false	1	0	92279996	1.0	true	1	3	false
78286827	92280449	false	1	0	92279997	1.0	true	4	5	false
78286828	92280449	false	1	0	92279998	1.0	true	6	7	false
78286829	92280449	false	1	0	92279999	1.0	true	8	9	false
78286830	92280449	false	1	0	92280000	1.0	true	10	11	false
78286831	92280449	false	1	0	92280001	1.0	true	12	13	false
78286832	92280449	false	1	0	92280002	1.0	true	14	15	false
78286833	92280449	false	1	0	92280003	1.0	true	16	17	false
78286834	92280449	false	1	0	92280004	1.0	true	18	19	false
78286835	92280449	false	1	0	92280005	1.0	true	20	21	false
78286836	92280449	false	1	0	92280006	1.0	true	22	23	false
78286837	92280449	false	1	0	92280007	1.0	true	24	25	false
78286838	92280449	false	1	0	92280008	1.0	true	26	27	false
78286839	92280449	false	1	0	92280009	1.0	true	28	29	false
78286840	92280449	false	1	0	92280010	1.0	true	30	31	false
78286841	92280449	false	1	0	92280011	1.0	true	32	33	false
78286842	92280449	false	1	0	92280012	1.0	true	34	35	false
78286843	92280449	false	1	0	92280013	1.0	true	36	37	false
78286844	92280449	false	1	0	92280014	1.0	true	38	39	false
78286845	92280449	false	1	0	92280015	1.0	true	40	41	false
78286846	92280449	false	1	0	92280016	1.0	true	42	43	false
78286847	92280449	false	1	0	92280017	1.0	true	44	45	false
78286848	92280449	false	1	0	92280018	1.0	true	46	47	false
78286849	92280449	false	1	0	92280019	1.0	true	48	49	false
78286850	92280449	false	1	0	92280020	1.0	true	50	51	false
78286851	92280449	false	1	0	92280021	1.0	true	52	53	false
78286852	92280449	false	1	0	92280022	1.0	true	54	55	false
78286853	92280449	false	1	0	92280023	1.0	true	56	57	false
78286854	92280449	false	1	0	92280024	1.0	true	58	59	false
78286855	92280449	false	1	0	92280025	1.0	true	60	61	false
78286856	92280449	false	1	0	92280026	1.0	true	62	63	false
78286857	92280449	false	1	0	92280027	1.0	true	64	65	false
78286858	92280449	false	1	0	92280028	1.0	true	66	67	false
78286859	92280449	false	1	0	92280029	1.0	true	68	69	false
78286860	92280449	false	1	0	92280030	1.0	true	70	71	false
78286861	92280449	false	1	0	92280031	1.0	true	72	73	false
78286862	92280449	false	1	0	92280032	1.0	true	74	75	false
78286863	92280449	false	1	0	92280033	1.0	true	76	77	false
78286864	92280449	false	1	0	92280034	1.0	true	78	79	false
78286865	92280449	false	1	0	92280035	1.0	true	80	81	false
78286866	92280449	false	1	0	92280036	1.0	true	82	83	false
78286867	92280449	false	1	0	92280037	1.0	true	84	85	false
78286868	92280449	false	1	0	92280038	1.0	true	86	87	false
78286869	92280449	false	1	0	92280039	1.0	true	88	89	false
78286870	92280449	false	1	0	92280060	1.0	true	90	90	false
78286871	92280449	false	1	0	92280061	1.0	true	91	92	false
78286872	92280449	false	1	0	92280062	1.0	true	93	94	false
78286873	92280449	false	1	0	92279961	0.3	true	16	23	false
78286874	92280449	false	1	0	92279962	0.3	true	24	31	false
78286875	92280449	false	1	0	92279963	0.3	true	32	39	false
78286876	92280449	false	1	0	92279964	0.3	true	40	49	false
78286877	92280449	false	1	0	92279965	0.3	true	50	59	false
78286878	92280449	false	1	0	92279966	0.3	true	60	69	false
78286879	92280449	false	1	0	92279967	0.3	true	70	79	false
78286880	92280449	false	1	0	92279968	0.3	true	80	89	false
78286881	92280449	false	1	0	92279969	0.3	true	90	92	false
78286882	92280449	false	1	0	92279970	0.3	true	93	94	false
78286883	92280449	false	1	0	92279971	0.3	true	60	69	false
78286884	92280449	false	1	0	92279972	0.3	true	70	79	false
78286885	92280449	false	1	0	92279973	0.3	true	80	89	false
78286886	92280449	false	1	0	92279974	0.3	true	90	92	false
78286887	92280449	false	1	0	92279975	0.3	true	93	94	false
78286888	92280449	false	1	0	92279976	0.3	true	40	49	false
78286889	92280449	false	1	0	92279977	0.3	true	50	59	false
78286890	92280449	false	1	0	92279978	0.3	true	60	69	false
78286891	92280449	false	1	0	92279979	0.3	true	70	79	false
78286892	92280449	false	1	0	92279980	0.3	true	80	89	false
78286893	92280449	false	1	0	92279981	0.3	true	90	92	false
78286894	92280449	false	1	0	92279982	0.3	true	93	94	false
78286895	92280449	false	1	0	92279983	0.5	true	10	19	false
78286896	92280449	false	1	0	92279984	0.5	true	20	29	false
78286897	92280449	false	1	0	92279985	0.5	true	30	39	false
78286898	92280449	false	1	0	92279986	0.5	true	40	49	false
78286899	92280449	false	1	0	92279987	0.5	true	50	59	false
78286900	92280449	false	1	0	92279988	0.5	true	60	69	false
78286901	92280449	false	1	0	92279989	0.5	true	70	79	false
78286902	92280449	false	1	0	92279990	0.5	true	80	89	false
78286903	92280449	false	1	0	92279991	0.5	true	90	90	false
78286904	92280449	false	1	0	92279992	0.5	true	91	92	false
78286905	92280449	false	1	0	92279993	0.5	true	93	94	false
78286906	92280449	false	1	0	92280090	1.0	true	1	94	false
78287509	92280449	false	1	0	92280457	0.3	true	1	94	false
78286912	92280449	true	1	0	92280457	1.0	true	95	95	false
78286907	92280449	true	1	0	92280305	1.0	true	95	95	false
78286908	92280449	true	1	0	92280306	0.003	true	95	95	false
78286909	92280449	true	1	0	92280307	0.1	true	95	95	false
78286911	92280449	true	1	0	92280209	9.9E-4	true	95	95	false
78288310	92280449	true	1	10	92280601	0.032131147	true	95	95	false
78288311	92280449	true	1	11	92280601	0.04177049	true	95	95	false
78288312	92280449	true	1	12	92280601	0.05430164	true	95	95	false
78288313	92280449	true	1	13	92280601	0.07059213	true	95	95	false
78288314	92280449	true	1	14	92280601	0.09176977	true	95	95	false
78288315	92280449	true	1	15	92280601	0.1193007	true	95	95	false
78288316	92280449	true	1	16	92280601	0.15509091	true	95	95	false
78288317	92280449	true	1	17	92280601	0.20161818	true	95	95	false
78288318	92280449	true	1	18	92280601	0.26210365	true	95	95	false
78288319	92280449	true	1	19	92280601	0.34073472	true	95	95	false
78288320	92280449	true	1	20	92280601	0.44295517	true	95	95	false
78288321	92280449	true	1	21	92280601	0.5758417	true	95	95	false
78288464	92280449	true	1	22	92280601	0.7686	true	95	95	false
78288322	92280449	true	1	5	92280602	6.2E-4	true	95	95	false
78288323	92280449	true	1	6	92280602	0.00126	true	95	95	false
78288324	92280449	true	1	7	92280602	0.0025	true	95	95	false
78288325	92280449	true	1	8	92280602	0.005	true	95	95	false
78288326	92280449	true	1	9	92280602	0.01	true	95	95	false
78288327	92280449	true	1	10	92280602	0.02	true	95	95	false
78288328	92280449	true	1	11	92280602	0.0252	true	95	95	false
78288329	92280449	true	1	12	92280602	0.03176	true	95	95	false
78288330	92280449	true	1	13	92280602	0.04	true	95	95	false
78288331	92280449	true	1	14	92280602	0.0504	true	95	95	false
78288332	92280449	true	1	15	92280602	0.06352	true	95	95	false
78288333	92280449	true	1	16	92280602	0.08004	true	95	95	false
78288334	92280449	true	1	17	92280602	0.10084	true	95	95	false
78288335	92280449	true	1	18	92280602	0.12706	true	95	95	false
78288336	92280449	true	1	19	92280602	0.1601	true	95	95	false
78288337	92280449	true	1	20	92280602	0.20172	true	95	95	false
78288338	92280449	true	1	21	92280602	0.25416	true	95	95	false
78288465	92280449	true	1	22	92280602	0.3202	true	95	95	false
78287007	92280450	false	1	0	92279996	1.0	true	1	3	false
78287008	92280450	false	1	0	92279997	1.0	true	4	5	false
78287009	92280450	false	1	0	92279998	1.0	true	6	7	false
78287010	92280450	false	1	0	92279999	1.0	true	8	9	false
78287011	92280450	false	1	0	92280000	1.0	true	10	11	false
78287012	92280450	false	1	0	92280001	1.0	true	12	13	false
78287013	92280450	false	1	0	92280002	1.0	true	14	15	false
78287014	92280450	false	1	0	92280003	1.0	true	16	17	false
78287015	92280450	false	1	0	92280004	1.0	true	18	19	false
78287016	92280450	false	1	0	92280005	1.0	true	20	21	false
78287017	92280450	false	1	0	92280006	1.0	true	22	23	false
78287018	92280450	false	1	0	92280007	1.0	true	24	25	false
78287019	92280450	false	1	0	92280008	1.0	true	26	27	false
78287020	92280450	false	1	0	92280009	1.0	true	28	29	false
78287021	92280450	false	1	0	92280010	1.0	true	30	31	false
78287022	92280450	false	1	0	92280011	1.0	true	32	33	false
78287023	92280450	false	1	0	92280012	1.0	true	34	35	false
78287024	92280450	false	1	0	92280013	1.0	true	36	37	false
78287025	92280450	false	1	0	92280014	1.0	true	38	39	false
78287026	92280450	false	1	0	92280015	1.0	true	40	41	false
78287027	92280450	false	1	0	92280016	1.0	true	42	43	false
78287028	92280450	false	1	0	92280017	1.0	true	44	45	false
78287029	92280450	false	1	0	92280018	1.0	true	46	47	false
78287030	92280450	false	1	0	92280019	1.0	true	48	49	false
78287031	92280450	false	1	0	92280020	1.0	true	50	51	false
78287032	92280450	false	1	0	92280021	1.0	true	52	53	false
78287033	92280450	false	1	0	92280022	1.0	true	54	55	false
78287034	92280450	false	1	0	92280023	1.0	true	56	57	false
78287035	92280450	false	1	0	92280024	1.0	true	58	59	false
78287036	92280450	false	1	0	92280025	1.0	true	60	61	false
78287037	92280450	false	1	0	92280026	1.0	true	62	63	false
78287038	92280450	false	1	0	92280027	1.0	true	64	65	false
78287039	92280450	false	1	0	92280028	1.0	true	66	67	false
78287040	92280450	false	1	0	92280029	1.0	true	68	69	false
78287041	92280450	false	1	0	92280030	1.0	true	70	71	false
78287042	92280450	false	1	0	92280031	1.0	true	72	73	false
78287043	92280450	false	1	0	92280032	1.0	true	74	75	false
78287044	92280450	false	1	0	92280033	1.0	true	76	77	false
78287045	92280450	false	1	0	92280034	1.0	true	78	79	false
78287046	92280450	false	1	0	92280035	1.0	true	80	81	false
78287047	92280450	false	1	0	92280036	1.0	true	82	83	false
78287048	92280450	false	1	0	92280037	1.0	true	84	85	false
78287049	92280450	false	1	0	92280038	1.0	true	86	87	false
78287050	92280450	false	1	0	92280039	1.0	true	88	89	false
78287051	92280450	false	1	0	92280060	1.0	true	90	90	false
78287052	92280450	false	1	0	92280061	1.0	true	91	92	false
78287053	92280450	false	1	0	92280062	1.0	true	93	94	false
78287054	92280450	false	1	0	92279961	0.3	true	16	23	false
78287055	92280450	false	1	0	92279962	0.3	true	24	31	false
78287056	92280450	false	1	0	92279963	0.3	true	32	39	false
78287057	92280450	false	1	0	92279964	0.3	true	40	49	false
78287058	92280450	false	1	0	92279965	0.3	true	50	59	false
78287059	92280450	false	1	0	92279966	0.3	true	60	69	false
78287060	92280450	false	1	0	92279967	0.3	true	70	79	false
78287061	92280450	false	1	0	92279968	0.3	true	80	89	false
78287062	92280450	false	1	0	92279969	0.3	true	90	92	false
78287063	92280450	false	1	0	92279970	0.3	true	93	94	false
78287064	92280450	false	1	0	92279971	0.3	true	60	69	false
78287065	92280450	false	1	0	92279972	0.3	true	70	79	false
78287066	92280450	false	1	0	92279973	0.3	true	80	89	false
78287067	92280450	false	1	0	92279974	0.3	true	90	92	false
78287068	92280450	false	1	0	92279975	0.3	true	93	94	false
78287069	92280450	false	1	0	92279976	0.3	true	40	49	false
78287070	92280450	false	1	0	92279977	0.3	true	50	59	false
78287071	92280450	false	1	0	92279978	0.3	true	60	69	false
78287072	92280450	false	1	0	92279979	0.3	true	70	79	false
78287073	92280450	false	1	0	92279980	0.3	true	80	89	false
78287074	92280450	false	1	0	92279981	0.3	true	90	92	false
78287075	92280450	false	1	0	92279982	0.3	true	93	94	false
78287076	92280450	false	1	0	92279983	0.5	true	10	19	false
78287077	92280450	false	1	0	92279984	0.5	true	20	29	false
78287078	92280450	false	1	0	92279985	0.5	true	30	39	false
78287079	92280450	false	1	0	92279986	0.5	true	40	49	false
78287080	92280450	false	1	0	92279987	0.5	true	50	59	false
78287081	92280450	false	1	0	92279988	0.5	true	60	69	false
78287082	92280450	false	1	0	92279989	0.5	true	70	79	false
78287083	92280450	false	1	0	92279990	0.5	true	80	89	false
78287084	92280450	false	1	0	92279991	0.5	true	90	90	false
78287085	92280450	false	1	0	92279992	0.5	true	91	92	false
78287086	92280450	false	1	0	92279993	0.5	true	93	94	false
78287087	92280450	false	1	0	92280090	1.0	true	1	94	false
78287510	92280450	false	1	0	92280458	0.3	true	1	94	false
78287093	92280450	true	1	0	92280458	1.0	true	95	95	false
78287088	92280450	true	1	0	92280305	1.0	true	95	95	false
78287089	92280450	true	1	0	92280306	0.003	true	95	95	false
78287090	92280450	true	1	0	92280307	0.1	true	95	95	false
78287092	92280450	true	1	0	92280209	9.9E-4	true	95	95	false
78288339	92280450	true	1	10	92280601	0.032131147	true	95	95	false
78288340	92280450	true	1	11	92280601	0.04177049	true	95	95	false
78288341	92280450	true	1	12	92280601	0.05430164	true	95	95	false
78288342	92280450	true	1	13	92280601	0.07059213	true	95	95	false
78288343	92280450	true	1	14	92280601	0.09176977	true	95	95	false
78288344	92280450	true	1	15	92280601	0.1193007	true	95	95	false
78288345	92280450	true	1	16	92280601	0.15509091	true	95	95	false
78288346	92280450	true	1	17	92280601	0.20161818	true	95	95	false
78288347	92280450	true	1	18	92280601	0.26210365	true	95	95	false
78288348	92280450	true	1	19	92280601	0.34073472	true	95	95	false
78288349	92280450	true	1	20	92280601	0.44295517	true	95	95	false
78288350	92280450	true	1	21	92280601	0.5758417	true	95	95	false
78288466	92280450	true	1	22	92280601	0.7686	true	95	95	false
78288351	92280450	true	1	5	92280602	6.2E-4	true	95	95	false
78288352	92280450	true	1	6	92280602	0.00126	true	95	95	false
78288353	92280450	true	1	7	92280602	0.0025	true	95	95	false
78288354	92280450	true	1	8	92280602	0.005	true	95	95	false
78288355	92280450	true	1	9	92280602	0.01	true	95	95	false
78288356	92280450	true	1	10	92280602	0.02	true	95	95	false
78288357	92280450	true	1	11	92280602	0.0252	true	95	95	false
78288358	92280450	true	1	12	92280602	0.03176	true	95	95	false
78288359	92280450	true	1	13	92280602	0.04	true	95	95	false
78288360	92280450	true	1	14	92280602	0.0504	true	95	95	false
78288361	92280450	true	1	15	92280602	0.06352	true	95	95	false
78288362	92280450	true	1	16	92280602	0.08004	true	95	95	false
78288363	92280450	true	1	17	92280602	0.10084	true	95	95	false
78288364	92280450	true	1	18	92280602	0.12706	true	95	95	false
78288365	92280450	true	1	19	92280602	0.1601	true	95	95	false
78288366	92280450	true	1	20	92280602	0.20172	true	95	95	false
78288367	92280450	true	1	21	92280602	0.25416	true	95	95	false
78288467	92280450	true	1	22	92280602	0.3202	true	95	95	false
78287188	92280451	false	1	0	92279996	1.0	true	1	3	false
78287189	92280451	false	1	0	92279997	1.0	true	4	5	false
78287190	92280451	false	1	0	92279998	1.0	true	6	7	false
78287191	92280451	false	1	0	92279999	1.0	true	8	9	false
78287192	92280451	false	1	0	92280000	1.0	true	10	11	false
78287193	92280451	false	1	0	92280001	1.0	true	12	13	false
78287194	92280451	false	1	0	92280002	1.0	true	14	15	false
78287195	92280451	false	1	0	92280003	1.0	true	16	17	false
78287196	92280451	false	1	0	92280004	1.0	true	18	19	false
78287197	92280451	false	1	0	92280005	1.0	true	20	21	false
78287198	92280451	false	1	0	92280006	1.0	true	22	23	false
78287199	92280451	false	1	0	92280007	1.0	true	24	25	false
78287200	92280451	false	1	0	92280008	1.0	true	26	27	false
78287201	92280451	false	1	0	92280009	1.0	true	28	29	false
78287202	92280451	false	1	0	92280010	1.0	true	30	31	false
78287203	92280451	false	1	0	92280011	1.0	true	32	33	false
78287204	92280451	false	1	0	92280012	1.0	true	34	35	false
78287205	92280451	false	1	0	92280013	1.0	true	36	37	false
78287206	92280451	false	1	0	92280014	1.0	true	38	39	false
78287207	92280451	false	1	0	92280015	1.0	true	40	41	false
78287208	92280451	false	1	0	92280016	1.0	true	42	43	false
78287209	92280451	false	1	0	92280017	1.0	true	44	45	false
78287210	92280451	false	1	0	92280018	1.0	true	46	47	false
78287211	92280451	false	1	0	92280019	1.0	true	48	49	false
78287212	92280451	false	1	0	92280020	1.0	true	50	51	false
78287213	92280451	false	1	0	92280021	1.0	true	52	53	false
78287214	92280451	false	1	0	92280022	1.0	true	54	55	false
78287215	92280451	false	1	0	92280023	1.0	true	56	57	false
78287216	92280451	false	1	0	92280024	1.0	true	58	59	false
78287217	92280451	false	1	0	92280025	1.0	true	60	61	false
78287218	92280451	false	1	0	92280026	1.0	true	62	63	false
78287219	92280451	false	1	0	92280027	1.0	true	64	65	false
78287220	92280451	false	1	0	92280028	1.0	true	66	67	false
78287221	92280451	false	1	0	92280029	1.0	true	68	69	false
78287222	92280451	false	1	0	92280030	1.0	true	70	71	false
78287223	92280451	false	1	0	92280031	1.0	true	72	73	false
78287224	92280451	false	1	0	92280032	1.0	true	74	75	false
78287225	92280451	false	1	0	92280033	1.0	true	76	77	false
78287226	92280451	false	1	0	92280034	1.0	true	78	79	false
78287227	92280451	false	1	0	92280035	1.0	true	80	81	false
78287228	92280451	false	1	0	92280036	1.0	true	82	83	false
78287229	92280451	false	1	0	92280037	1.0	true	84	85	false
78287230	92280451	false	1	0	92280038	1.0	true	86	87	false
78287231	92280451	false	1	0	92280039	1.0	true	88	89	false
78287232	92280451	false	1	0	92280060	1.0	true	90	90	false
78287233	92280451	false	1	0	92280061	1.0	true	91	92	false
78287234	92280451	false	1	0	92280062	1.0	true	93	94	false
78287235	92280451	false	1	0	92279961	0.3	true	16	23	false
78287236	92280451	false	1	0	92279962	0.3	true	24	31	false
78287237	92280451	false	1	0	92279963	0.3	true	32	39	false
78287238	92280451	false	1	0	92279964	0.3	true	40	49	false
78287239	92280451	false	1	0	92279965	0.3	true	50	59	false
78287240	92280451	false	1	0	92279966	0.3	true	60	69	false
78287241	92280451	false	1	0	92279967	0.3	true	70	79	false
78287242	92280451	false	1	0	92279968	0.3	true	80	89	false
78287243	92280451	false	1	0	92279969	0.3	true	90	92	false
78287244	92280451	false	1	0	92279970	0.3	true	93	94	false
78287245	92280451	false	1	0	92279971	0.3	true	60	69	false
78287246	92280451	false	1	0	92279972	0.3	true	70	79	false
78287247	92280451	false	1	0	92279973	0.3	true	80	89	false
78287248	92280451	false	1	0	92279974	0.3	true	90	92	false
78287249	92280451	false	1	0	92279975	0.3	true	93	94	false
78287250	92280451	false	1	0	92279976	0.3	true	40	49	false
78287251	92280451	false	1	0	92279977	0.3	true	50	59	false
78287252	92280451	false	1	0	92279978	0.3	true	60	69	false
78287253	92280451	false	1	0	92279979	0.3	true	70	79	false
78287254	92280451	false	1	0	92279980	0.3	true	80	89	false
78287255	92280451	false	1	0	92279981	0.3	true	90	92	false
78287256	92280451	false	1	0	92279982	0.3	true	93	94	false
78287257	92280451	false	1	0	92279983	0.5	true	10	19	false
78287258	92280451	false	1	0	92279984	0.5	true	20	29	false
78287259	92280451	false	1	0	92279985	0.5	true	30	39	false
78287260	92280451	false	1	0	92279986	0.5	true	40	49	false
78287261	92280451	false	1	0	92279987	0.5	true	50	59	false
78287262	92280451	false	1	0	92279988	0.5	true	60	69	false
78287263	92280451	false	1	0	92279989	0.5	true	70	79	false
78287264	92280451	false	1	0	92279990	0.5	true	80	89	false
78287265	92280451	false	1	0	92279991	0.5	true	90	90	false
78287266	92280451	false	1	0	92279992	0.5	true	91	92	false
78287267	92280451	false	1	0	92279993	0.5	true	93	94	false
78287268	92280451	false	1	0	92280090	1.0	true	1	94	false
78287511	92280451	false	1	0	92280459	0.3	true	1	94	false
78287274	92280451	true	1	0	92280459	1.0	true	95	95	false
78287269	92280451	true	1	0	92280305	1.0	true	95	95	false
78287270	92280451	true	1	0	92280306	0.003	true	95	95	false
78287271	92280451	true	1	0	92280307	0.1	true	95	95	false
78287273	92280451	true	1	0	92280209	9.9E-4	true	95	95	false
78288368	92280451	true	1	10	92280601	0.032131147	true	95	95	false
78288369	92280451	true	1	11	92280601	0.04177049	true	95	95	false
78288370	92280451	true	1	12	92280601	0.05430164	true	95	95	false
78288371	92280451	true	1	13	92280601	0.07059213	true	95	95	false
78288372	92280451	true	1	14	92280601	0.09176977	true	95	95	false
78288373	92280451	true	1	15	92280601	0.1193007	true	95	95	false
78288374	92280451	true	1	16	92280601	0.15509091	true	95	95	false
78288375	92280451	true	1	17	92280601	0.20161818	true	95	95	false
78288376	92280451	true	1	18	92280601	0.26210365	true	95	95	false
78288377	92280451	true	1	19	92280601	0.34073472	true	95	95	false
78288378	92280451	true	1	20	92280601	0.44295517	true	95	95	false
78288379	92280451	true	1	21	92280601	0.5758417	true	95	95	false
78288468	92280451	true	1	22	92280601	0.7686	true	95	95	false
78288380	92280451	true	1	5	92280602	6.2E-4	true	95	95	false
78288381	92280451	true	1	6	92280602	0.00126	true	95	95	false
78288382	92280451	true	1	7	92280602	0.0025	true	95	95	false
78288383	92280451	true	1	8	92280602	0.005	true	95	95	false
78288384	92280451	true	1	9	92280602	0.01	true	95	95	false
78288385	92280451	true	1	10	92280602	0.02	true	95	95	false
78288386	92280451	true	1	11	92280602	0.0252	true	95	95	false
78288387	92280451	true	1	12	92280602	0.03176	true	95	95	false
78288388	92280451	true	1	13	92280602	0.04	true	95	95	false
78288389	92280451	true	1	14	92280602	0.0504	true	95	95	false
78288390	92280451	true	1	15	92280602	0.06352	true	95	95	false
78288391	92280451	true	1	16	92280602	0.08004	true	95	95	false
78288392	92280451	true	1	17	92280602	0.10084	true	95	95	false
78288393	92280451	true	1	18	92280602	0.12706	true	95	95	false
78288394	92280451	true	1	19	92280602	0.1601	true	95	95	false
78288395	92280451	true	1	20	92280602	0.20172	true	95	95	false
78288396	92280451	true	1	21	92280602	0.25416	true	95	95	false
78288469	92280451	true	1	22	92280602	0.3202	true	95	95	false
78285740	92280443	false	1	0	92279996	1.0	true	1	3	false
78285741	92280443	false	1	0	92279997	1.0	true	4	5	false
78285742	92280443	false	1	0	92279998	1.0	true	6	7	false
78285743	92280443	false	1	0	92279999	1.0	true	8	9	false
78285744	92280443	false	1	0	92280000	1.0	true	10	11	false
78285745	92280443	false	1	0	92280001	1.0	true	12	13	false
78285746	92280443	false	1	0	92280002	1.0	true	14	15	false
78285747	92280443	false	1	0	92280003	1.0	true	16	17	false
78285748	92280443	false	1	0	92280004	1.0	true	18	19	false
78285749	92280443	false	1	0	92280005	1.0	true	20	21	false
78285750	92280443	false	1	0	92280006	1.0	true	22	23	false
78285751	92280443	false	1	0	92280007	1.0	true	24	25	false
78285752	92280443	false	1	0	92280008	1.0	true	26	27	false
78285753	92280443	false	1	0	92280009	1.0	true	28	29	false
78285754	92280443	false	1	0	92280010	1.0	true	30	31	false
78285755	92280443	false	1	0	92280011	1.0	true	32	33	false
78285756	92280443	false	1	0	92280012	1.0	true	34	35	false
78285757	92280443	false	1	0	92280013	1.0	true	36	37	false
78285758	92280443	false	1	0	92280014	1.0	true	38	39	false
78285759	92280443	false	1	0	92280015	1.0	true	40	41	false
78285760	92280443	false	1	0	92280016	1.0	true	42	43	false
78285761	92280443	false	1	0	92280017	1.0	true	44	45	false
78285762	92280443	false	1	0	92280018	1.0	true	46	47	false
78285763	92280443	false	1	0	92280019	1.0	true	48	49	false
78285764	92280443	false	1	0	92280020	1.0	true	50	51	false
78285765	92280443	false	1	0	92280021	1.0	true	52	53	false
78285766	92280443	false	1	0	92280022	1.0	true	54	55	false
78285767	92280443	false	1	0	92280023	1.0	true	56	57	false
78285768	92280443	false	1	0	92280024	1.0	true	58	59	false
78285769	92280443	false	1	0	92280025	1.0	true	60	61	false
78285770	92280443	false	1	0	92280026	1.0	true	62	63	false
78285771	92280443	false	1	0	92280027	1.0	true	64	65	false
78285772	92280443	false	1	0	92280028	1.0	true	66	67	false
78285773	92280443	false	1	0	92280029	1.0	true	68	69	false
78285774	92280443	false	1	0	92280030	1.0	true	70	71	false
78285775	92280443	false	1	0	92280031	1.0	true	72	73	false
78285776	92280443	false	1	0	92280032	1.0	true	74	75	false
78285777	92280443	false	1	0	92280033	1.0	true	76	77	false
78285778	92280443	false	1	0	92280034	1.0	true	78	79	false
78285779	92280443	false	1	0	92280035	1.0	true	80	81	false
78285780	92280443	false	1	0	92280036	1.0	true	82	83	false
78285781	92280443	false	1	0	92280037	1.0	true	84	85	false
78285782	92280443	false	1	0	92280038	1.0	true	86	87	false
78285783	92280443	false	1	0	92280039	1.0	true	88	89	false
78285784	92280443	false	1	0	92280060	1.0	true	90	90	false
78285785	92280443	false	1	0	92280061	1.0	true	91	92	false
78285786	92280443	false	1	0	92280062	1.0	true	93	94	false
78285787	92280443	false	1	0	92279961	0.3	true	16	23	false
78285788	92280443	false	1	0	92279962	0.3	true	24	31	false
78285789	92280443	false	1	0	92279963	0.3	true	32	39	false
78285790	92280443	false	1	0	92279964	0.3	true	40	49	false
78285791	92280443	false	1	0	92279965	0.3	true	50	59	false
78285792	92280443	false	1	0	92279966	0.3	true	60	69	false
78285793	92280443	false	1	0	92279967	0.3	true	70	79	false
78285794	92280443	false	1	0	92279968	0.3	true	80	89	false
78285795	92280443	false	1	0	92279969	0.3	true	90	92	false
78285796	92280443	false	1	0	92279970	0.3	true	93	94	false
78285797	92280443	false	1	0	92279971	0.3	true	60	69	false
78285798	92280443	false	1	0	92279972	0.3	true	70	79	false
78285799	92280443	false	1	0	92279973	0.3	true	80	89	false
78285800	92280443	false	1	0	92279974	0.3	true	90	92	false
78285801	92280443	false	1	0	92279975	0.3	true	93	94	false
78285802	92280443	false	1	0	92279976	0.3	true	40	49	false
78285803	92280443	false	1	0	92279977	0.3	true	50	59	false
78285804	92280443	false	1	0	92279978	0.3	true	60	69	false
78285805	92280443	false	1	0	92279979	0.3	true	70	79	false
78285806	92280443	false	1	0	92279980	0.3	true	80	89	false
78285807	92280443	false	1	0	92279981	0.3	true	90	92	false
78285808	92280443	false	1	0	92279982	0.3	true	93	94	false
78285809	92280443	false	1	0	92279983	0.5	true	10	19	false
78285810	92280443	false	1	0	92279984	0.5	true	20	29	false
78285811	92280443	false	1	0	92279985	0.5	true	30	39	false
78285812	92280443	false	1	0	92279986	0.5	true	40	49	false
78285813	92280443	false	1	0	92279987	0.5	true	50	59	false
78285814	92280443	false	1	0	92279988	0.5	true	60	69	false
78285815	92280443	false	1	0	92279989	0.5	true	70	79	false
78285816	92280443	false	1	0	92279990	0.5	true	80	89	false
78285817	92280443	false	1	0	92279991	0.5	true	90	90	false
78285818	92280443	false	1	0	92279992	0.5	true	91	92	false
78285819	92280443	false	1	0	92279993	0.5	true	93	94	false
78285820	92280443	false	1	0	92280090	1.0	true	1	94	false
78285821	92280443	true	1	0	92280305	1.0	true	95	95	false
78285822	92280443	true	1	0	92280306	0.003	true	95	95	false
78285823	92280443	true	1	0	92280307	0.1	true	95	95	false
78285825	92280443	true	1	0	92280209	9.9E-4	true	95	95	false
78288136	92280443	true	1	10	92280601	0.032131147	true	95	95	false
78288137	92280443	true	1	11	92280601	0.04177049	true	95	95	false
78288138	92280443	true	1	12	92280601	0.05430164	true	95	95	false
78288139	92280443	true	1	13	92280601	0.07059213	true	95	95	false
78288140	92280443	true	1	14	92280601	0.09176977	true	95	95	false
78288141	92280443	true	1	15	92280601	0.1193007	true	95	95	false
78288142	92280443	true	1	16	92280601	0.15509091	true	95	95	false
78288143	92280443	true	1	17	92280601	0.20161818	true	95	95	false
78288144	92280443	true	1	18	92280601	0.26210365	true	95	95	false
78288145	92280443	true	1	19	92280601	0.34073472	true	95	95	false
78288146	92280443	true	1	20	92280601	0.44295517	true	95	95	false
78288147	92280443	true	1	21	92280601	0.5758417	true	95	95	false
78288470	92280443	true	1	22	92280601	0.7686	true	95	95	false
78288148	92280443	true	1	5	92280602	6.2E-4	true	95	95	false
78288149	92280443	true	1	6	92280602	0.00126	true	95	95	false
78288150	92280443	true	1	7	92280602	0.0025	true	95	95	false
78288151	92280443	true	1	8	92280602	0.005	true	95	95	false
78288152	92280443	true	1	9	92280602	0.01	true	95	95	false
78288153	92280443	true	1	10	92280602	0.02	true	95	95	false
78288154	92280443	true	1	11	92280602	0.0252	true	95	95	false
78288155	92280443	true	1	12	92280602	0.03176	true	95	95	false
78288156	92280443	true	1	13	92280602	0.04	true	95	95	false
78288157	92280443	true	1	14	92280602	0.0504	true	95	95	false
78288158	92280443	true	1	15	92280602	0.06352	true	95	95	false
78288159	92280443	true	1	16	92280602	0.08004	true	95	95	false
78288160	92280443	true	1	17	92280602	0.10084	true	95	95	false
78288161	92280443	true	1	18	92280602	0.12706	true	95	95	false
78288162	92280443	true	1	19	92280602	0.1601	true	95	95	false
78288163	92280443	true	1	20	92280602	0.20172	true	95	95	false
78288164	92280443	true	1	21	92280602	0.25416	true	95	95	false
78288471	92280443	true	1	22	92280602	0.3202	true	95	95	false
78287369	92280452	false	1	0	92279996	1.0	true	1	3	false
78287370	92280452	false	1	0	92279997	1.0	true	4	5	false
78287371	92280452	false	1	0	92279998	1.0	true	6	7	false
78287372	92280452	false	1	0	92279999	1.0	true	8	9	false
78287373	92280452	false	1	0	92280000	1.0	true	10	11	false
78287374	92280452	false	1	0	92280001	1.0	true	12	13	false
78287375	92280452	false	1	0	92280002	1.0	true	14	15	false
78287376	92280452	false	1	0	92280003	1.0	true	16	17	false
78287377	92280452	false	1	0	92280004	1.0	true	18	19	false
78287378	92280452	false	1	0	92280005	1.0	true	20	21	false
78287379	92280452	false	1	0	92280006	1.0	true	22	23	false
78287380	92280452	false	1	0	92280007	1.0	true	24	25	false
78287381	92280452	false	1	0	92280008	1.0	true	26	27	false
78287382	92280452	false	1	0	92280009	1.0	true	28	29	false
78287383	92280452	false	1	0	92280010	1.0	true	30	31	false
78287384	92280452	false	1	0	92280011	1.0	true	32	33	false
78287385	92280452	false	1	0	92280012	1.0	true	34	35	false
78287386	92280452	false	1	0	92280013	1.0	true	36	37	false
78287387	92280452	false	1	0	92280014	1.0	true	38	39	false
78287388	92280452	false	1	0	92280015	1.0	true	40	41	false
78287389	92280452	false	1	0	92280016	1.0	true	42	43	false
78287390	92280452	false	1	0	92280017	1.0	true	44	45	false
78287391	92280452	false	1	0	92280018	1.0	true	46	47	false
78287392	92280452	false	1	0	92280019	1.0	true	48	49	false
78287393	92280452	false	1	0	92280020	1.0	true	50	51	false
78287394	92280452	false	1	0	92280021	1.0	true	52	53	false
78287395	92280452	false	1	0	92280022	1.0	true	54	55	false
78287396	92280452	false	1	0	92280023	1.0	true	56	57	false
78287397	92280452	false	1	0	92280024	1.0	true	58	59	false
78287398	92280452	false	1	0	92280025	1.0	true	60	61	false
78287399	92280452	false	1	0	92280026	1.0	true	62	63	false
78287400	92280452	false	1	0	92280027	1.0	true	64	65	false
78287401	92280452	false	1	0	92280028	1.0	true	66	67	false
78287402	92280452	false	1	0	92280029	1.0	true	68	69	false
78287403	92280452	false	1	0	92280030	1.0	true	70	71	false
78287404	92280452	false	1	0	92280031	1.0	true	72	73	false
78287405	92280452	false	1	0	92280032	1.0	true	74	75	false
78287406	92280452	false	1	0	92280033	1.0	true	76	77	false
78287407	92280452	false	1	0	92280034	1.0	true	78	79	false
78287408	92280452	false	1	0	92280035	1.0	true	80	81	false
78287409	92280452	false	1	0	92280036	1.0	true	82	83	false
78287410	92280452	false	1	0	92280037	1.0	true	84	85	false
78287411	92280452	false	1	0	92280038	1.0	true	86	87	false
78287412	92280452	false	1	0	92280039	1.0	true	88	89	false
78287413	92280452	false	1	0	92280060	1.0	true	90	90	false
78287414	92280452	false	1	0	92280061	1.0	true	91	92	false
78287415	92280452	false	1	0	92280062	1.0	true	93	94	false
78287416	92280452	false	1	0	92279961	0.3	true	16	23	false
78287417	92280452	false	1	0	92279962	0.3	true	24	31	false
78287418	92280452	false	1	0	92279963	0.3	true	32	39	false
78287419	92280452	false	1	0	92279964	0.3	true	40	49	false
78287420	92280452	false	1	0	92279965	0.3	true	50	59	false
78287421	92280452	false	1	0	92279966	0.3	true	60	69	false
78287422	92280452	false	1	0	92279967	0.3	true	70	79	false
78287423	92280452	false	1	0	92279968	0.3	true	80	89	false
78287424	92280452	false	1	0	92279969	0.3	true	90	92	false
78287425	92280452	false	1	0	92279970	0.3	true	93	94	false
78287426	92280452	false	1	0	92279971	0.3	true	60	69	false
78287427	92280452	false	1	0	92279972	0.3	true	70	79	false
78287428	92280452	false	1	0	92279973	0.3	true	80	89	false
78287429	92280452	false	1	0	92279974	0.3	true	90	92	false
78287430	92280452	false	1	0	92279975	0.3	true	93	94	false
78287431	92280452	false	1	0	92279976	0.3	true	40	49	false
78287432	92280452	false	1	0	92279977	0.3	true	50	59	false
78287433	92280452	false	1	0	92279978	0.3	true	60	69	false
78287434	92280452	false	1	0	92279979	0.3	true	70	79	false
78287435	92280452	false	1	0	92279980	0.3	true	80	89	false
78287436	92280452	false	1	0	92279981	0.3	true	90	92	false
78287437	92280452	false	1	0	92279982	0.3	true	93	94	false
78287438	92280452	false	1	0	92279983	0.5	true	10	19	false
78287439	92280452	false	1	0	92279984	0.5	true	20	29	false
78287440	92280452	false	1	0	92279985	0.5	true	30	39	false
78287441	92280452	false	1	0	92279986	0.5	true	40	49	false
78287442	92280452	false	1	0	92279987	0.5	true	50	59	false
78287443	92280452	false	1	0	92279988	0.5	true	60	69	false
78287444	92280452	false	1	0	92279989	0.5	true	70	79	false
78287445	92280452	false	1	0	92279990	0.5	true	80	89	false
78287446	92280452	false	1	0	92279991	0.5	true	90	90	false
78287447	92280452	false	1	0	92279992	0.5	true	91	92	false
78287448	92280452	false	1	0	92279993	0.5	true	93	94	false
78287449	92280452	false	1	0	92280090	1.0	true	1	94	false
78287512	92280452	false	1	0	92280460	0.3	true	1	94	false
78287455	92280452	true	1	0	92280460	1.0	true	95	95	false
78287450	92280452	true	1	0	92280305	1.0	true	95	95	false
78287451	92280452	true	1	0	92280306	0.003	true	95	95	false
78287452	92280452	true	1	0	92280307	0.1	true	95	95	false
78287454	92280452	true	1	0	92280209	9.9E-4	true	95	95	false
78288397	92280452	true	1	10	92280601	0.032131147	true	95	95	false
78288398	92280452	true	1	11	92280601	0.04177049	true	95	95	false
78288399	92280452	true	1	12	92280601	0.05430164	true	95	95	false
78288400	92280452	true	1	13	92280601	0.07059213	true	95	95	false
78288401	92280452	true	1	14	92280601	0.09176977	true	95	95	false
78288402	92280452	true	1	15	92280601	0.1193007	true	95	95	false
78288403	92280452	true	1	16	92280601	0.15509091	true	95	95	false
78288404	92280452	true	1	17	92280601	0.20161818	true	95	95	false
78288405	92280452	true	1	18	92280601	0.26210365	true	95	95	false
78288406	92280452	true	1	19	92280601	0.34073472	true	95	95	false
78288407	92280452	true	1	20	92280601	0.44295517	true	95	95	false
78288408	92280452	true	1	21	92280601	0.5758417	true	95	95	false
78288472	92280452	true	1	22	92280601	0.7686	true	95	95	false
78288409	92280452	true	1	5	92280602	6.2E-4	true	95	95	false
78288410	92280452	true	1	6	92280602	0.00126	true	95	95	false
78288411	92280452	true	1	7	92280602	0.0025	true	95	95	false
78288412	92280452	true	1	8	92280602	0.005	true	95	95	false
78288413	92280452	true	1	9	92280602	0.01	true	95	95	false
78288414	92280452	true	1	10	92280602	0.02	true	95	95	false
78288415	92280452	true	1	11	92280602	0.0252	true	95	95	false
78288416	92280452	true	1	12	92280602	0.03176	true	95	95	false
78288417	92280452	true	1	13	92280602	0.04	true	95	95	false
78288418	92280452	true	1	14	92280602	0.0504	true	95	95	false
78288419	92280452	true	1	15	92280602	0.06352	true	95	95	false
78288420	92280452	true	1	16	92280602	0.08004	true	95	95	false
78288421	92280452	true	1	17	92280602	0.10084	true	95	95	false
78288422	92280452	true	1	18	92280602	0.12706	true	95	95	false
78288423	92280452	true	1	19	92280602	0.1601	true	95	95	false
78288424	92280452	true	1	20	92280602	0.20172	true	95	95	false
78288425	92280452	true	1	21	92280602	0.25416	true	95	95	false
78288473	92280452	true	1	22	92280602	0.3202	true	95	95	false
78284691	92280041	false	1	0	92280063	1.0	true	1	94	false
78284795	92280041	false	0	0	92280066	1.0	true	95	95	false
78284806	92280041	true	1	0	92280066	1.0	true	95	95	false
78284692	92280042	false	1	0	92280064	1.0	true	1	94	false
78284798	92280042	false	0	0	92280065	1.0	true	95	95	false
78284809	92280042	true	1	0	92280065	1.0	true	95	95	false
78284554	92279852	true	1	0	92279853	1.0	false	1	94	false
78284555	92279852	true	1	0	92280089	1.0	true	1	94	false
78284556	92279852	true	1	0	92280066	1.0	true	1	94	false
78284557	92279852	true	1	0	92280067	1.0	true	1	94	false
78284562	92279852	true	1	0	92280145	5.0	true	95	95	false
78284563	92279852	true	1	0	92280146	0.02	true	95	95	false
78284564	92279852	true	1	0	92280144	0.02	true	95	95	false
78284742	92279852	true	1	0	92280142	1.5	true	95	95	false
78284821	92279852	true	1	0	92280209	9.9E-4	true	95	95	false
78285169	92279852	true	1	5	92280325	1.0	true	95	95	false
78285170	92279852	true	1	6	92280326	1.0	true	95	95	false
78285171	92279852	true	1	7	92280327	1.0	true	95	95	false
78285172	92279852	true	1	8	92280328	1.0	true	95	95	false
78285173	92279852	true	1	9	92280329	1.0	true	95	95	false
78285174	92279852	true	1	10	92280330	1.0	true	95	95	false
78285175	92279852	true	1	11	92280331	1.0	true	95	95	false
78285176	92279852	true	1	12	92280332	1.0	true	95	95	false
78285177	92279852	true	1	13	92280333	1.0	true	95	95	false
78285178	92279852	true	1	14	92280334	1.0	true	95	95	false
78285179	92279852	true	1	15	92280335	1.0	true	95	95	false
78285180	92279852	true	1	16	92280336	1.0	true	95	95	false
78285181	92279852	true	1	17	92280337	1.0	true	95	95	false
78285182	92279852	true	1	18	92280338	1.0	true	95	95	false
78285183	92279852	true	1	19	92280339	1.0	true	95	95	false
78285184	92279852	true	1	20	92280340	1.0	true	95	95	false
78285185	92279852	true	1	21	92280341	1.0	true	95	95	false
78288490	92279852	true	1	22	92280714	1.0	true	95	95	false
78285203	92279852	true	1	5	92280308	1.0	true	95	95	false
78285204	92279852	true	1	6	92280309	1.0	true	95	95	false
78285205	92279852	true	1	7	92280310	1.0	true	95	95	false
78285206	92279852	true	1	8	92280311	1.0	true	95	95	false
78285207	92279852	true	1	9	92280312	1.0	true	95	95	false
78285208	92279852	true	1	10	92280313	1.0	true	95	95	false
78285209	92279852	true	1	11	92280314	1.0	true	95	95	false
78285210	92279852	true	1	12	92280315	1.0	true	95	95	false
78285211	92279852	true	1	13	92280316	1.0	true	95	95	false
78285212	92279852	true	1	14	92280317	1.0	true	95	95	false
78285213	92279852	true	1	15	92280318	1.0	true	95	95	false
78285214	92279852	true	1	16	92280319	1.0	true	95	95	false
78285215	92279852	true	1	17	92280320	1.0	true	95	95	false
78285216	92279852	true	1	18	92280321	1.0	true	95	95	false
78285217	92279852	true	1	19	92280322	1.0	true	95	95	false
78285218	92279852	true	1	20	92280323	1.0	true	95	95	false
78285219	92279852	true	1	21	92280324	1.0	true	95	95	false
78288491	92279852	true	1	22	92280713	1.0	true	95	95	false
78287936	92279852	true	1	10	92280573	0.005	true	95	95	false
78287937	92279852	true	1	11	92280573	0.005	true	95	95	false
78287938	92279852	true	1	12	92280573	0.005	true	95	95	false
78287939	92279852	true	1	13	92280573	0.005	true	95	95	false
78287940	92279852	true	1	14	92280573	0.005	true	95	95	false
78287941	92279852	true	1	15	92280573	0.005	true	95	95	false
78287942	92279852	true	1	16	92280573	0.005	true	95	95	false
78287943	92279852	true	1	17	92280573	0.005	true	95	95	false
78287944	92279852	true	1	18	92280573	0.005	true	95	95	false
78287945	92279852	true	1	19	92280573	0.005	true	95	95	false
78287946	92279852	true	1	20	92280573	0.005	true	95	95	false
78287947	92279852	true	1	21	92280573	0.005	true	95	95	false
78288492	92279852	true	1	22	92280573	0.005	true	95	95	false
78284550	92279851	true	1	0	92280633	1.0	false	1	94	false
78284551	92279851	true	1	0	92280088	1.0	true	1	94	false
78284552	92279851	true	1	0	92280065	1.0	true	1	94	false
78284553	92279851	true	1	0	92280067	1.0	true	1	94	false
78284558	92279851	true	1	0	92280145	18.6	true	95	95	false
78284559	92279851	true	1	0	92280146	0.7	true	95	95	false
78284560	92279851	true	1	0	92280144	0.7	true	95	95	false
78284739	92279851	true	1	0	92280142	1.5	true	95	95	false
78284820	92279851	true	1	0	92280209	9.9E-4	true	95	95	false
78285152	92279851	true	1	5	92280325	1.0	true	95	95	false
78285153	92279851	true	1	6	92280326	1.0	true	95	95	false
78285154	92279851	true	1	7	92280327	1.0	true	95	95	false
78285155	92279851	true	1	8	92280328	1.0	true	95	95	false
78285156	92279851	true	1	9	92280329	1.0	true	95	95	false
78285157	92279851	true	1	10	92280330	1.0	true	95	95	false
78285158	92279851	true	1	11	92280331	1.0	true	95	95	false
78285159	92279851	true	1	12	92280332	1.0	true	95	95	false
78285160	92279851	true	1	13	92280333	1.0	true	95	95	false
78285161	92279851	true	1	14	92280334	1.0	true	95	95	false
78285162	92279851	true	1	15	92280335	1.0	true	95	95	false
78285163	92279851	true	1	16	92280336	1.0	true	95	95	false
78285164	92279851	true	1	17	92280337	1.0	true	95	95	false
78285165	92279851	true	1	18	92280338	1.0	true	95	95	false
78285166	92279851	true	1	19	92280339	1.0	true	95	95	false
78285167	92279851	true	1	20	92280340	1.0	true	95	95	false
78285168	92279851	true	1	21	92280341	1.0	true	95	95	false
78288493	92279851	true	1	22	92280714	1.0	true	95	95	false
78285186	92279851	true	1	5	92280308	1.0	true	95	95	false
78285187	92279851	true	1	6	92280309	1.0	true	95	95	false
78285188	92279851	true	1	7	92280310	1.0	true	95	95	false
78285189	92279851	true	1	8	92280311	1.0	true	95	95	false
78285190	92279851	true	1	9	92280312	1.0	true	95	95	false
78285191	92279851	true	1	10	92280313	1.0	true	95	95	false
78285192	92279851	true	1	11	92280314	1.0	true	95	95	false
78285193	92279851	true	1	12	92280315	1.0	true	95	95	false
78285194	92279851	true	1	13	92280316	1.0	true	95	95	false
78285195	92279851	true	1	14	92280317	1.0	true	95	95	false
78285196	92279851	true	1	15	92280318	1.0	true	95	95	false
78285197	92279851	true	1	16	92280319	1.0	true	95	95	false
78285198	92279851	true	1	17	92280320	1.0	true	95	95	false
78285199	92279851	true	1	18	92280321	1.0	true	95	95	false
78285200	92279851	true	1	19	92280322	1.0	true	95	95	false
78285201	92279851	true	1	20	92280323	1.0	true	95	95	false
78285202	92279851	true	1	21	92280324	1.0	true	95	95	false
78288494	92279851	true	1	22	92280713	1.0	true	95	95	false
78287924	92279851	true	1	10	92280573	0.005	true	95	95	false
78287925	92279851	true	1	11	92280573	0.005	true	95	95	false
78287926	92279851	true	1	12	92280573	0.005	true	95	95	false
78287927	92279851	true	1	13	92280573	0.005	true	95	95	false
78287928	92279851	true	1	14	92280573	0.005	true	95	95	false
78287929	92279851	true	1	15	92280573	0.005	true	95	95	false
78287930	92279851	true	1	16	92280573	0.005	true	95	95	false
78287931	92279851	true	1	17	92280573	0.005	true	95	95	false
78287932	92279851	true	1	18	92280573	0.005	true	95	95	false
78287933	92279851	true	1	19	92280573	0.005	true	95	95	false
78287934	92279851	true	1	20	92280573	0.005	true	95	95	false
78287935	92279851	true	1	21	92280573	0.005	true	95	95	false
78288495	92279851	true	1	22	92280573	0.005	true	95	95	false
78288474	92280196	true	1	0	92280712	30.0	true	0	0	false
78288475	92280210	true	1	0	92280712	1.0	true	0	0	false
78288476	92280211	true	1	0	92280712	8.0	true	0	0	false
78285222	92280196	true	1	5	92280394	1.0	true	0	0	false
78285223	92280196	true	1	6	92280395	1.0	true	0	0	false
78285224	92280196	true	1	7	92280396	1.0	true	0	0	false
78285225	92280196	true	1	8	92280397	1.0	true	0	0	false
78285226	92280196	true	1	9	92280398	1.0	true	0	0	false
78285227	92280196	true	1	10	92280399	1.0	true	0	0	false
78285228	92280196	true	1	11	92280400	1.0	true	0	0	false
78285229	92280196	true	1	12	92280401	1.0	true	0	0	false
78285230	92280196	true	1	13	92280402	1.0	true	0	0	false
78285231	92280196	true	1	14	92280403	1.0	true	0	0	false
78285232	92280196	true	1	15	92280404	1.0	true	0	0	false
78285233	92280196	true	1	16	92280405	1.0	true	0	0	false
78285234	92280196	true	1	17	92280406	1.0	true	0	0	false
78285235	92280196	true	1	18	92280407	1.0	true	0	0	false
78285236	92280196	true	1	19	92280408	1.0	true	0	0	false
78285237	92280196	true	1	20	92280409	1.0	true	0	0	false
78285238	92280196	true	1	21	92280410	1.0	true	0	0	false
78288496	92280196	true	1	22	92280715	1.0	true	0	0	false
78288477	92280196	true	1	10	92280711	0.1	true	0	0	false
78288478	92280196	true	1	11	92280711	0.2	true	0	0	false
78288479	92280196	true	1	12	92280711	0.3	true	0	0	false
78288480	92280196	true	1	13	92280711	0.4	true	0	0	false
78288481	92280196	true	1	14	92280711	0.5	true	0	0	false
78288482	92280196	true	1	15	92280711	0.6	true	0	0	false
78288483	92280196	true	1	16	92280711	0.7	true	0	0	false
78288484	92280196	true	1	17	92280711	0.8	true	0	0	false
78288485	92280196	true	1	18	92280711	0.9	true	0	0	false
78288486	92280196	true	1	19	92280711	1.0	true	0	0	false
78288487	92280196	true	1	20	92280711	1.0	true	0	0	false
78288488	92280196	true	1	21	92280711	1.0	true	0	0	false
78288489	92280196	true	1	22	92280711	1.0	true	0	0	false
78285239	92280196	true	1	5	92280411	1.0	true	0	0	false
78285240	92280196	true	1	6	92280412	1.0	true	0	0	false
78285241	92280196	true	1	7	92280413	1.0	true	0	0	false
78285242	92280196	true	1	8	92280414	1.0	true	0	0	false
78285243	92280196	true	1	9	92280415	1.0	true	0	0	false
78285244	92280196	true	1	10	92280416	1.0	true	0	0	false
78285245	92280196	true	1	11	92280417	1.0	true	0	0	false
78285246	92280196	true	1	12	92280418	1.0	true	0	0	false
78285247	92280196	true	1	13	92280419	1.0	true	0	0	false
78285248	92280196	true	1	14	92280420	1.0	true	0	0	false
78285249	92280196	true	1	15	92280421	1.0	true	0	0	false
78285250	92280196	true	1	16	92280422	1.0	true	0	0	false
78285251	92280196	true	1	17	92280423	1.0	true	0	0	false
78285252	92280196	true	1	18	92280424	1.0	true	0	0	false
78285253	92280196	true	1	19	92280425	1.0	true	0	0	false
78285254	92280196	true	1	20	92280426	1.0	true	0	0	false
78285255	92280196	true	1	21	92280427	1.0	true	0	0	false
78288497	92280196	true	1	22	92280716	1.0	true	0	0	false
78285256	92280196	true	1	0	92280145	18.6	true	95	95	false
78285257	92280196	true	1	0	92280146	0.7	true	95	95	false
78285258	92280196	true	1	0	92280144	0.7	true	95	95	false
78285259	92280196	true	1	0	92280142	1.5	true	95	95	false
78285261	92280196	true	1	0	92280209	9.9E-4	true	95	95	false
78288060	92280604	true	1	0	92280603	1.0	true	95	95	false
78288064	92280622	true	1	0	92280612	1.0	true	95	95	false
78288065	92280623	true	1	0	92280613	1.0	true	95	95	false
78288066	92280624	true	1	0	92280614	1.0	true	95	95	false
78288067	92280625	true	1	0	92280615	1.0	true	95	95	false
78288068	92280626	true	1	0	92280616	1.0	true	95	95	false
78288069	92280627	true	1	0	92280617	1.0	true	95	95	false
78288070	92280628	true	1	0	92280618	1.0	true	95	95	false
78288071	92280629	true	1	0	92280619	1.0	true	95	95	false
78288072	92280630	true	1	0	92280620	1.0	true	95	95	false
78288073	92280631	true	1	0	92280621	1.0	true	95	95	false
78288074	92280632	true	1	0	92280633	1.0	true	95	95	false
78288498	92280749	true	1	0	92280145	1.86	true	95	95	false
78288499	92280749	true	1	0	92280146	0.07	true	95	95	false
78288500	92280749	true	1	0	92280144	0.07	true	95	95	false
78288501	92280749	true	1	0	92280142	0.15	true	95	95	false
78288502	92280749	true	1	0	92280209	9.9E-5	true	95	95	false
78288552	92280749	true	1	0	92280750	0.1	true	95	95	false
78288503	92280749	true	1	5	92280325	0.1	true	95	95	false
78288504	92280749	true	1	6	92280326	0.1	true	95	95	false
78288505	92280749	true	1	7	92280327	0.1	true	95	95	false
78288506	92280749	true	1	8	92280328	0.1	true	95	95	false
78288507	92280749	true	1	9	92280329	0.1	true	95	95	false
78288508	92280749	true	1	10	92280330	0.1	true	95	95	false
78288509	92280749	true	1	11	92280331	0.1	true	95	95	false
78288510	92280749	true	1	12	92280332	0.1	true	95	95	false
78288511	92280749	true	1	13	92280333	0.1	true	95	95	false
78288512	92280749	true	1	14	92280334	0.1	true	95	95	false
78288513	92280749	true	1	15	92280335	0.1	true	95	95	false
78288514	92280749	true	1	16	92280336	0.1	true	95	95	false
78288515	92280749	true	1	17	92280337	0.1	true	95	95	false
78288516	92280749	true	1	18	92280338	0.1	true	95	95	false
78288517	92280749	true	1	19	92280339	0.1	true	95	95	false
78288518	92280749	true	1	20	92280340	0.1	true	95	95	false
78288519	92280749	true	1	21	92280341	0.1	true	95	95	false
78288520	92280749	true	1	22	92280714	0.1	true	95	95	false
78288521	92280749	true	1	5	92280731	1.0	true	95	95	false
78288522	92280749	true	1	6	92280732	1.0	true	95	95	false
78288523	92280749	true	1	7	92280733	1.0	true	95	95	false
78288524	92280749	true	1	8	92280734	1.0	true	95	95	false
78288525	92280749	true	1	9	92280735	1.0	true	95	95	false
78288526	92280749	true	1	10	92280736	1.0	true	95	95	false
78288527	92280749	true	1	11	92280737	1.0	true	95	95	false
78288528	92280749	true	1	12	92280738	1.0	true	95	95	false
78288529	92280749	true	1	13	92280739	1.0	true	95	95	false
78288530	92280749	true	1	14	92280740	1.0	true	95	95	false
78288531	92280749	true	1	15	92280741	1.0	true	95	95	false
78288532	92280749	true	1	16	92280742	1.0	true	95	95	false
78288533	92280749	true	1	17	92280743	1.0	true	95	95	false
78288534	92280749	true	1	18	92280744	1.0	true	95	95	false
78288535	92280749	true	1	19	92280745	1.0	true	95	95	false
78288536	92280749	true	1	20	92280746	1.0	true	95	95	false
78288537	92280749	true	1	21	92280747	1.0	true	95	95	false
78288538	92280749	true	1	22	92280748	1.0	true	95	95	false
78288539	92280749	true	1	10	92280573	5.0E-4	true	95	95	false
78288540	92280749	true	1	11	92280573	5.0E-4	true	95	95	false
78288541	92280749	true	1	12	92280573	5.0E-4	true	95	95	false
78288542	92280749	true	1	13	92280573	5.0E-4	true	95	95	false
78288543	92280749	true	1	14	92280573	5.0E-4	true	95	95	false
78288544	92280749	true	1	15	92280573	5.0E-4	true	95	95	false
78288545	92280749	true	1	16	92280573	5.0E-4	true	95	95	false
78288546	92280749	true	1	17	92280573	5.0E-4	true	95	95	false
78288547	92280749	true	1	18	92280573	5.0E-4	true	95	95	false
78288548	92280749	true	1	19	92280573	5.0E-4	true	95	95	false
78288549	92280749	true	1	20	92280573	5.0E-4	true	95	95	false
78288550	92280749	true	1	21	92280573	5.0E-4	true	95	95	false
78288551	92280749	true	1	22	92280573	5.0E-4	true	95	95	false
