ROWID	_EventType|INTEGER	_NameID|INTEGER	_Prob|INTEGER	_MinLevel|INTEGER	_MaxLevel|INTEGER	_ChatTime|INTEGER	_PetChatID|INTEGER
1	0	1000043179	20	1	20	180	1
2	0	1000043180	20	1	20	180	1
3	0	1000045556	20	1	10	180	1
4	0	1000045557	20	1	10	180	1
5	0	1000045558	20	1	10	180	1
6	0	1000045559	20	5	10	180	1
7	0	1000045560	20	1	20	180	1
8	0	1000045561	20	1	20	180	1
9	0	1000045562	5	1	20	180	1
10	0	1000045563	5	1	20	180	1
11	0	1000045564	5	1	20	180	1
12	0	1000045565	20	1	19	180	1
13	0	1000045566	20	1	20	180	1
14	0	1000045567	20	1	20	180	1
15	0	1000045568	20	1	20	180	1
16	0	1000045569	20	1	20	180	1
17	0	1000045570	20	1	20	180	1
18	0	1000043196	20	1	20	180	1
19	0	1000043197	20	1	20	180	1
20	0	1000045571	20	1	20	180	1
21	0	1000045572	20	1	20	180	1
22	0	1000045573	20	1	20	180	1
23	0	1000045574	20	1	20	180	1
24	0	1000045575	20	1	20	180	1
25	0	1000045576	20	1	20	180	1
26	0	1000045577	20	1	20	180	1
27	0	1000045578	20	1	20	180	1
28	0	1000045579	20	1	20	180	1
29	0	1000045580	20	1	20	180	1
30	0	1000045581	20	1	20	180	1
31	0	1000045582	20	1	20	180	1
32	0	1000045583	20	1	20	180	1
33	0	1000045584	20	1	20	180	1
34	0	1000045585	20	1	20	180	1
35	0	1000045586	20	1	20	180	1
36	0	1000045587	20	1	20	180	1
37	0	1000045588	20	1	20	180	1
38	0	1000045589	20	1	20	180	1
39	0	1000045590	20	1	20	180	1
40	1	1000045591	50	1	20	0	1
41	1	1000045592	50	1	20	0	1
42	1	1000043214	50	1	20	0	1
43	1	1000043215	50	1	20	0	1
44	1	1000043216	50	1	20	0	1
45	1	1000045593	50	1	20	0	1
46	1	1000045594	50	1	20	0	1
47	1	1000045595	50	1	20	0	1
48	1	1000043220	50	1	20	0	1
49	1	1000045596	50	1	20	0	1
50	1	1000045597	50	1	20	0	1
51	2	1000045598	50	1	20	0	1
52	2	1000045599	50	1	20	0	1
53	2	1000045600	50	1	20	0	1
54	2	1000043224	50	1	20	0	1
55	2	1000045601	50	1	20	0	1
56	3	1000045602	50	1	20	60	1
57	3	1000043226	50	1	20	60	1
58	3	1000043227	50	1	20	60	1
59	3	1000045603	50	1	20	60	1
60	4	1000043228	50	1	20	60	1
61	4	1000043229	50	1	20	60	1
62	4	1000043230	50	1	20	60	1
63	4	1000042973	50	1	20	60	1
64	4	1000043231	50	1	20	60	1
65	4	1000043232	50	1	20	60	1
66	4	1000043233	50	1	20	60	1
67	4	1000043234	50	1	20	60	1
68	5	1000045612	50	1	20	0	1
69	5	1000043235	50	1	20	0	1
70	5	1000043236	50	1	20	0	1
71	5	1000045613	50	1	20	0	1
72	5	1000043238	50	1	20	0	1
73	5	1000045614	50	1	20	0	1
74	5	1000045615	50	1	20	0	1
75	5	1000043241	50	1	20	0	1
76	6	1000045616	20	1	20	0	1
77	6	1000045617	20	1	20	0	1
78	6	1000045618	20	1	20	0	1
79	6	1000045619	20	1	20	0	1
80	6	1000045620	20	1	20	0	1
81	6	1000045621	20	1	20	0	1
82	6	1000043248	20	1	20	0	1
83	7	1000045622	50	1	20	0	1
84	7	1000043250	50	1	20	0	1
85	7	1000047318	50	1	20	0	1
86	7	1000045623	50	1	20	0	1
87	7	1000043253	50	1	20	0	1
88	7	1000045624	50	1	20	0	1
89	7	1000043255	50	1	20	0	1
90	8	1000045625	50	1	20	0	1
91	9	1000045626	50	1	20	0	1
92	10	1000045627	50	1	20	0	1
93	10	1000043259	50	1	20	0	1
94	10	1000045628	50	1	20	0	1
95	10	1000043261	50	1	20	0	1
96	10	1000045629	50	1	20	0	1
97	10	1000045630	50	1	20	0	1
98	10	1000045631	50	1	20	0	1
99	10	1000043265	50	1	20	0	1
100	11	1000045632	50	1	20	0	1
101	11	1000045633	50	1	20	0	1
102	11	1000045634	50	1	20	0	1
103	11	1000045635	50	1	20	0	1
104	11	1000045636	50	1	20	0	1
105	11	1000043271	50	1	20	0	1
106	11	1000045637	50	1	20	0	1
107	0	1000044583	20	1	20	180	2
108	0	1000044584	20	1	20	180	2
109	0	1000044585	20	1	20	180	2
110	0	1000044586	20	1	20	180	2
111	0	1000044587	20	1	20	180	2
112	0	1000043185	20	5	20	180	2
113	0	1000044588	20	1	20	180	2
114	0	1000043187	20	1	20	180	2
115	0	1000044589	5	1	20	180	2
116	0	1000044590	5	1	20	180	2
117	0	1000044591	5	1	20	180	2
118	0	1000044592	20	1	15	180	2
119	0	1000044593	20	1	20	180	2
120	0	1000044594	20	1	20	180	2
121	0	1000044595	20	1	20	180	2
122	0	1000044596	20	1	20	180	2
123	0	1000044597	20	1	20	180	2
124	0	1000044598	20	1	20	180	2
125	0	1000044599	20	1	20	180	2
126	0	1000044600	20	1	20	180	2
127	0	1000043199	20	1	20	180	2
128	0	1000044601	20	1	20	180	2
129	0	1000044602	20	1	20	180	2
130	0	1000044603	20	1	20	180	2
131	0	1000044604	20	1	20	180	2
132	0	1000044605	20	1	20	180	2
133	0	1000044606	20	1	20	180	2
134	0	1000044607	20	1	20	180	2
135	0	1000044608	20	1	20	180	2
136	0	1000044609	20	1	20	180	2
137	0	1000044610	20	1	20	180	2
138	0	1000043210	20	1	20	180	2
139	0	1000044611	20	1	20	180	2
140	5	1000045605	50	1	20	0	2
141	5	1000043235	50	1	20	0	2
142	5	1000043236	50	1	20	0	2
143	5	1000045606	50	1	20	0	2
144	5	1000045607	50	1	20	0	2
145	5	1000045608	50	1	20	0	2
146	5	1000045609	50	1	20	0	2
147	5	1000045610	50	1	20	0	2
148	6	1000043242	20	1	20	0	2
149	6	1000043243	20	1	20	0	2
150	6	1000043244	20	1	20	0	2
151	6	1000043245	20	1	20	0	2
152	6	1000043246	20	1	20	0	2
153	6	1000043247	20	1	20	0	2
154	6	1000044612	20	1	20	0	2
155	7	1000044613	50	1	20	0	2
156	7	1000043250	50	1	20	0	2
157	7	1000043251	50	1	20	0	2
158	7	1000043252	50	1	20	0	2
159	7	1000043253	50	1	20	0	2
160	7	1000043254	50	1	20	0	2
161	7	1000043255	50	1	20	0	2
162	8	1000044614	50	1	20	0	2
163	9	1000044615	50	1	20	0	2
164	10	1000044616	50	1	20	0	2
165	10	1000043259	50	1	20	0	2
166	10	1000043260	50	1	20	0	2
167	10	1000044617	50	1	20	0	2
168	10	1000044618	50	1	20	0	2
169	10	1000044619	50	1	20	0	2
170	10	1000044620	50	1	20	0	2
171	10	1000044621	50	1	20	0	2
172	11	1000044622	50	1	20	0	2
173	11	1000044623	50	1	20	0	2
174	11	1000044624	50	1	20	0	2
175	11	1000044625	50	1	20	0	2
176	11	1000045611	50	1	20	0	2
177	11	1000044626	50	1	20	0	2
178	11	1000044627	50	1	20	0	2
179	0	1000047319	20	1	20	180	3
180	0	1000047320	20	1	20	180	3
181	0	1000047321	20	1	20	180	3
182	0	1000047322	20	1	20	180	3
183	0	1000047323	20	1	20	180	3
184	0	1000047324	20	5	20	180	3
185	0	1000047325	20	1	20	180	3
186	0	1000047326	20	1	20	180	3
187	0	1000047327	5	1	20	180	3
188	0	1000047328	5	1	20	180	3
189	0	1000047329	5	1	20	180	3
190	0	1000047330	20	1	15	180	3
191	0	1000047331	20	1	20	180	3
192	0	1000047332	20	1	20	180	3
193	0	1000047333	20	1	20	180	3
194	0	1000047334	20	1	20	180	3
195	0	1000047335	20	1	20	180	3
196	0	1000047336	20	1	20	180	3
197	0	1000047337	20	1	20	180	3
198	0	1000047338	20	1	20	180	3
199	0	1000047339	20	1	20	180	3
200	0	1000047340	20	1	20	180	3
201	0	1000047341	20	1	20	180	3
202	0	1000047342	20	1	20	180	3
203	0	1000047343	20	1	20	180	3
204	0	1000047344	20	1	20	180	3
205	0	1000047345	20	1	20	180	3
206	0	1000047346	20	1	20	180	3
207	0	1000047347	20	1	20	180	3
208	0	1000047348	20	1	20	180	3
209	0	1000047349	20	1	20	180	3
210	0	1000047350	20	1	20	180	3
211	0	1000047351	20	1	20	180	3
212	5	1000047352	50	1	20	0	3
213	5	1000047353	50	1	20	0	3
214	5	1000047354	50	1	20	0	3
215	5	1000047355	50	1	20	0	3
216	5	1000047356	50	1	20	0	3
217	5	1000047357	50	1	20	0	3
218	5	1000047358	50	1	20	0	3
219	5	1000047359	50	1	20	0	3
220	6	1000047360	20	1	20	0	3
221	6	1000047361	20	1	20	0	3
222	6	1000047362	20	1	20	0	3
223	6	1000047363	20	1	20	0	3
224	6	1000047364	20	1	20	0	3
225	6	1000047365	20	1	20	0	3
226	6	1000047366	20	1	20	0	3
227	7	1000047367	50	1	20	0	3
228	7	1000047368	50	1	20	0	3
229	7	1000047369	50	1	20	0	3
230	7	1000047370	50	1	20	0	3
231	7	1000047371	50	1	20	0	3
232	7	1000047372	50	1	20	0	3
233	7	1000047373	50	1	20	0	3
234	8	1000047374	50	1	20	0	3
235	9	1000047375	50	1	20	0	3
236	10	1000047376	50	1	20	0	3
237	10	1000047377	50	1	20	0	3
238	10	1000047378	50	1	20	0	3
239	10	1000047379	50	1	20	0	3
240	10	1000047380	50	1	20	0	3
241	10	1000047381	50	1	20	0	3
242	10	1000047382	50	1	20	0	3
243	10	1000047383	50	1	20	0	3
244	11	1000047384	50	1	20	0	3
245	11	1000047385	50	1	20	0	3
246	11	1000047386	50	1	20	0	3
247	11	1000047387	50	1	20	0	3
248	11	1000047388	50	1	20	0	3
249	11	1000047389	50	1	20	0	3
250	11	1000047390	50	1	20	0	3
251	0	1000047391	20	1	20	180	4
252	0	1000047392	20	1	20	180	4
253	0	1000047393	20	1	20	180	4
254	0	1000047394	20	1	20	180	4
255	0	1000047395	20	1	20	180	4
256	0	1000047396	20	5	20	180	4
257	0	1000047397	20	1	20	180	4
258	0	1000047398	20	1	20	180	4
259	0	1000047399	5	1	20	180	4
260	0	1000047400	5	1	20	180	4
261	0	1000047401	5	1	20	180	4
262	0	1000047402	20	1	15	180	4
263	0	1000047403	20	1	20	180	4
264	0	1000047404	20	1	20	180	4
265	0	1000047405	20	1	20	180	4
266	0	1000047406	20	1	20	180	4
267	0	1000047407	20	1	20	180	4
268	0	1000047408	20	1	20	180	4
269	0	1000047409	20	1	20	180	4
270	0	1000047410	20	1	20	180	4
271	0	1000047411	20	1	20	180	4
272	0	1000047412	20	1	20	180	4
273	0	1000047413	20	1	20	180	4
274	0	1000047414	20	1	20	180	4
275	0	1000047415	20	1	20	180	4
276	0	1000047416	20	1	20	180	4
277	0	1000047417	20	1	20	180	4
278	0	1000047418	20	1	20	180	4
279	0	1000047419	20	1	20	180	4
280	0	1000047420	20	1	20	180	4
281	0	1000047421	20	1	20	180	4
282	0	1000047422	20	1	20	180	4
283	0	1000047423	20	1	20	180	4
284	5	1000047424	50	1	20	0	4
285	5	1000047425	50	1	20	0	4
286	5	1000047426	50	1	20	0	4
287	5	1000047427	50	1	20	0	4
288	5	1000047428	50	1	20	0	4
289	5	1000047429	50	1	20	0	4
290	5	1000047430	50	1	20	0	4
291	5	1000047431	50	1	20	0	4
292	6	1000047432	20	1	20	0	4
293	6	1000047433	20	1	20	0	4
294	6	1000047434	20	1	20	0	4
295	6	1000047435	20	1	20	0	4
296	6	1000047436	20	1	20	0	4
297	6	1000047437	20	1	20	0	4
298	6	1000047438	20	1	20	0	4
299	7	1000047439	50	1	20	0	4
300	7	1000047440	50	1	20	0	4
301	7	1000047441	50	1	20	0	4
302	7	1000047442	50	1	20	0	4
303	7	1000047443	50	1	20	0	4
304	7	1000047444	50	1	20	0	4
305	7	1000047445	50	1	20	0	4
306	8	1000047446	50	1	20	0	4
307	9	1000047447	50	1	20	0	4
308	10	1000047448	50	1	20	0	4
309	10	1000047449	50	1	20	0	4
310	10	1000047450	50	1	20	0	4
311	10	1000047451	50	1	20	0	4
312	10	1000047452	50	1	20	0	4
313	10	1000047453	50	1	20	0	4
314	10	1000047454	50	1	20	0	4
315	10	1000047455	50	1	20	0	4
316	11	1000047456	50	1	20	0	4
317	11	1000047457	50	1	20	0	4
318	11	1000047458	50	1	20	0	4
319	11	1000047459	50	1	20	0	4
320	11	1000047460	50	1	20	0	4
321	11	1000047461	50	1	20	0	4
322	11	1000047462	50	1	20	0	4
323	0	1000047463	20	1	20	180	5
324	0	1000047464	20	1	20	180	5
325	0	1000047465	20	1	20	180	5
326	0	1000047466	20	1	20	180	5
327	0	1000047467	20	1	20	180	5
328	0	1000047468	20	5	20	180	5
329	0	1000047469	20	1	20	180	5
330	0	1000047470	20	1	20	180	5
331	0	1000047471	5	1	20	180	5
332	0	1000047472	5	1	20	180	5
333	0	1000047473	5	1	20	180	5
334	0	1000047474	20	1	15	180	5
335	0	1000047475	20	1	20	180	5
336	0	1000047476	20	1	20	180	5
337	0	1000047477	20	1	20	180	5
338	0	1000047478	20	1	20	180	5
339	0	1000047479	20	1	20	180	5
340	0	1000047480	20	1	20	180	5
341	0	1000047481	20	1	20	180	5
342	0	1000047482	20	1	20	180	5
343	0	1000047483	20	1	20	180	5
344	0	1000047484	20	1	20	180	5
345	0	1000047485	20	1	20	180	5
346	0	1000047486	20	1	20	180	5
347	0	1000047487	20	1	20	180	5
348	0	1000047488	20	1	20	180	5
349	0	1000047489	20	1	20	180	5
350	0	1000047490	20	1	20	180	5
351	0	1000047491	20	1	20	180	5
352	0	1000047492	20	1	20	180	5
353	0	1000047493	20	1	20	180	5
354	0	1000047494	20	1	20	180	5
355	0	1000047495	20	1	20	180	5
356	5	1000047496	50	1	20	0	5
357	5	1000047497	50	1	20	0	5
358	5	1000047498	50	1	20	0	5
359	5	1000047499	50	1	20	0	5
360	5	1000047500	50	1	20	0	5
361	5	1000047501	50	1	20	0	5
362	5	1000047502	50	1	20	0	5
363	5	1000047503	50	1	20	0	5
364	6	1000047504	20	1	20	0	5
365	6	1000047505	20	1	20	0	5
366	6	1000047506	20	1	20	0	5
367	6	1000047507	20	1	20	0	5
368	6	1000047508	20	1	20	0	5
369	6	1000047509	20	1	20	0	5
370	6	1000047510	20	1	20	0	5
371	7	1000047511	50	1	20	0	5
372	7	1000047512	50	1	20	0	5
373	7	1000047513	50	1	20	0	5
374	7	1000047514	50	1	20	0	5
375	7	1000047515	50	1	20	0	5
376	7	1000047516	50	1	20	0	5
377	7	1000047517	50	1	20	0	5
378	8	1000047518	50	1	20	0	5
379	9	1000047519	50	1	20	0	5
380	10	1000047520	50	1	20	0	5
381	10	1000047521	50	1	20	0	5
382	10	1000047522	50	1	20	0	5
383	10	1000047523	50	1	20	0	5
384	10	1000047524	50	1	20	0	5
385	10	1000047525	50	1	20	0	5
386	10	1000047526	50	1	20	0	5
387	10	1000047527	50	1	20	0	5
388	11	1000047528	50	1	20	0	5
389	11	1000047529	50	1	20	0	5
390	11	1000047530	50	1	20	0	5
391	11	1000047531	50	1	20	0	5
392	11	1000047532	50	1	20	0	5
393	11	1000047533	50	1	20	0	5
394	11	1000047534	50	1	20	0	5
395	0	1000059719	15	1	20	180	6
396	0	1000059720	25	1	20	180	6
397	0	1000059721	5	1	20	180	6
398	0	1000059722	5	1	20	180	6
399	0	1000059723	25	1	20	180	6
400	0	1000059724	15	5	20	180	6
401	0	1000059725	25	1	20	180	6
402	0	1000059726	5	1	20	180	6
403	0	1000059727	5	1	20	180	6
404	0	1000059728	5	1	20	180	6
405	0	1000059729	25	1	20	180	6
406	0	1000059730	15	1	15	180	6
407	0	1000059731	15	1	20	180	6
408	0	1000059732	25	1	20	180	6
409	0	1000059733	25	1	20	180	6
410	0	1000059734	25	1	20	180	6
411	0	1000059735	25	1	20	180	6
412	0	1000059736	25	1	20	180	6
413	0	1000059737	15	1	20	180	6
414	0	1000059738	5	1	20	180	6
415	0	1000059739	25	1	20	180	6
416	0	1000059740	5	1	20	180	6
417	0	1000059741	25	1	20	180	6
418	0	1000059742	25	1	20	180	6
419	0	1000059743	15	1	20	180	6
420	0	1000059744	25	1	20	180	6
421	0	1000059745	5	1	20	180	6
422	0	1000059746	15	1	20	180	6
423	0	1000059747	15	1	20	180	6
424	0	1000059748	15	1	20	180	6
425	0	1000059749	25	1	20	180	6
426	0	1000059750	25	1	20	180	6
427	0	1000059751	25	1	20	180	6
428	5	1000059752	5	1	20	0	6
429	5	1000059753	15	1	20	0	6
430	5	1000059754	15	1	20	0	6
431	5	1000059755	5	1	20	0	6
432	5	1000059756	15	1	20	0	6
433	5	1000059757	25	1	20	0	6
434	5	1000059758	25	1	20	0	6
435	5	1000059759	25	1	20	0	6
436	6	1000059760	15	1	20	0	6
437	6	1000059761	25	1	20	0	6
438	6	1000059762	5	1	20	0	6
439	6	1000059763	5	1	20	0	6
440	6	1000059764	25	1	20	0	6
441	6	1000059765	15	1	20	0	6
442	6	1000059766	15	1	20	0	6
443	7	1000059767	5	1	20	0	6
444	7	1000059768	25	1	20	0	6
445	7	1000059769	25	1	20	0	6
446	7	1000059770	15	1	20	0	6
447	7	1000059771	5	1	20	0	6
448	7	1000059772	25	1	20	0	6
449	7	1000059773	15	1	20	0	6
450	8	1000059774	100	1	20	0	6
451	9	1000059775	100	1	20	0	6
452	10	1000059776	25	1	20	0	6
453	10	1000059777	25	1	20	0	6
454	10	1000059778	15	1	20	0	6
455	10	1000059779	5	1	20	0	6
456	10	1000059780	25	1	20	0	6
457	10	1000059781	5	1	20	0	6
458	10	1000059782	15	1	20	0	6
459	10	1000059783	25	1	20	0	6
460	11	1000059784	15	1	20	0	6
461	11	1000059785	15	1	20	0	6
462	11	1000059786	25	1	20	0	6
463	11	1000059787	5	1	20	0	6
464	11	1000059788	15	1	20	0	6
465	11	1000059789	25	1	20	0	6
466	11	1000059790	25	1	20	0	6
467	0	1000062651	15	1	20	180	7
468	0	1000062652	25	1	20	180	7
469	0	1000062653	5	1	20	180	7
470	0	1000062654	5	1	20	180	7
471	0	1000062655	25	1	20	180	7
472	0	1000062656	15	5	20	180	7
473	0	1000062657	25	1	20	180	7
474	0	1000062658	5	1	20	180	7
475	0	1000062659	5	1	20	180	7
476	0	1000062660	5	1	20	180	7
477	0	1000062661	25	1	20	180	7
478	0	1000062662	15	1	15	180	7
479	0	1000062663	15	1	20	180	7
480	0	1000062664	25	1	20	180	7
481	0	1000062665	25	1	20	180	7
482	0	1000062666	25	1	20	180	7
483	0	1000062667	25	1	20	180	7
484	0	1000062668	25	1	20	180	7
485	0	1000062669	15	1	20	180	7
486	0	1000062670	5	1	20	180	7
487	0	1000062671	25	1	20	180	7
488	0	1000062672	5	1	20	180	7
489	0	1000062673	25	1	20	180	7
490	0	1000062674	25	1	20	180	7
491	0	1000062675	15	1	20	180	7
492	0	1000062676	25	1	20	180	7
493	0	1000062677	5	1	20	180	7
494	0	1000062678	15	1	20	180	7
495	0	1000062679	15	1	20	180	7
496	0	1000062680	15	1	20	180	7
497	0	1000062681	25	1	20	180	7
498	0	1000062682	25	1	20	180	7
499	0	1000062683	25	1	20	180	7
500	5	1000062684	5	1	20	0	7
501	5	1000062685	15	1	20	0	7
502	5	1000062686	15	1	20	0	7
503	5	1000062687	5	1	20	0	7
504	5	1000062688	15	1	20	0	7
505	5	1000062689	25	1	20	0	7
506	5	1000062690	25	1	20	0	7
507	5	1000062691	25	1	20	0	7
508	6	1000062692	15	1	20	0	7
509	6	1000062693	25	1	20	0	7
510	6	1000062694	5	1	20	0	7
511	6	1000062695	5	1	20	0	7
512	6	1000062696	25	1	20	0	7
513	6	1000062697	15	1	20	0	7
514	6	1000062698	15	1	20	0	7
515	7	1000062699	5	1	20	0	7
516	7	1000062700	25	1	20	0	7
517	7	1000062701	25	1	20	0	7
518	7	1000062702	15	1	20	0	7
519	7	1000062703	5	1	20	0	7
520	7	1000062704	25	1	20	0	7
521	7	1000062705	15	1	20	0	7
522	8	1000062706	100	1	20	0	7
523	9	1000062707	100	1	20	0	7
524	10	1000062708	25	1	20	0	7
525	10	1000062709	25	1	20	0	7
526	10	1000062710	15	1	20	0	7
527	10	1000062711	5	1	20	0	7
528	10	1000062712	25	1	20	0	7
529	10	1000062713	5	1	20	0	7
530	10	1000062714	15	1	20	0	7
531	10	1000062715	25	1	20	0	7
532	11	1000062716	15	1	20	0	7
533	11	1000062717	15	1	20	0	7
534	11	1000062718	25	1	20	0	7
535	11	1000062719	5	1	20	0	7
536	11	1000062720	15	1	20	0	7
537	11	1000062721	25	1	20	0	7
538	11	1000062722	25	1	20	0	7
539	0	1000065172	15	1	20	180	8
540	0	1000065173	25	1	20	180	8
541	0	1000065174	5	1	20	180	8
542	0	1000065175	5	1	20	180	8
543	0	1000065176	25	1	20	180	8
544	0	1000065177	15	5	20	180	8
545	0	1000065178	25	1	20	180	8
546	0	1000065179	5	1	20	180	8
547	0	1000065180	5	1	20	180	8
548	0	1000065181	5	1	20	180	8
549	0	1000065182	25	1	20	180	8
550	0	1000065183	15	1	15	180	8
551	0	1000065184	15	1	20	180	8
552	0	1000065185	25	1	20	180	8
553	0	1000065186	25	1	20	180	8
554	0	1000065187	25	1	20	180	8
555	0	1000065188	25	1	20	180	8
556	0	1000065189	25	1	20	180	8
557	0	1000065190	15	1	20	180	8
558	0	1000065191	5	1	20	180	8
559	0	1000065192	25	1	20	180	8
560	0	1000065193	5	1	20	180	8
561	0	1000065194	25	1	20	180	8
562	0	1000065195	25	1	20	180	8
563	0	1000065196	15	1	20	180	8
564	0	1000065197	25	1	20	180	8
565	0	1000065198	5	1	20	180	8
566	0	1000065199	15	1	20	180	8
567	0	1000065200	15	1	20	180	8
568	0	1000065201	15	1	20	180	8
569	0	1000065202	25	1	20	180	8
570	0	1000065203	25	1	20	180	8
571	0	1000065204	25	1	20	180	8
572	5	1000065205	5	1	20	0	8
573	5	1000065206	15	1	20	0	8
574	5	1000065207	15	1	20	0	8
575	5	1000065208	5	1	20	0	8
576	5	1000065209	15	1	20	0	8
577	5	1000065210	25	1	20	0	8
578	5	1000065211	25	1	20	0	8
579	5	1000065212	25	1	20	0	8
580	6	1000065213	15	1	20	0	8
581	6	1000065214	25	1	20	0	8
582	6	1000065215	5	1	20	0	8
583	6	1000065216	5	1	20	0	8
584	6	1000065217	25	1	20	0	8
585	6	1000065218	15	1	20	0	8
586	6	1000065219	15	1	20	0	8
587	7	1000065220	5	1	20	0	8
588	7	1000065221	25	1	20	0	8
589	7	1000065222	25	1	20	0	8
590	7	1000065223	15	1	20	0	8
591	7	1000065224	5	1	20	0	8
592	7	1000065225	25	1	20	0	8
593	7	1000065226	15	1	20	0	8
594	8	1000065227	100	1	20	0	8
595	9	1000065228	100	1	20	0	8
596	10	1000065229	25	1	20	0	8
597	10	1000065230	25	1	20	0	8
598	10	1000065231	15	1	20	0	8
599	10	1000065232	5	1	20	0	8
600	10	1000065233	25	1	20	0	8
601	10	1000065234	5	1	20	0	8
602	10	1000065235	15	1	20	0	8
603	10	1000065236	25	1	20	0	8
604	11	1000065237	15	1	20	0	8
605	11	1000065238	15	1	20	0	8
606	11	1000065239	25	1	20	0	8
607	11	1000065240	5	1	20	0	8
608	11	1000065241	15	1	20	0	8
609	11	1000065242	25	1	20	0	8
610	11	1000065243	25	1	20	0	8
611	0	1000077274	1	1	20	280	9
612	0	1000077275	1	1	20	280	9
613	0	1000077276	1	1	20	280	9
614	0	1000077277	1	1	20	280	9
615	0	1000077278	1	1	20	280	9
616	0	1000077279	1	5	20	280	9
617	0	1000077280	1	1	20	280	9
618	0	1000077281	1	1	20	280	9
619	0	1000077326	20	1	20	180	10
620	0	1000077327	20	1	20	180	10
621	0	1000077328	20	1	20	180	10
622	0	1000077329	20	1	20	180	10
623	0	1000077330	20	1	20	180	10
624	0	1000077331	20	5	20	180	10
625	0	1000077332	20	1	20	180	10
627	0	1000047327	5	1	20	180	10
628	0	1000077333	20	1	20	180	10
629	0	1000077334	20	1	20	180	10
630	0	1000077335	20	1	20	180	10
631	0	1000077336	20	1	20	180	10
632	0	1000077337	20	1	20	180	10
633	0	1000077338	20	1	20	180	10
634	0	1000077339	20	1	20	180	10
635	0	1000077340	20	1	20	180	10
636	0	1000077341	20	1	20	180	10
637	0	1000077342	20	1	20	180	10
638	0	1000077343	20	1	20	180	10
639	0	1000077344	20	1	20	180	10
640	0	1000077345	20	1	20	180	10
641	0	1000077346	20	1	20	180	10
642	0	1000077347	20	1	20	180	10
643	0	1000077348	20	1	20	180	10
644	0	1000077349	20	1	20	180	10
645	0	1000077350	20	1	20	180	10
646	0	1000077351	20	1	20	180	10
647	0	1000077352	20	1	20	180	10
648	0	1000077353	20	1	20	180	10
649	0	1000077354	20	1	20	180	10
650	0	1000077355	1	1	20	180	10
651	5	1000077356	50	1	20	0	10
652	5	1000077357	50	1	20	0	10
653	5	1000077358	50	1	20	0	10
654	5	1000077359	50	1	20	0	10
655	5	1000077360	50	1	20	0	10
656	5	1000077361	50	1	20	0	10
657	6	1000077362	20	1	20	0	10
658	6	1000077363	20	1	20	0	10
659	6	1000077364	20	1	20	0	10
660	6	1000077365	20	1	20	0	10
661	6	1000077366	20	1	20	0	10
662	6	1000077367	20	1	20	0	10
663	6	1000077368	20	1	20	0	10
664	7	1000077369	50	1	20	0	10
665	7	1000077370	50	1	20	0	10
666	7	1000077371	50	1	20	0	10
667	7	1000077372	50	1	20	0	10
668	7	1000077373	50	1	20	0	10
669	7	1000077374	50	1	20	0	10
670	8	1000077375	50	1	20	0	10
671	9	1000077376	50	1	20	0	10
672	10	1000077377	50	1	20	0	10
673	10	1000077378	50	1	20	0	10
674	10	1000077379	50	1	20	0	10
675	10	1000077380	50	1	20	0	10
676	10	1000077381	50	1	20	0	10
677	10	1000077382	50	1	20	0	10
678	10	1000077383	50	1	20	0	10
679	11	1000077384	50	1	20	0	10
680	11	1000077385	50	1	20	0	10
681	11	1000077386	50	1	20	0	10
682	11	1000077387	50	1	20	0	10
683	11	1000077388	50	1	20	0	10
684	11	1000077389	50	1	20	0	10
685	11	1000077390	50	1	20	0	10
686	0	1000083032	15	1	20	180	11
687	0	1000083033	25	1	20	180	11
688	0	1000083034	5	1	20	180	11
689	0	1000083035	5	1	20	180	11
690	0	1000083036	25	1	20	180	11
691	0	1000083037	15	5	20	180	11
692	0	1000083038	25	1	20	180	11
693	0	1000083039	5	1	20	180	11
694	0	1000083040	5	1	20	180	11
695	0	1000083041	5	1	20	180	11
696	0	1000083042	25	1	20	180	11
697	0	1000083043	15	1	15	180	11
698	0	1000083044	15	1	20	180	11
699	0	1000083045	25	1	20	180	11
700	0	1000083046	25	1	20	180	11
701	0	1000083047	25	1	20	180	11
702	0	1000083048	25	1	20	180	11
703	0	1000083049	25	1	20	180	11
704	0	1000083050	15	1	20	180	11
705	0	1000083051	5	1	20	180	11
706	0	1000083052	25	1	20	180	11
707	0	1000083053	5	1	20	180	11
708	0	1000083054	25	1	20	180	11
709	0	1000083055	25	1	20	180	11
710	0	1000083056	15	1	20	180	11
711	0	1000083057	25	1	20	180	11
712	0	1000083058	5	1	20	180	11
713	0	1000083059	15	1	20	180	11
714	0	1000083060	15	1	20	180	11
715	0	1000083061	15	1	20	180	11
716	0	1000083062	25	1	20	180	11
717	0	1000083063	25	1	20	180	11
718	0	1000083064	25	1	20	180	11
719	5	1000083065	5	1	20	0	11
720	5	1000083066	15	1	20	0	11
721	5	1000083067	15	1	20	0	11
722	5	1000083068	5	1	20	0	11
723	5	1000083069	15	1	20	0	11
724	5	1000083070	25	1	20	0	11
725	5	1000083071	25	1	20	0	11
726	5	1000083072	25	1	20	0	11
727	6	1000083073	15	1	20	0	11
728	6	1000083074	25	1	20	0	11
729	6	1000083075	5	1	20	0	11
730	6	1000083076	5	1	20	0	11
731	6	1000083077	25	1	20	0	11
732	6	1000083078	15	1	20	0	11
733	6	1000083079	15	1	20	0	11
734	7	1000083080	5	1	20	0	11
735	7	1000083081	25	1	20	0	11
736	7	1000083082	25	1	20	0	11
737	7	1000083083	15	1	20	0	11
738	7	1000083084	5	1	20	0	11
739	7	1000083085	25	1	20	0	11
740	7	1000083086	15	1	20	0	11
741	8	1000083087	100	1	20	0	11
742	9	1000083088	100	1	20	0	11
743	10	1000083089	25	1	20	0	11
744	10	1000083090	25	1	20	0	11
745	10	1000083091	15	1	20	0	11
746	10	1000083092	5	1	20	0	11
747	10	1000083093	25	1	20	0	11
748	10	1000083094	5	1	20	0	11
749	10	1000083095	15	1	20	0	11
750	10	1000083096	25	1	20	0	11
751	11	1000083097	15	1	20	0	11
752	11	1000083098	15	1	20	0	11
753	11	1000083099	25	1	20	0	11
754	11	1000083100	5	1	20	0	11
755	11	1000083101	15	1	20	0	11
756	11	1000083102	25	1	20	0	11
757	11	1000083103	25	1	20	0	11
758	0	1000091174	50	1	59	180	12
759	0	1000091175	40	1	59	180	12
760	0	1000091176	5	1	5	180	12
761	0	1000091177	5	1	5	180	12
762	0	1000091178	30	6	59	180	12
763	0	1000091179	30	6	59	180	12
764	0	1000091180	30	6	59	180	12
765	0	1000091181	10	6	59	180	12
766	0	1000091182	10	6	59	180	12
767	0	1000091183	10	6	59	180	12
768	0	1000091184	30	11	59	180	12
769	0	1000091185	30	11	59	180	12
770	0	1000091186	30	11	59	180	12
771	0	1000091187	20	11	59	180	12
772	0	1000091188	20	11	59	180	12
773	0	1000091189	20	11	59	180	12
774	0	1000091190	10	11	59	180	12
775	0	1000091191	25	20	59	180	12
776	0	1000091192	25	20	59	180	12
777	0	1000091193	20	20	59	180	12
778	0	1000091194	20	20	59	180	12
779	0	1000091195	10	20	59	180	12
780	5	1000091196	70	1	59	0	12
781	5	1000091197	25	1	59	0	12
782	5	1000091198	5	1	5	0	12
783	5	1000091199	35	6	59	0	12
784	5	1000091200	35	6	59	0	12
785	5	1000091201	20	6	59	0	12
786	5	1000091202	10	6	59	0	12
787	5	1000091203	100	59	59	0	12
788	6	1000091196	50	1	59	0	12
789	6	1000091204	40	1	59	0	12
790	6	1000091205	5	1	5	0	12
791	6	1000091206	5	1	5	0	12
792	6	1000091207	30	6	59	0	12
793	6	1000091208	20	6	59	0	12
794	6	1000091209	10	6	59	0	12
795	7	1000091210	50	1	59	0	12
796	7	1000091211	40	1	59	0	12
797	7	1000091212	5	1	5	0	12
798	7	1000091213	5	1	5	0	12
799	7	1000091214	20	6	59	0	12
800	7	1000091215	20	6	59	0	12
801	7	1000091216	20	6	59	0	12
802	8	1000091217	100	1	59	0	12
803	9	1000091218	100	1	59	0	12
804	10	1000091219	50	1	59	0	12
805	10	1000091220	40	1	59	0	12
806	10	1000091221	5	1	5	0	12
807	10	1000091222	5	1	5	0	12
808	10	1000091223	20	6	59	0	12
809	10	1000091224	20	6	59	0	12
810	10	1000091225	20	6	59	0	12
811	11	1000091226	50	1	59	0	12
812	11	1000091227	40	1	59	0	12
813	11	1000091228	5	1	5	0	12
814	11	1000091229	20	6	59	0	12
815	11	1000091230	20	6	59	0	12
816	11	1000091231	20	6	59	0	12
817	0	1000091174	20	60	60	180	13
818	0	1000091175	20	60	60	180	13
819	0	1000091183	20	60	60	180	13
820	0	1000091185	20	60	60	180	13
821	0	1000091189	20	60	60	180	13
822	0	1000091184	20	60	60	180	13
823	0	1000091232	20	60	60	180	13
824	0	1000091233	20	60	60	180	13
825	0	1000091234	20	60	60	180	13
826	0	1000091235	20	60	60	180	13
827	0	1000091188	20	60	60	180	13
828	0	1000091186	20	60	60	180	13
829	0	1000091236	20	60	60	180	13
830	0	1000091237	20	60	60	180	13
831	0	1000091238	20	60	60	180	13
832	0	1000091239	20	60	60	180	13
833	0	1000091240	20	60	60	180	13
834	0	1000091241	20	60	60	180	13
835	0	1000091242	20	60	60	180	13
836	0	1000091243	5	60	60	180	13
837	0	1000091244	5	60	60	180	13
838	0	1000091245	5	60	60	180	13
846	5	1000091246	100	60	60	0	13
847	6	1000091207	20	60	60	0	13
848	6	1000091251	20	60	60	0	13
849	6	1000091252	20	60	60	0	13
850	6	1000091253	20	60	60	0	13
851	6	1000091254	20	60	60	0	13
852	6	1000091255	20	60	60	0	13
853	7	1000091214	20	60	60	0	13
854	7	1000091256	20	60	60	0	13
855	7	1000091257	20	60	60	0	13
856	7	1000091258	20	60	60	0	13
857	7	1000091259	20	60	60	0	13
858	7	1000091260	20	60	60	0	13
859	7	1000091216	5	60	60	0	13
860	8	1000091261	100	60	60	0	13
861	9	1000091262	100	60	60	0	13
862	10	1000091263	30	60	60	0	13
863	10	1000091223	20	60	60	0	13
864	10	1000091224	20	60	60	0	13
865	10	1000091225	20	60	60	0	13
866	10	1000091264	20	60	60	0	13
867	10	1000091265	20	60	60	0	13
868	10	1000091266	10	60	60	0	13
869	11	1000091267	30	60	60	0	13
870	11	1000091229	20	60	60	0	13
871	11	1000091230	20	60	60	0	13
872	11	1000091231	20	60	60	0	13
873	11	1000091268	20	60	60	0	13
874	11	1000091269	20	60	60	0	13
875	0	1000097224	50	1	59	180	14
876	0	1000097225	40	1	59	180	14
877	0	1000097226	5	1	5	180	14
878	0	1000097227	5	1	5	180	14
879	0	1000097228	30	6	59	180	14
880	0	1000097229	30	6	59	180	14
881	0	1000097230	30	6	59	180	14
882	0	1000097231	10	6	59	180	14
883	0	1000097232	10	6	59	180	14
884	0	1000097233	30	11	59	180	14
885	0	1000097234	30	11	59	180	14
886	0	1000097235	20	11	59	180	14
887	0	1000097236	20	11	59	180	14
888	0	1000097237	20	11	59	180	14
889	0	1000097232	10	11	59	180	14
890	0	1000097238	10	20	59	180	14
891	5	1000097239	70	1	59	0	14
892	5	1000097240	25	1	59	0	14
893	5	1000097241	5	1	5	0	14
894	5	1000097242	35	6	59	0	14
895	5	1000097243	35	6	59	0	14
896	5	1000097244	20	6	59	0	14
897	5	1000097245	10	6	59	0	14
898	5	1000097246	100	59	59	0	14
899	6	1000097247	50	1	59	0	14
900	6	1000097248	40	1	59	0	14
901	6	1000097249	30	6	59	0	14
902	6	1000097250	20	6	59	0	14
903	7	1000097251	80	1	59	0	14
904	7	1000097252	20	6	59	0	14
905	8	1000097253	100	1	59	0	14
906	9	1000097254	100	1	59	0	14
907	10	1000097255	50	1	59	0	14
908	10	1000097256	40	1	59	0	14
909	10	1000097257	5	1	5	0	14
910	10	1000097258	20	6	59	0	14
911	10	1000097259	20	6	59	0	14
912	11	1000097260	50	1	59	0	14
913	11	1000097261	40	1	59	0	14
914	11	1000097262	20	6	59	0	14
915	11	1000097263	20	6	59	0	14
916	0	1000097233	20	60	60	180	15
917	0	1000097234	20	60	60	180	15
918	0	1000097235	20	60	60	180	15
919	0	1000097236	20	60	60	180	15
920	0	1000097237	20	60	60	180	15
921	0	1000097264	20	60	60	180	15
922	0	1000097265	5	60	60	180	15
923	0	1000097266	5	60	60	180	15
924	0	1000097267	5	60	60	180	15
925	5	1000097268	100	60	60	0	15
926	6	1000097249	20	60	60	0	15
927	6	1000097250	20	60	60	0	15
928	6	1000097269	20	60	60	0	15
929	7	1000097270	20	60	60	0	15
930	7	1000097271	5	60	60	0	15
931	8	1000097272	100	60	60	0	15
932	9	1000097254	100	60	60	0	15
933	10	1000097258	30	60	60	0	15
934	10	1000097273	20	60	60	0	15
935	10	1000097274	20	60	60	0	15
936	10	1000097275	10	60	60	0	15
937	11	1000097262	30	60	60	0	15
938	11	1000097263	20	60	60	0	15
939	11	1000097276	20	60	60	0	15
940	0	1000101448	20	1	59	180	16
941	0	1000101449	40	1	59	180	16
942	0	1000101450	5	1	59	180	16
943	0	1000101451	5	1	59	180	16
944	0	1000101452	30	1	59	180	16
945	0	1000101453	30	1	59	180	16
946	0	1000101454	30	1	59	180	16
947	0	1000101455	10	1	59	180	16
948	0	1000101456	10	1	59	180	16
949	0	1000101457	30	1	59	180	16
950	0	1000101458	30	1	59	180	16
951	0	1000101459	20	1	59	180	16
952	0	1000101460	20	1	59	180	16
953	0	1000101461	20	1	59	180	16
954	0	1000101462	20	1	59	180	16
955	0	1000101463	10	1	59	180	16
956	5	1000101464	50	1	59	0	16
957	5	1000101465	20	1	59	0	16
958	5	1000101466	10	1	59	0	16
959	5	1000101467	30	1	59	0	16
960	5	1000101468	20	1	59	0	16
961	5	1000101469	20	1	59	0	16
962	5	1000101470	10	1	59	0	16
963	5	1000101471	100	59	59	0	16
964	6	1000101472	50	1	59	0	16
965	6	1000101473	40	1	59	0	16
966	6	1000101474	30	1	59	0	16
967	6	1000101475	20	1	59	0	16
968	7	1000101476	80	1	59	0	16
969	7	1000101477	20	1	59	0	16
970	7	1000101478	20	1	59	0	16
971	7	1000101479	20	1	59	0	16
972	8	1000101480	100	1	59	0	16
973	9	1000101481	100	1	59	0	16
974	10	1000101482	40	1	59	0	16
975	10	1000101483	40	1	59	0	16
976	10	1000101484	50	1	59	0	16
977	10	1000101485	20	1	59	0	16
978	11	1000101486	50	1	59	0	16
979	11	1000101487	40	1	59	0	16
980	11	1000101488	20	1	59	0	16
981	11	1000101489	20	1	59	0	16
982	0	1000101490	20	60	60	180	17
983	0	1000101491	20	60	60	180	17
984	0	1000101450	20	60	60	180	17
985	0	1000101492	20	60	60	180	17
986	0	1000101493	20	60	60	180	17
987	0	1000101494	20	60	60	180	17
988	0	1000101495	10	60	60	180	17
989	0	1000101496	10	60	60	180	17
990	0	1000101497	10	60	60	180	17
991	5	1000101498	100	60	60	0	17
992	6	1000101473	20	60	60	0	17
993	6	1000101499	20	60	60	0	17
994	6	1000101500	20	60	60	0	17
995	7	1000101478	20	60	60	0	17
996	7	1000101501	5	60	60	0	17
997	8	1000101502	100	60	60	0	17
998	9	1000101481	100	60	60	0	17
999	10	1000101482	30	60	60	0	17
1000	10	1000101503	20	60	60	0	17
1001	10	1000101504	20	60	60	0	17
1002	10	1000101505	10	60	60	0	17
1003	11	1000101487	30	60	60	0	17
1004	11	1000101506	20	60	60	0	17
1005	11	1000101507	20	60	60	0	17
1006	0	1000106728	20	1	59	180	18
1007	0	1000106729	40	1	59	180	18
1008	0	1000106730	5	1	59	180	18
1009	0	1000106731	5	1	59	180	18
1010	0	1000106732	30	1	59	180	18
1011	0	1000106733	30	1	59	180	18
1012	0	1000106734	30	1	59	180	18
1013	0	1000106735	10	1	59	180	18
1014	0	1000106736	10	1	59	180	18
1015	0	1000106737	30	1	59	180	18
1016	0	1000106738	30	1	59	180	18
1017	0	1000106739	20	1	59	180	18
1018	0	1000106740	20	1	59	180	18
1019	0	1000106741	20	1	59	180	18
1020	0	1000106742	20	1	59	180	18
1021	0	1000106743	10	1	59	180	18
1022	5	1000106744	50	1	59	0	18
1023	5	1000106745	20	1	59	0	18
1024	5	1000106746	10	1	59	0	18
1025	5	1000106747	30	1	59	0	18
1026	5	1000106748	20	1	59	0	18
1027	5	1000106749	20	1	59	0	18
1028	5	1000106750	10	1	59	0	18
1029	5	1000106751	100	59	59	0	18
1030	6	1000106752	50	1	59	0	18
1031	6	1000106753	40	1	59	0	18
1032	6	1000106754	30	1	59	0	18
1033	6	1000106755	20	1	59	0	18
1034	7	1000106756	80	1	59	0	18
1035	7	1000106757	20	1	59	0	18
1036	7	1000106758	20	1	59	0	18
1037	7	1000106759	20	1	59	0	18
1038	8	1000106760	100	1	59	0	18
1039	9	1000106761	100	1	59	0	18
1040	10	1000106762	40	1	59	0	18
1041	10	1000106763	40	1	59	0	18
1042	10	1000106764	50	1	59	0	18
1043	10	1000106765	20	1	59	0	18
1044	11	1000106766	50	1	59	0	18
1045	11	1000106767	40	1	59	0	18
1046	11	1000106768	20	1	59	0	18
1047	11	1000106769	20	1	59	0	18
1048	0	1000106770	20	60	60	180	19
1049	0	1000106771	20	60	60	180	19
1050	0	1000106772	20	60	60	180	19
1051	0	1000106773	20	60	60	180	19
1052	0	1000106774	20	60	60	180	19
1053	0	1000106775	20	60	60	180	19
1054	0	1000106776	10	60	60	180	19
1055	0	1000106777	10	60	60	180	19
1056	0	1000106778	10	60	60	180	19
1057	5	1000106779	100	60	60	0	19
1058	6	1000106780	20	60	60	0	19
1059	6	1000106781	20	60	60	0	19
1060	6	1000106782	20	60	60	0	19
1061	7	1000106783	20	60	60	0	19
1062	7	1000106784	5	60	60	0	19
1063	8	1000106760	100	60	60	0	19
1064	9	1000106761	100	60	60	0	19
1065	10	1000106785	30	60	60	0	19
1066	10	1000106786	20	60	60	0	19
1067	10	1000106787	20	60	60	0	19
1068	10	1000106788	10	60	60	0	19
1069	11	1000106789	30	60	60	0	19
1070	11	1000106790	20	60	60	0	19
1071	11	1000106791	20	60	60	0	19
1072	0	1000112960	20	1	20	180	20
1073	0	1000112961	20	1	20	180	20
1074	0	1000112962	20	1	20	180	20
1075	0	1000111130	20	1	20	180	20
1076	0	1000111131	20	1	20	180	20
1077	0	1000111132	20	1	20	180	20
1078	0	1000111133	20	1	20	180	20
1079	0	1000111134	20	1	20	180	20
1080	0	1000114041	20	1	59	180	21
1081	0	1000114442	40	1	59	180	21
1082	0	1000114042	5	1	59	180	21
1083	0	1000114043	5	1	59	180	21
1084	0	1000114044	30	1	59	180	21
1085	0	1000114045	30	1	59	180	21
1086	0	1000114046	30	1	59	180	21
1087	0	1000114047	10	1	59	180	21
1088	0	1000114048	10	1	59	180	21
1089	0	1000114049	30	1	59	180	21
1090	0	1000114050	30	1	59	180	21
1091	0	1000114051	20	1	59	180	21
1092	0	1000114443	20	1	59	180	21
1093	0	1000114444	20	1	59	180	21
1094	0	1000114445	20	1	59	180	21
1095	0	1000114052	10	1	59	180	21
1096	5	1000114053	50	1	59	0	21
1097	5	1000114054	20	1	59	0	21
1098	5	1000114055	10	1	59	0	21
1099	5	1000114446	30	1	59	0	21
1100	5	1000114056	20	1	59	0	21
1101	5	1000114057	20	1	59	0	21
1102	5	1000114447	10	1	59	0	21
1103	5	1000114448	100	59	59	0	21
1104	6	1000114109	50	1	59	0	21
1105	6	1000114058	40	1	59	0	21
1106	6	1000114449	30	1	59	0	21
1107	6	1000114059	20	1	59	0	21
1108	7	1000114060	80	1	59	0	21
1109	7	1000114061	20	1	59	0	21
1110	7	1000114450	20	1	59	0	21
1111	7	1000114451	20	1	59	0	21
1112	8	1000114062	100	1	59	0	21
1113	9	1000114063	100	1	59	0	21
1114	10	1000114452	40	1	59	0	21
1115	10	1000114453	40	1	59	0	21
1116	10	1000114064	50	1	59	0	21
1117	10	1000114065	20	1	59	0	21
1118	11	1000114066	50	1	59	0	21
1119	11	1000114067	40	1	59	0	21
1120	11	1000114454	20	1	59	0	21
1121	11	1000114068	20	1	59	0	21
1122	0	1000114069	20	60	60	180	22
1123	0	1000114070	20	60	60	180	22
1124	0	1000114455	20	60	60	180	22
1125	0	1000114456	20	60	60	180	22
1126	0	1000114071	20	60	60	180	22
1127	0	1000114457	20	60	60	180	22
1128	0	1000114072	10	60	60	180	22
1129	0	1000114073	10	60	60	180	22
1130	0	1000114458	10	60	60	180	22
1131	5	1000114074	100	60	60	0	22
1132	6	1000114459	20	60	60	0	22
1133	6	1000114075	20	60	60	0	22
1134	6	1000114076	20	60	60	0	22
1135	7	1000114077	20	60	60	0	22
1136	7	1000114078	5	60	60	0	22
1137	8	1000114062	100	60	60	0	22
1138	9	1000114063	100	60	60	0	22
1139	10	1000114079	30	60	60	0	22
1140	10	1000114085	20	60	60	0	22
1141	10	1000114081	20	60	60	0	22
1142	10	1000114082	10	60	60	0	22
1143	11	1000114460	30	60	60	0	22
1144	11	1000114083	20	60	60	0	22
1145	11	1000114084	20	60	60	0	22
1146	0	1000117608	20	1	59	180	23
1147	0	1000117609	20	1	59	180	23
1148	0	1000117610	20	1	59	180	23
1149	0	1000117611	20	1	59	180	23
1150	0	1000117612	20	1	59	180	23
1154	5	1000117613	25	1	59	0	23
1155	5	1000117614	25	1	59	0	23
1156	5	1000117615	25	1	59	0	23
1157	5	1000117616	25	1	59	0	23
1158	6	1000117617	25	1	59	0	23
1159	6	1000117618	25	1	59	0	23
1160	6	1000117619	25	1	59	0	23
1161	6	1000117620	25	1	59	0	23
1162	7	1000117621	80	1	59	0	23
1163	7	1000117622	20	1	59	0	23
1164	8	1000117623	100	1	59	0	23
1165	9	1000117624	100	1	59	0	23
1166	10	1000117625	25	1	59	0	23
1167	10	1000117626	25	1	59	0	23
1168	10	1000117627	25	1	59	0	23
1169	10	1000117628	25	1	59	0	23
1170	11	1000117629	25	1	59	0	23
1171	11	1000117630	25	1	59	0	23
1172	11	1000117631	25	1	59	0	23
1173	11	1000117632	25	1	59	0	23
1174	0	1000117633	125	60	60	180	24
1175	0	1000117634	125	60	60	180	24
1176	0	1000117635	125	60	60	180	24
1177	0	1000117636	125	60	60	180	24
1178	0	1000117637	125	60	60	180	24
1179	0	1000117638	125	60	60	180	24
1180	0	1000117639	125	60	60	180	24
1181	0	1000117640	125	60	60	180	24
1182	5	1000117641	100	60	60	0	24
1183	6	1000117642	25	60	60	0	24
1184	6	1000117643	25	60	60	0	24
1185	6	1000117644	25	60	60	0	24
1186	6	1000117645	25	60	60	0	24
1187	7	1000117646	50	60	60	0	24
1188	7	1000117647	50	60	60	0	24
1189	8	1000117648	100	60	60	0	24
1190	9	1000117649	100	60	60	0	24
1191	10	1000117650	25	60	60	0	24
1192	10	1000117651	25	60	60	0	24
1193	10	1000117652	25	60	60	0	24
1194	10	1000117653	25	60	60	0	24
1195	11	1000117654	25	60	60	0	24
1196	11	1000117655	25	60	60	0	24
1197	11	1000117656	25	60	60	0	24
1198	11	1000117657	25	60	60	0	24
1199	0	1000122821	20	1	59	180	25
1200	0	1000122822	20	1	59	180	25
1201	0	1000122823	20	1	59	180	25
1202	0	1000122824	20	1	59	180	25
1203	0	1000122825	20	1	59	180	25
1204	5	1000122826	20	1	59	0	25
1205	5	1000122827	20	1	59	0	25
1206	5	1000122828	10	1	59	0	25
1207	5	1000122829	10	1	59	0	25
1208	6	1000122830	10	1	59	0	25
1209	6	1000122831	100	1	59	0	25
1210	6	1000122832	20	1	59	0	25
1211	6	1000122833	20	1	59	0	25
1212	7	1000122834	20	1	59	0	25
1213	7	1000122835	20	1	59	0	25
1214	8	1000122836	5	1	59	0	25
1215	9	1000122837	100	1	59	0	25
1216	10	1000122838	100	1	59	0	25
1217	10	1000122839	30	1	59	0	25
1218	10	1000122840	20	1	59	0	25
1219	10	1000122841	20	1	59	0	25
1220	11	1000122842	10	1	59	0	25
1221	11	1000122843	30	1	59	0	25
1222	11	1000122844	20	1	59	0	25
1223	11	1000122845	20	1	59	0	25
1224	0	1000122846	20	1	59	0	25
1225	0	1000122847	20	60	60	180	26
1226	0	1000122848	20	60	60	180	26
1227	0	1000122849	20	60	60	180	26
1228	0	1000122850	20	60	60	180	26
1229	0	1000122851	25	60	60	180	26
1230	0	1000122852	25	60	60	180	26
1231	0	1000122853	25	60	60	180	26
1232	5	1000122854	25	60	60	0	26
1233	6	1000122855	25	60	60	0	26
1234	6	1000122856	25	60	60	0	26
1235	6	1000122857	25	60	60	0	26
1236	6	1000122858	25	60	60	0	26
1237	7	1000122859	80	60	60	0	26
1238	7	1000122860	20	60	60	0	26
1239	8	1000122861	100	60	60	0	26
1240	9	1000122862	100	60	60	0	26
1241	10	1000122863	25	60	60	0	26
1242	10	1000122864	25	60	60	0	26
1243	10	1000122865	25	60	60	0	26
1244	10	1000122866	25	60	60	0	26
1245	11	1000122867	25	60	60	0	26
1246	11	1000122868	25	60	60	0	26
1247	11	1000122869	25	60	60	0	26
1248	11	1000122870	25	60	60	0	26
1249	0	1000129048	20	1	59	180	27
1250	0	1000129049	20	1	59	180	27
1251	0	1000129050	20	1	59	180	27
1252	0	1000129051	20	1	59	180	27
1253	0	1000129052	20	1	59	180	27
1254	0	1000129053	20	1	59	180	27
1255	0	1000129054	20	1	59	180	27
1256	0	1000129055	20	1	59	180	27
1257	0	1000129056	20	1	59	180	27
1258	0	1000129057	20	1	59	180	27
1259	0	1000129058	20	1	59	180	27
1260	0	1000129059	20	1	59	180	27
1261	0	1000129060	20	1	59	180	27
1262	5	1000129061	20	1	59	0	27
1263	5	1000129062	20	1	59	0	27
1264	5	1000129063	20	1	59	0	27
1265	5	1000129064	20	1	59	0	27
1266	5	1000129065	20	1	59	0	27
1267	5	1000129066	20	1	59	0	27
1268	5	1000129067	20	1	59	0	27
1269	5	1000129068	20	1	59	0	27
1270	6	1000129069	20	1	59	0	27
1271	6	1000129070	20	1	59	0	27
1272	6	1000129071	20	1	59	0	27
1273	6	1000129072	20	1	59	0	27
1274	6	1000129073	20	1	59	0	27
1275	7	1000129074	20	1	59	0	27
1276	7	1000114078	20	1	59	0	27
1277	7	1000129075	20	1	59	0	27
1278	7	1000129076	20	1	59	0	27
1279	7	1000129077	20	1	59	0	27
1280	8	1000114062	100	1	59	0	27
1281	9	1000114063	100	1	59	0	27
1282	10	1000129078	25	1	59	0	27
1283	10	1000129079	25	1	59	0	27
1284	10	1000129080	25	1	59	0	27
1285	10	1000129081	25	1	59	0	27
1286	11	1000129082	20	1	59	0	27
1287	11	1000129083	20	1	59	0	27
1288	11	1000065241	20	1	59	0	27
1289	11	1000129084	20	1	59	0	27
1290	11	1000129085	20	1	59	0	27
1291	0	1000129055	20	60	60	180	28
1292	0	1000129086	20	60	60	180	28
1293	0	1000129087	20	60	60	180	28
1294	0	1000129088	20	60	60	180	28
1295	0	1000129089	20	60	60	180	28
1296	0	1000129049	20	60	60	180	28
1297	0	1000129051	20	60	60	180	28
1298	0	1000129052	20	60	60	180	28
1299	0	1000129053	20	60	60	180	28
1300	0	1000129054	20	60	60	180	28
1301	0	1000129056	20	60	60	180	28
1302	0	1000129057	20	60	60	180	28
1303	0	1000129058	20	60	60	180	28
1304	0	1000129059	20	60	60	180	28
1305	5	1000129090	100	60	60	0	28
1306	6	1000129069	20	60	60	0	28
1307	6	1000129070	20	60	60	0	28
1308	6	1000129071	20	60	60	0	28
1309	6	1000129072	20	60	60	0	28
1310	6	1000129073	20	60	60	0	28
1311	7	1000129074	20	60	60	0	28
1312	7	1000114078	20	60	60	0	28
1313	7	1000129075	20	60	60	0	28
1314	7	1000129076	20	60	60	0	28
1315	7	1000129077	20	60	60	0	28
1316	8	1000114062	100	60	60	0	28
1317	9	1000114063	100	60	60	0	28
1318	10	1000129078	25	60	60	0	28
1319	10	1000129079	25	60	60	0	28
1320	10	1000129080	25	60	60	0	28
1321	10	1000129081	25	60	60	0	28
1322	11	1000129082	20	60	60	0	28
1323	11	1000129083	20	60	60	0	28
1324	11	1000065241	20	60	60	0	28
1325	11	1000129084	20	60	60	0	28
1326	11	1000129085	20	60	60	0	28
1327	0	1000144025	20	1	59	180	29
1328	0	1000144026	20	1	59	180	29
1329	0	1000144027	20	1	59	180	29
1330	0	1000144028	20	1	59	180	29
1331	0	1000144029	20	1	59	180	29
1332	0	1000144030	20	1	59	180	29
1333	5	1000144031	40	1	59	0	29
1334	5	1000144032	30	1	59	0	29
1335	5	1000144033	30	1	59	0	29
1336	6	1000144034	20	1	59	0	29
1337	6	1000144035	20	1	59	0	29
1338	7	1000144036	20	1	59	0	29
1339	7	1000144037	20	1	59	0	29
1340	8	1000144038	5	1	59	0	29
1341	10	1000144039	100	1	59	0	29
1342	10	1000144040	30	1	59	0	29
1343	11	1000144041	10	1	59	0	29
1344	11	1000144042	30	1	59	0	29
1345	11	1000144043	20	1	59	0	29
1346	0	1000144044	20	60	60	180	30
1347	0	1000144026	20	60	60	180	30
1348	0	1000144027	20	60	60	180	30
1349	0	1000144028	20	60	60	180	30
1350	0	1000144029	20	60	60	180	30
1351	0	1000144045	20	60	60	180	30
1352	5	1000144031	40	60	60	0	30
1353	5	1000144032	30	60	60	0	30
1354	5	1000144033	30	60	60	0	30
1355	6	1000144034	20	60	60	0	30
1356	6	1000144035	20	60	60	0	30
1357	7	1000144036	20	60	60	0	30
1358	7	1000144037	20	60	60	0	30
1359	8	1000144046	5	60	60	0	30
1360	10	1000144039	100	60	60	0	30
1361	10	1000144047	30	60	60	0	30
1362	11	1000144048	10	60	60	0	30
1363	11	1000144042	30	60	60	0	30
1364	11	1000144043	20	60	60	0	30
1365	11	1000145794	25	1	59	0	31
1366	11	1000145795	25	1	59	0	31
1367	11	1000145796	25	1	59	0	31
1368	11	1000145797	25	1	59	0	31
1369	10	1000145798	25	1	59	0	31
1370	10	1000145799	25	1	59	0	31
1371	10	1000145800	25	1	59	0	31
1372	10	1000145801	25	1	59	0	31
1373	9	1000145802	100	1	59	0	31
1374	8	1000145803	100	1	59	0	31
1375	7	1000145804	100	1	59	0	31
1376	6	1000145805	60	1	59	0	31
1377	6	1000145806	40	1	59	0	31
1378	5	1000145807	50	1	59	0	31
1379	5	1000145808	50	1	59	0	31
1384	0	1000145813	20	1	59	180	31
1385	0	1000145814	10	1	59	180	31
1386	0	1000145815	20	1	59	180	31
1387	0	1000145816	20	1	59	180	31
1388	0	1000145817	20	1	59	180	31
1389	0	1000145818	10	1	59	180	31
1390	11	1000145794	25	60	60	0	32
1391	11	1000145795	25	60	60	0	32
1392	11	1000145796	25	60	60	0	32
1393	11	1000145797	25	60	60	0	32
1394	10	1000145798	25	60	60	0	32
1395	10	1000145799	25	60	60	0	32
1396	10	1000145800	25	60	60	0	32
1397	10	1000145801	25	60	60	0	32
1398	9	1000145802	100	60	60	0	32
1399	8	1000145803	100	60	60	0	32
1400	7	1000145804	100	60	60	0	32
1401	6	1000145805	60	60	60	0	32
1402	6	1000145806	40	60	60	0	32
1403	5	1000145807	50	60	60	0	32
1404	5	1000145808	50	60	60	0	32
1405	0	1000145813	20	60	60	180	32
1406	0	1000145814	10	60	60	180	32
1407	0	1000145815	20	60	60	180	32
1408	0	1000145816	20	60	60	180	32
1409	0	1000145817	20	60	60	180	32
1410	0	1000145818	10	60	60	180	32
1411	11	1000153239	25	1	61	0	33
1412	11	1000153240	25	1	61	0	33
1413	11	1000153241	25	1	61	0	33
1414	11	1000153242	25	1	61	0	33
1415	10	1000153243	25	1	61	0	33
1416	10	1000153244	25	1	61	0	33
1417	10	1000153245	25	1	61	0	33
1418	10	1000153246	25	1	61	0	33
1419	9	1000153247	100	1	61	0	33
1420	8	1000153248	100	1	61	0	33
1421	7	1000153249	100	1	61	0	33
1422	6	1000153250	60	1	61	0	33
1423	6	1000153251	40	1	61	0	33
1424	5	1000153252	50	1	61	0	33
1425	5	1000153253	50	1	61	0	33
1426	0	1000153254	20	1	61	180	33
1427	0	1000153255	10	1	61	180	33
1428	0	1000153256	20	1	61	180	33
1429	0	1000153257	20	1	61	180	33
1430	0	1000153258	20	1	61	180	33
1431	0	1000153259	10	1	61	180	33
1432	11	1000157350	25	1	61	0	34
1433	11	1000157351	25	1	61	0	34
1434	11	1000157352	25	1	61	0	34
1435	11	1000157353	25	1	61	0	34
1436	10	1000157354	25	1	61	0	34
1437	10	1000157355	25	1	61	0	34
1438	10	1000157356	25	1	61	0	34
1439	10	1000157357	25	1	61	0	34
1440	9	1000157358	100	1	61	0	34
1441	8	1000157359	100	1	61	0	34
1442	7	1000157360	100	1	61	0	34
1443	6	1000157361	60	1	61	0	34
1444	6	1000157362	40	1	61	0	34
1445	5	1000157363	50	1	61	0	34
1446	5	1000157364	50	1	61	0	34
1447	0	1000157365	20	1	61	180	34
1448	0	1000157366	10	1	61	180	34
1449	0	1000157367	20	1	61	180	34
1450	0	1000157368	20	1	61	180	34
1451	0	1000157369	20	1	61	180	34
1452	0	1000157370	10	1	61	180	34
1474	11	1000162236	25	1	61	0	36
1475	11	1000162237	25	1	61	0	36
1476	11	1000162238	25	1	61	0	36
1477	11	1000162239	25	1	61	0	36
1478	10	1000162240	25	1	61	0	36
1479	10	1000162241	25	1	61	0	36
1480	10	1000162242	25	1	61	0	36
1481	10	1000162243	25	1	61	0	36
1482	9	1000162244	100	1	61	0	36
1483	8	1000162245	100	1	61	0	36
1484	7	1000162246	100	1	61	0	36
1485	6	1000162247	60	1	61	0	36
1486	6	1000162248	40	1	61	0	36
1487	5	1000162249	50	1	61	0	36
1488	5	1000162250	50	1	61	0	36
1489	0	1000162251	20	1	61	180	36
1490	0	1000162252	10	1	61	180	36
1491	0	1000162253	20	1	61	180	36
1492	0	1000162254	20	1	61	180	36
1493	0	1000162255	20	1	61	180	36
1494	0	1000162256	10	1	61	180	36
1495	11	1000169292	25	1	61	0	37
1496	11	1000169293	25	1	61	0	37
1497	11	1000169294	25	1	61	0	37
1498	11	1000169295	25	1	61	0	37
1499	10	1000169296	25	1	61	0	37
1500	10	1000169297	25	1	61	0	37
1501	10	1000169298	25	1	61	0	37
1502	10	1000169299	25	1	61	0	37
1503	9	1000169300	100	1	61	0	37
1504	8	1000169301	100	1	61	0	37
1505	7	1000169302	100	1	61	0	37
1506	6	1000169303	60	1	61	0	37
1507	6	1000169304	40	1	61	0	37
1508	5	1000169305	50	1	61	0	37
1509	5	1000169306	50	1	61	0	37
1510	0	1000169307	20	1	61	180	37
1511	0	1000169308	10	1	61	180	37
1512	0	1000169309	20	1	61	180	37
1513	0	1000169310	20	1	61	180	37
1514	0	1000169311	20	1	61	180	37
1515	0	1000169312	10	1	61	180	37
1516	11	1000170830	25	1	61	0	38
1517	11	1000170831	25	1	61	0	38
1518	11	1000170832	25	1	61	0	38
1519	11	1200034	25	1	61	0	38
1520	10	1000170833	25	1	61	0	38
1521	10	1000170834	25	1	61	0	38
1522	10	1000170835	25	1	61	0	38
1523	10	1000170836	25	1	61	0	38
1524	9	1000170837	100	1	61	0	38
1525	8	1200230	100	1	61	0	38
1526	7	1000170838	100	1	61	0	38
1527	6	1000170839	60	1	61	0	38
1528	6	1000170840	40	1	61	0	38
1529	5	1000170841	50	1	61	0	38
1530	5	1000170842	50	1	61	0	38
1531	0	1000170843	20	1	61	180	38
1532	0	1000170844	10	1	61	180	38
1533	0	1000170845	20	1	61	180	38
1534	0	1000170846	20	1	61	180	38
1535	0	1000170847	20	1	61	180	38
1536	0	1000170848	10	1	61	180	38
1557	11	1000176345	25	1	61	0	40
1558	11	1000176346	25	1	61	0	40
1559	11	1000176347	25	1	61	0	40
1560	11	1000176348	25	1	61	0	40
1561	10	1000176349	25	1	61	0	40
1562	10	1000176350	25	1	61	0	40
1563	10	1000176351	25	1	61	0	40
1564	10	1000176352	25	1	61	0	40
1565	9	1000176353	100	1	61	0	40
1566	8	1000176354	100	1	61	0	40
1567	7	1000176355	100	1	61	0	40
1568	6	1000176356	60	1	61	0	40
1569	6	1000176357	40	1	61	0	40
1570	5	1000176358	100	1	61	0	40
1571	0	1000176359	15	1	61	180	40
1572	0	1000176360	15	1	61	180	40
1573	0	1000176361	15	1	61	180	40
1574	0	1000176362	15	1	61	180	40
1575	0	1000176363	15	1	61	180	40
1576	0	1000176364	15	1	61	180	40
1597	11	1000183913	25	1	61	0	42
1598	11	1000183914	25	1	61	0	42
1599	11	1000183915	25	1	61	0	42
1600	11	1000183916	25	1	61	0	42
1601	10	1000183917	25	1	61	0	42
1602	10	1000183918	25	1	61	0	42
1603	10	1000183919	25	1	61	0	42
1604	10	1000183920	25	1	61	0	42
1605	9	1000183921	100	1	61	0	42
1606	8	1000183922	100	1	61	0	42
1607	7	1000183923	100	1	61	0	42
1608	6	1000183924	60	1	61	0	42
1609	6	1000183925	40	1	61	0	42
1610	5	1000183926	100	1	61	0	42
1611	0	1000183927	15	1	61	180	42
1612	0	1000183928	15	1	61	180	42
1613	0	1000183929	15	1	61	180	42
1614	0	1000183930	15	1	61	180	42
1615	0	1000183931	15	1	61	180	42
1616	0	1000183932	15	1	61	180	42
