ROWID	_NeedJob|INTEGER	_IconIndex|INTEGER	_ConditionType1|INTEGER	_ConditionType2|INTEGER	_ConditionType3|INTEGER	_ConditionType4|INTEGER	_ConditionType5|INTEGER	_ConditionFactor1|TEXT	_ConditionFactor2|TEXT	_ConditionFactor3|TEXT	_ConditionFactor4|TEXT	_ConditionFactor5|TEXT	_BubbleType1|INTEGER	_BubbleType2|INTEGER	_BubbleType3|INTEGER	_BubbleType4|INTEGER	_BubbleType5|INTEGER	_BubbleFactor1|TEXT	_BubbleFactor2|TEXT	_BubbleFactor3|TEXT	_BubbleFactor4|TEXT	_BubbleFactor5|TEXT	_ContentsID|TEXT
1	0	81	5	6	0	0	0	3221	3217				1	0	0	0	0	100;90000					
2	0	0	1	3	0	0	0	3302	100;3				2	0	0	0	0	100;3					
3	0	0	5	4	0	0	0	3301	100				3	0	0	0	0	100;90000					
4	0	81	5	2	0	0	0	3301	3021				1	0	0	0	0	100;90000					
555	0	81	5	6	0	0	0	3301	3304				1	0	0	0	0	100;90000					
556	0	81	5	6	0	0	0	3221	3221				1	1	0	0	0	100;90000	100;90000				
557	0	81	5	6	0	0	0	3304	3221				1	1	0	0	0	100;90000	100;90000				
558	0	81	5	13	0	0	0	3307	3219				1	0	0	0	0	100;90000					
6	0	81	5	7	0	0	0	3301	3220				1	0	0	0	0	100;90000					
82	0	81	1	0	0	0	0	3221					1	0	0	0	0	100;90000					
83	0	0	5	13	0	0	0	3307	3218				1	0	0	0	0	100;90000					
74	0	81	19	16	0	0	0	3221;0	100				2	0	0	0	0	100;1					
75	0	81	19	16	0	0	0	3609;0	100				2	0	0	0	0	100;1					
76	0	0	5	22	0	0	0	3221	100				7	0	0	0	0	Stand;Skill_StandOfFaith_GuardStance_PVP					
77	0	0	5	22	0	0	0	3304	100				7	0	0	0	0	Stand;Skill_StandOfFaith_EX_GuardStance_PVP					
78	0	0	5	22	0	0	0	3609	100				7	0	0	0	0	Stand;Skill_Awake_StandOfFaith_EX_GuardStance_PVP					
600	0	81	1	0	0	0	0	3609					1	0	0	0	0	100;90000					
601	0	81	5	6	0	0	0	3609	3609				1	1	1	1	0	100;90000	100;90000	100;90000	100;90000		
602	0	0	1	3	0	0	0	3610	100;3				2	0	0	0	0	100;3					
603	0	81	1	0	0	0	0	3227					1	1	1	1	1	100;90000	100;90000	100;90000	100;90000	100;90000	
604	0	81	1	0	0	0	0	3227					1	1	1	1	1	100;90000	100;90000	100;90000	100;90000	100;90000	
606	0	0	1	3	0	0	0	3613	100;3				2	0	0	0	0	100;3					
607	0	81	1	0	0	0	0	3601					2	0	0	0	0	100;1					
608	0	81	1	0	0	0	0	3226					2	0	0	0	0	100;2					
610	0	100000000	5	13	11	0	0	3357	3002	1			1	0	0	0	0	243;2000					
611	0	100000000	1	3	0	0	0	3360	243;1				2	0	0	0	0	243;1					
612	0	100000000	5	4	0	0	0	3357	243				0	0	0	0	0						
615	0	100000000	5	13	11	0	0	3359	3223	1			1	0	0	0	0	370;2000					
616	0	100000000	1	3	0	0	0	3363	370;1				2	0	0	0	0	370;1					
617	0	100000000	5	4	0	0	0	3359	370				0	0	0	0	0						
613	0	100000000	13	19	11	0	0	3222;3202;3203;3353	3663;0	0.20			1	5	0	0	0	368;15000	368;1;3665;1				
614	0	100000000	13	19	11	0	0	3222;3202;3203;3353	3663;0	0.20			1	5	0	0	0	369;15000	369;1;3670;1				
609	0	100000000	5	13	0	0	0	3654	3651;3652;3668;3669				5	0	0	0	0	368;0;3671;0					
620	0	0	5	1	11	0	0	3754	3758	1			1	0	0	0	0	244;15000					
621	0	0	1	3	0	0	0	3763	244;1				2	0	0	0	0	244;1					
622	0	0	5	4	0	0	0	3754	244				3	0	0	0	0	244;3764					
7	0	100	5	9	0	0	0	78018	78018				1	0	0	0	0	150;30000					
8	0	100	1	3	0	0	0	78018	150;3				2	0	0	0	0	150;3					
10	49	109	1	0	0	0	0	4407					1	0	0	0	0	101;60000					
12	49	109	1	0	0	0	0	4409					1	0	0	0	0	101;60000					
15	49	109	1	0	0	0	0	4502					1	0	0	0	0	101;60000					
17	49	109	1	0	0	0	0	4414					1	0	0	0	0	101;60000					
18	49	109	1	0	0	0	0	4415					1	0	0	0	0	101;60000					
19	49	109	1	0	0	0	0	4417					1	0	0	0	0	101;60000					
20	49	109	1	0	0	0	0						1	0	0	0	0	101;60000					
21	49	109	1	0	0	0	0	4551;4835					1	0	0	0	0	101;60000					
22	49	109	1	0	0	0	0	4552					1	0	0	0	0	101;60000					
31	49	109	5	1	11	0	0	4419	4414	1			1	0	0	0	0	101;60000					
32	49	109	5	1	11	0	0	4419	4415	1			1	0	0	0	0	101;60000					
33	49	109	5	1	11	0	0	4419	4417	1			1	0	0	0	0	101;60000					
34	49	109	5	1	11	0	0	4419		1			1	0	0	0	0	101;60000					
35	49	109	5	1	11	0	0	4419	4551;4835	1			1	0	0	0	0	101;60000					
36	49	109	5	1	11	0	0	4419	4552	1			1	0	0	0	0	101;60000					
42	49	109	5	1	0	0	0	4560	4414				1	0	0	0	0	101;60000					
43	49	109	1	0	0	0	0	4510					1	0	0	0	0	101;60000					
44	49	109	5	1	11	0	0	4412	4510	1			1	0	0	0	0	101;60000					
37	49	109	5	4	0	0	0	4403	101				3	0	0	0	0	101;90001					
50	49	109	5	1	11	0	0	4504	4407	1			1	0	0	0	0	101;60000					
51	51	109	1	0	0	0	0	4553					1	0	0	0	0	101;60000					
52	49	109	5	1	11	0	0	4419	4553	1			1	0	0	0	0	101;60000					
717	46	89	0	0	0	0	0						0	0	0	0	0						
702	50	109	1	0	0	0	0	4622					2	0	0	0	0	101;9					
703	49	109	5	1	11	0	0	4412	4511	1			1	0	0	0	0	101;60000					
705	50	109	5	1	11	0	0	4412	4752	1			1	0	0	0	0	101;60000;1					
706	50	109	5	1	11	0	0	4412	4754	1			1	0	0	0	0	101;60000;1					
707	49	109	1	0	0	0	0	4833					1	0	0	0	0	101;60000					
708	49	109	1	0	0	0	0	4832					1	0	0	0	0	101;60000					
709	49	109	5	1	11	0	0	4419	4833	1			1	0	0	0	0	101;60000					
710	49	109	5	1	11	0	0	4419	4832	1			1	0	0	0	0	101;60000					
711	49	109	1	11	0	0	0	4755	1				1	0	0	0	0	101;60000					
23	49	109	5	1	11	0	0	4412	4406	1			1	0	0	0	0	101;60000					
24	49	109	5	1	11	0	0	4412	4407	1			1	0	0	0	0	101;60000					
26	49	109	5	1	11	0	0	4412	4409	1			1	0	0	0	0	101;60000					
28	49	109	5	1	11	0	0	4412	4501	1			1	0	0	0	0	101;60000					
29	49	109	5	1	11	0	0	4412	4502	1			1	0	0	0	0	101;60000					
30	49	109	5	1	11	0	0	4412	4503	1			1	0	0	0	0	101;60000					
718	49	109	1	11	0	0	0	4410	1				1	0	0	0	0	101;60000					
719	49	109	1	11	0	0	0	4505	1				1	0	0	0	0	101;60000					
712	49	109	5	1	11	0	0	4412	4824	1			1	0	0	0	0	101;60000					
713	49	109	5	1	11	0	0	4412	4821	1			1	0	0	0	0	101;60000					
714	49	109	5	1	11	0	0	4412	4222	1			1	0	0	0	0	101;60000					
715	49	109	5	1	11	0	0	4412	4408	1			1	0	0	0	0	101;60000					
716	49	109	5	1	11	0	0	4557	4833	1			1	0	0	0	0	101;60000					
403	72	191	19	1	0	0	0	7021;0	7020;7024;7027;7030;7022;7025;7029;7032				1	5	0	0	0	200;60000	200;30;7251;0				
411	72	191	19	1	0	0	0	7021;0	7210;7201;7202;7215				1	5	0	0	0	200;60000	200;30;7251;0				
414	72	191	19	1	0	0	0	7021;0	7101;7102;7110				1	5	0	0	0	200;60000	200;30;7251;0				
417	72	191	19	1	0	0	0	7021;0	7034;7410;7413;7401				1	5	0	0	0	200;60000	200;30;7251;0				
418	72	191	19	1	0	0	0	7021;0	7036;7458;7460;7461;7450;7451				1	5	0	0	0	200;60000	200;30;7251;0				
73	73	191	5	6	0	0	0	7107	7014				1	1	1	1	1	200;60000	200;60000	200;60000	200;60000	200;60000	
62	73	191	1	0	0	0	0	7111					2	0	0	0	0	200;20					
67	74	191	1	0	0	0	0	7465					2	0	0	0	0	200;20					
64	73	191	4	0	0	0	0	200					3	0	0	0	0	200;7113					
65	74	191	4	0	0	0	0	200					3	0	0	0	0	200;7213					
594	73	191	5	4	0	0	0	7107	200				3	0	0	0	0	200;7112					
596	74	191	5	4	0	0	0	7464	200				3	0	0	0	0	200;7212					
404	73	100000000	18	11	0	0	0	7400	1				1	0	0	0	0	363;30000					
405	73	100000000	5	1	11	0	0	7407	7004	0.20			1	0	0	0	0	362;1000					
406	73	100000000	1	3	0	0	0	7411	7411;1				2	0	0	0	0	362;1					
407	73	191	5	13	0	0	0	7404	7408				1	1	1	0	0	200;60000	200;60000	200;60000			
408	73	100000000	4	0	0	0	0	363					3	0	0	0	0	363;7412					
409	73	100000000	1	0	0	0	0	7400					2	0	0	0	0	363;6					
410	73	191	5	6	0	0	0	7107	7408				1	1	1	1	1	200;60000	200;60000	200;60000	200;60000	200;60000	
412	73	100000000	5	15	0	0	0	7114	435				1	5	0	0	0	435;600000;1	435;1;7117;0				
85	55	147	5	13	11	0	0	5307	5201;5203;5205;5208;5302;5303;5304;5305;5306;5308;5310;5328;5330;5331;5333;5320;5321/-1	0.25			1	5	0	0	0	206;60000	206;20;5312;20				
80	30	147	5	13	11	23	0	1356	1208;1209;1210;1203;1236;1211;1809;1353/-1	0.5	100		1	5	0	0	0	203;60000	203;50;1222;0				
86	30	147	5	13	11	23	12	1356	1027/-1	0.5	100	347	1	5	0	0	0	203;60000	203;50;1222;0				
88	30	147	5	1	0	0	0	1356	1223				2	0	0	0	0	203;50					
89	30	147	5	1	0	0	0	1800	1223				1	5	0	0	0	216;3500	216;1;1233;0				
101	0	133	1	11	0	0	0	95245	1				1	0	0	0	0	201;60000					
104	0	133	1	11	0	0	0	95248	1				2	0	0	0	0	201;1					
105	0	133	1	11	0	0	0	95249	1				2	0	0	0	0	201;1					
106	0	133	1	11	0	0	0	95250	1				1	0	0	0	0	201;60000					
111	49	109	5	1	11	0	0	4557	4415	1			1	0	0	0	0	101;60000					
112	49	109	5	1	11	0	0	4557	4552	1			1	0	0	0	0	101;60000					
115	0	133	1	11	0	0	0	77404	1				1	0	0	0	0	204;60000					
116	0	133	1	11	0	0	0	77408	1				1	0	0	0	0	204;60000					
117	0	133	1	11	0	0	0	77403	1				2	0	0	0	0	204;5					
120	0	133	1	11	0	0	0	77422	1				1	0	0	0	0	207;60000					
121	0	133	1	11	0	0	0	77423	1				1	0	0	0	0	207;60000					
122	0	133	1	11	0	0	0	77424	1				2	0	0	0	0	207;1					
123	0	133	1	11	0	0	0	77425	1				2	0	0	0	0	207;1					
124	0	133	1	11	0	0	0	77427	1				2	0	0	0	0	207;1					
150	75	147	1	11	0	0	0	7506	1				1	1	1	1	1	208;180000	208;180000	208;180000	208;180000	208;180000	
151	75	147	1	11	0	0	0	7506	1				1	1	1	1	1	208;180000	208;180000	208;180000	208;180000	208;180000	
152	75	147	16	0	0	0	0	208					2	0	0	0	0	208;1					
153	75	147	1	11	0	0	0	7530	1				2	0	0	0	0	208;1					
154	75	147	5	4	0	0	0	7515	208				3	0	0	0	0	208;7606					
155	75	147	5	17	0	0	0	7529	7501;7502;7503;7504;7505;7506;7507;7508;7509;7510;7511;7512;7513;40;7532				1	0	0	0	0	208;180000					
156	75	147	5	17	0	0	0	7529	7601;7602;7603;7604;7605;7608;7611;7612;7613;41				1	0	0	0	0	208;180000					
157	75	147	5	17	0	0	0	7529	7516;7519;7520;7530				1	0	0	0	0	208;180000					
158	75	147	1	11	0	0	0	7507	0				2	0	0	0	0	208;1					
160	75	147	15	0	0	0	0	208					1	1	1	1	1	208;60000	208;60000	208;60000	208;60000	208;60000	
161	75	147	1	11	0	0	0	7505	1				1	1	0	0	0	208;180000	208;180000				
162	75	147	1	11	0	0	0	7511	1				1	1	0	0	0	208;180000	208;180000				
163	75	147	1	11	0	0	0	7513	1				1	1	0	0	0	208;180000	208;180000				
278	29	147	5	13	0	0	0	1516	1234;1239;1220;1548				1	5	0	0	0	209;360000;1	209;1;1241;0				
201	29	147	5	13	0	0	0	1516	1237				1	5	0	0	0	209;360000;2	209;1;1241;0				
250	29	147	5	13	0	0	0	1516	1240				1	5	0	0	0	209;360000;3	209;1;1241;0				
203	29	147	5	13	0	0	0	1516	1242				1	5	0	0	0	209;360000;4	209;1;1241;0				
251	29	147	1	0	0	0	0	1523					2	0	0	0	0	209;20					
252	29	147	24	0	0	0	0	Skill_WindForce_2;Skill_WindForce_PVP_Siege_2					2	0	0	0	0	209;20					
200	29	207	5	24	13	12	0	1547	Skill_WindForce_1;Skill_WindForce_PVP_Siege_1	1523	347		1	0	0	0	0	217;360000;1					
202	29	207	5	24	13	12	0	1547	Skill_WindForce_2;Skill_WindForce_PVP_Siege_2	1523	347		1	0	0	0	0	217;360000;2					
204	29	208	5	24	0	0	0	1547	Skill_WindForce_1_bubble;Skill_WindForce_PVP_Siege_1_bubble				2	0	0	0	0	217;6					
205	29	208	5	24	0	0	0	1547	Skill_WindForce_2_bubble;Skill_WindForce_PVP_Siege_2_bubble				2	0	0	0	0	217;6					
206	29	100000000	5	15	0	0	0	1522	374				1	0	0	0	0	374;3000;1					
208	23	0	20	5	0	0	0	1000	307				1	0	0	0	0	224;60000					
209	23	0	5	4	0	0	0	307	224				3	0	0	0	0	224;311					
280	23	0	5	1	0	0	0	308	303				2	0	0	0	0	224;15					
210	9	147	13	0	0	0	0	7711					1	5	0	0	0	211;600000	211;3;7722;3;7711				
211	77	147	15	0	0	0	0	210					1	1	0	0	0	210;600000	210;600000				
212	77	147	19	15	0	0	0	7739;0	210				1	1	0	0	0	210;600000	210;600000				
213	77	147	19	15	0	0	0	7740;0	210				1	1	0	0	0	210;600000	210;600000				
214	77	147	19	15	0	0	0	7774;0	210				1	1	0	0	0	210;600000	210;600000				
215	77	147	19	15	0	0	0	7776;0	210				1	1	0	0	0	210;600000	210;600000				
216	77	147	5	0	0	0	0	7739					0	0	0	0	0						
217	77	147	5	0	0	0	0	7740					0	0	0	0	0						
221	77	147	5	6	0	0	0	7763	7856				1	1	1	0	0	210;600000	210;600000	210;600000			
222	77	0	1	0	0	0	0	7734					0	0	0	0	0						
223	77	147	5	6	0	0	0	7763	7852				1	1	1	0	0	210;600000	210;600000	210;600000			
224	77	147	5	1	0	0	0	7763	7736;7856				1	1	0	0	0	210;600000	210;600000				
225	77	147	5	1	0	0	0	7763	7723				1	1	0	0	0	210;600000	210;600000				
298	77	147	5	6	0	0	0	7763	7736				1	1	1	0	0	210;600000	210;600000	210;600000			
226	77	147	5	13	0	0	0	7753	7725				1	0	0	0	0	210;600000					
227	77	147	5	13	0	0	0	7753	7728				1	0	0	0	0	210;600000					
228	77	147	5	13	0	0	0	7753	7731				1	0	0	0	0	210;600000					
235	79	147	5	11	1	0	0	7759	1	7742			1	1	1	0	0	210;600000	210;600000	210;600000			
236	78	147	5	11	1	0	0	7769	1	7742			1	1	1	1	1	210;600000	210;600000	210;600000	210;600000	210;600000	
295	77	147	1	0	0	0	0	7725					1	0	0	0	0	210;600000					
296	77	147	1	0	0	0	0	7728					1	0	0	0	0	210;600000					
297	77	147	1	0	0	0	0	7731					1	0	0	0	0	210;600000					
220	79	147	5	1	0	0	0	7804	7726;7727;7732;7733;7760;7787				1	0	0	0	0	210;600000					
218	77	147	5	1	0	0	0	7739	7739				5	0	0	0	0	210;0;7775;0					
219	77	147	5	1	0	0	0	7740	7740				5	0	0	0	0	210;0;7777;0					
290	0	0	5	4	0	0	0	7739	210				3	0	0	0	0	210;7771					
299	0	0	5	4	0	0	0	7740	210				3	0	0	0	0	210;7771					
291	0	0	5	1	0	0	0	7739	7790;7791;7792				5	0	0	0	0	210;0;7775;20					
292	0	0	5	1	0	0	0	7740	7790;7791;7792				5	0	0	0	0	210;0;7777;20					
229	0	100000000	13	0	0	0	0	77434					1	0	0	0	0	220;60000					
230	0	100000000	13	0	0	0	0	77430					1	0	0	0	0	221;60000					
231	0	100000000	13	0	0	0	0	77431					1	0	0	0	0	222;60000					
232	0	100000000	13	0	0	0	0	77432					1	0	0	0	0	223;60000					
240	0	133	1	11	0	0	0	77454	1				1	0	0	0	0	231;60000					
241	0	133	1	11	0	0	0	77455	1				1	0	0	0	0	231;60000					
242	0	133	1	11	0	0	0	77456	1				1	0	0	0	0	231;60000					
243	0	133	1	11	0	0	0	77457	1				1	0	0	0	0	231;60000					
244	0	133	1	11	0	0	0	77458	1				2	0	0	0	0	231;1					
245	0	133	1	11	0	0	0	77459	1				2	0	0	0	0	231;5					
246	0	133	1	11	0	0	0	77461	1				2	0	0	0	0	231;1					
300	80	207	1	3	0	0	0	1621	227;1				2	0	0	0	0	227;10					
301	80	207	1	3	0	0	0	1621	228;1				2	0	0	0	0	228;10					
302	80	207	5	1	0	0	0	1620	1621				1	1	1	1	1	226;180000	226;180000	226;180000	226;180000	226;180000	
318	80	207	5	1	0	0	0	1620	1621				1	1	1	1	1	226;180000	226;180000	226;180000	226;180000	226;180000	
303	80	147	5	4	0	0	0	1620	226				3	0	0	0	0	226;1630					
304	80	208	1	3	0	0	0	1622	226;1				2	0	0	0	0	226;10					
305	80	208	1	3	0	0	0	1622	228;1				2	0	0	0	0	228;10					
306	80	208	5	1	0	0	0	1620	1622				1	1	1	1	1	227;180000	227;180000	227;180000	227;180000	227;180000	
319	80	208	5	1	0	0	0	1620	1622				1	1	1	1	1	227;180000	227;180000	227;180000	227;180000	227;180000	
307	80	147	5	4	0	0	0	1620	227				3	0	0	0	0	227;1631					
308	80	209	1	3	0	0	0	1623	226;1				2	0	0	0	0	226;10					
309	80	209	1	3	0	0	0	1623	227;1				2	0	0	0	0	227;10					
310	80	209	5	1	0	0	0	1620	1623				1	1	1	1	1	228;180000	228;180000	228;180000	228;180000	228;180000	
320	80	209	5	1	0	0	0	1620	1623				1	1	1	1	1	228;180000	228;180000	228;180000	228;180000	228;180000	
311	80	147	5	4	0	0	0	1620	228				3	0	0	0	0	228;1632					
312	80	0	5	1	0	0	0	1701	1701				1	1	1	1	1	230;30000	230;30000	230;30000	230;30000	230;30000	
313	80	0	5	1	0	0	0	1701	1701				1	1	1	1	1	230;30000	230;30000	230;30000	230;30000	230;30000	
314	80	0	5	1	0	0	0	1701	1701				1	1	1	1	1	230;30000	230;30000	230;30000	230;30000	230;30000	
315	80	0	5	1	0	0	0	1701	1701				1	1	1	1	1	230;30000	230;30000	230;30000	230;30000	230;30000	
316	80	0	5	15	0	0	0	1718	230				1	0	0	0	0	230;30000					
317	80	0	1	11	0	0	0	1716	1				2	0	0	0	0	230;7					
263	57	0	5	13	0	0	0	5607	5112				1	1	1	1	1	229;30000	229;30000	229;30000	229;30000	229;30000	
800	57	0	5	13	0	0	0	5507	5103;5104;5529;5530				1	1	0	0	0	229;30000	229;30000				
801	57	0	5	13	0	0	0	5507	5103;5104;5529;5530				1	1	5	5	0	229;30000	229;30000	229;10;5123;0	229;10;5528;10		
802	57	0	5	1	0	0	0	5525	5531				1	0	0	0	0	229;30000					
804	57	0	5	1	0	0	0	5607	5110				5	0	0	0	0	229;10;5124;10					
805	57	0	5	13	0	0	0	5607	5628				1	1	1	1	1	229;30000	229;30000	229;30000	229;30000	229;30000	
820	56	0	5	1	0	0	0	5424	5216				1	1	1	1	1	250;3000000	250;3000000	250;3000000	250;3000000	250;3000000	
821	56	0	5	1	0	0	0	5424	5216				1	1	1	1	1	250;3000000	250;3000000	250;3000000	250;3000000	250;3000000	
822	56	0	5	1	0	0	0	5424	5403				1	1	1	1	1	250;3000000	250;3000000	250;3000000	250;3000000	250;3000000	
823	56	0	5	1	0	0	0	5424	5403				1	1	1	1	1	250;3000000	250;3000000	250;3000000	250;3000000	250;3000000	
824	56	0	5	1	0	0	0	5421	5421				2	0	0	0	0	250;30					
825	56	0	5	4	0	0	0	5424	250				3	0	0	0	0	250;5431					
826	56	0	5	13	0	0	0	5426	5217;5406;5413;5432				1	1	1	1	1	250;3000000	250;3000000	250;3000000	250;3000000	250;3000000	
272	37	0	5	13	0	0	0	2650	2406;2420;2407;2510;2414;2657;2659/-1				1	0	0	0	0	232;400000;1					
273	37	0	19	16	0	0	0	2650;0	232				2	0	0	0	0	232;10					
274	37	0	5	22	0	0	0	2650	232				7	7	0	0	0	Skill_Beam_PVP_End;Skill_Beam_PVP_Loop/-1	Skill_Beam_PVP_End;Skill_Beam_PVP_UP/-1				
275	37	0	19	16	0	0	0	2662;0	232				2	0	0	0	0	232;16					
276	37	0	5	4	0	0	0	2650	232				3	0	0	0	0	232;2663					
279	37	0	5	1	0	0	0	2655	2658				2	0	0	0	0	232;20					
321	35	0	5	13	11	0	0	2599	2602	0.3			1	5	0	0	0	233;30000	233;0;2608;0				
322	35	0	5	13	11	0	0	2599	2207;2206	0.3			1	5	0	0	0	233;30000	233;0;2608;0				
323	35	0	5	1	11	0	0	2599	2600	1			2	0	0	0	0	233;1					
324	35	0	5	1	11	0	0	2599	2601	1			2	0	0	0	0	233;1					
325	35	0	5	4	0	0	0	2599	233				3	0	0	0	0	233;2604					
330	36	0	5	13	0	0	0	2801	2034;2203;2204;2209;2210;2211;2212;2216;2218;2611;2612;2812;2813/-1				1	0	0	0	0	234;60000					
331	36	0	5	1	0	0	0	2801	2801				2	0	0	0	0	234;15					
332	36	100000000	1	0	0	0	0	2351					5	0	0	0	0	373;0;2371;0					
333	36	100000000	5	1	0	0	0	2358	2351				5	0	0	0	0	373;0;2372;0					
334	36	100000000	19	15	0	0	0	2351;0	373				1	0	0	0	0	373;1500;1					
335	36	100000000	4	0	0	0	0	373					3	0	0	0	0	373;2373					
336	38	0	5	13	11	0	0	2757	2403;2404;2552;2554;2560;2759;2760;2762	0.05			1	0	0	0	0	400;30000					
338	38	0	5	4	0	0	0	2757	400				3	0	0	0	0	400;2768					
501	23	147	5	5	13	0	0	703	307	801			1	0	0	0	0	224;60000;10					
504	23	147	1	0	0	0	0	702					2	0	0	0	0	224;15					
512	24	147	5	1	0	0	0	357	821				1	0	0	0	0	235;50000;10					
513	24	147	5	1	0	0	0	357	823				1	0	0	0	0	235;50000;10					
514	24	147	5	1	0	0	0	357	203				1	0	0	0	0	235;50000;10					
515	24	147	5	1	0	0	0	357	824				1	0	0	0	0	235;50000;10					
524	24	147	5	4	0	0	0	357	235				3	0	0	0	0	235;362					
526	24	0	13	0	0	0	0	721/-1					1	5	0	0	0	238;100;1	238;1;363;1				
529	24	147	5	19	21	0	0	357	353;0	200			1	0	0	0	0	235;50000;2					
511	24	147	5	1	0	0	0	358	351				2	0	0	0	0	235;20					
98	25	147	5	13	0	0	0	741	741/-1				1	0	0	0	0	205;90000;2					
530	12	147	5	15	0	0	0	420	205				1	0	0	0	0	205;90000;1					
531	25	147	5	13	0	0	0	501	408				1	0	0	0	0	205;90000;5					
532	25	147	5	13	0	0	0	501	409				1	0	0	0	0	205;90000;5					
533	25	147	5	13	0	0	0	501	407				1	0	0	0	0	205;90000;5					
535	25	147	5	13	0	0	0	501	401				1	0	0	0	0	205;90000;5					
536	25	147	5	13	0	0	0	501	503				1	0	0	0	0	205;90000;5					
537	25	147	5	13	0	0	0	501	515				1	0	0	0	0	205;90000;5					
538	25	147	5	13	0	0	0	501	841				1	0	0	0	0	205;90000;5					
539	25	147	5	13	0	0	0	501	842				1	0	0	0	0	205;90000;5					
545	12	147	5	4	0	0	0	420	205				3	0	0	0	0	205;514					
546	12	147	1	0	0	0	0	414					1	0	0	0	0	205;90000;20					
507	25	147	1	0	0	0	0	517					2	0	0	0	0	205;30					
548	25	147	5	1	0	0	0	505	407				5	0	0	0	0	205;30;422;0					
547	12	147	1	0	0	0	0	423					2	0	0	0	0	205;30					
1260	12	100000000	1	0	0	0	0	413					2	0	0	0	0	205;10					
561	26	147	1	0	0	0	0	761					2	0	0	0	0	205;5					
564	0	0	0	0	0	0	0						0	0	0	0	0						
565	12	147	1	0	0	0	0	551					2	0	0	0	0	205;20					
566	26	147	1	0	0	0	0	862					2	0	0	0	0	205;20					
567	26	147	1	0	0	0	0	553					2	0	0	0	0	205;5					
568	26	147	1	0	0	0	0	861					2	0	0	0	0	205;5					
572	26	147	5	13	0	0	0	552	405				1	0	0	0	0	205;90000;5					
573	26	147	13	0	0	0	0	560					1	0	0	0	0	205;90000;5					
574	12	147	1	0	0	0	0	403					1	0	0	0	0	205;90000;10					
340	31	133	5	15	0	0	0	1531	237				1	0	0	0	0	237;60000;1					
341	31	133	5	13	0	0	0	1531	1533;1542				1	0	0	0	0	237;60000;5					
342	31	133	1	0	0	0	0	1541					2	0	0	0	0	237;50					
343	31	133	1	0	0	0	0	1515					2	0	0	0	0	237;30					
344	31	133	1	0	0	0	0	1576					2	0	0	0	0	237;50					
345	31	133	5	15	0	0	0	1534	237				5	0	0	0	0	237;100;1577;0					
346	31	133	5	13	0	0	0	1571	1579/-1				1	0	0	0	0	237;60000;1					
347	31	133	19	15	0	0	0	1578;0	237				1	0	0	0	0	237;60000;2					
348	31	133	1	3	0	0	0	1013;1035;1501	237;30				5	0	0	0	0	237;0;1588;0					
349	31	133	1	3	0	0	0	1013;1035;1501	237;50				5	0	0	0	0	237;0;1589;0					
370	32	133	5	15	0	0	0	1518	239				1	0	0	0	0	239;60000;2					
371	32	133	1	0	0	0	0	1517					2	0	0	0	0	239;50					
372	32	133	1	0	0	0	0	1574					2	0	0	0	0	239;50					
373	32	133	1	0	0	0	0	1580					2	0	0	0	0	239;50					
374	32	133	1	0	0	0	0	1581					2	0	0	0	0	239;50					
375	32	133	1	0	0	0	0	1582					2	0	0	0	0	239;50					
376	32	133	13	0	0	0	0	1538/-1					1	0	0	0	0	239;60000;1					
377	32	133	5	15	0	0	0	1539	239				5	0	0	0	0	239;100;1583;0					
378	32	133	5	19	15	0	0	1540	1551;0	239			1	0	0	0	0	239;60000;2					
379	32	133	1	3	0	0	0	1404;1408	239;50				5	0	0	0	0	239;0;1590;0					
350	32	209	0	0	0	0	0						0	0	0	0	0						
351	32	209	0	0	0	0	0						0	0	0	0	0						
352	32	133	5	13	0	0	0	1539	1408/-1				1	0	0	0	0	239;60000;1					
380	82	147	13	0	0	0	0	54					1	0	0	0	0	242;180000					
381	82	147	13	0	0	0	0	55					1	0	0	0	0	242;180000					
382	82	147	19	20	0	0	0	3802;0	100				1	0	0	0	0	242;180000					
383	82	147	19	20	0	0	0	3819;0	100				1	0	0	0	0	242;180000					
384	82	147	13	0	0	0	0	56					1	0	0	0	0	242;180000					
385	82	147	13	0	0	0	0	57					1	0	0	0	0	242;180000					
386	82	147	1	0	0	0	0	3804					2	0	0	0	0	242;30					
387	82	147	1	0	0	0	0	3826					2	0	0	0	0	242;30					
388	82	147	1	0	0	0	0	3808					1	1	1	1	1	242;180000	242;180000	242;180000	242;180000	242;180000	
389	82	147	1	0	0	0	0	3808					1	1	1	1	1	242;180000	242;180000	242;180000	242;180000	242;180000	
390	82	147	1	0	0	0	0	3808					1	1	1	1	1	242;180000	242;180000	242;180000	242;180000	242;180000	
391	82	147	1	0	0	0	0	3808					1	1	1	1	1	242;180000	242;180000	242;180000	242;180000	242;180000	
392	82	147	1	0	0	0	0	3808					1	1	1	1	1	242;180000	242;180000	242;180000	242;180000	242;180000	
393	82	147	1	0	0	0	0	3808					1	1	1	1	1	242;180000	242;180000	242;180000	242;180000	242;180000	
399	83	147	1	5	0	0	0	3808	3858				1	1	1	1	1	242;180000	242;180000	242;180000	242;180000	242;180000	
400	83	147	1	5	0	0	0	3808	3858				1	1	1	1	1	242;180000	242;180000	242;180000	242;180000	242;180000	
420	83	147	1	5	0	0	0	3808	3858				1	1	1	1	1	242;180000	242;180000	242;180000	242;180000	242;180000	
421	83	147	1	5	0	0	0	3808	3858				1	1	1	1	1	242;180000	242;180000	242;180000	242;180000	242;180000	
423	83	147	5	15	0	0	0	3809	242				1	0	0	0	0	242;180000					
424	83	82	15	0	0	0	0	246					1	0	0	0	0	246;5000					
425	83	82	5	4	0	0	0	3862	246				3	0	0	0	0	246;3863					
426	83	82	5	13	0	0	0	3862	3816/-1				2	0	0	0	0	246;20					
427	82	147	1	0	0	0	0	3827					2	0	0	0	0	242;15					
428	82	147	1	0	0	0	0	3828					2	0	0	0	0	242;15					
430	82	147	24	13	23	0	0	Skill_Devastation_1	3804/-1	100			2	0	0	0	0	242;30					
431	82	147	24	13	23	0	0	Skill_00_Devastation_1;Skill_00_Devastation_2	3826/-1	100			2	0	0	0	0	242;30					
432	83	147	1	5	0	0	0	3830	3865				1	1	1	1	1	242;180000	242;180000	242;180000	242;180000	242;180000	
433	83	147	1	5	0	0	0	3830	3865				1	1	1	1	1	242;180000	242;180000	242;180000	242;180000	242;180000	
434	83	147	1	5	0	0	0	3830	3865				1	1	1	1	1	242;180000	242;180000	242;180000	242;180000	242;180000	
435	83	147	1	5	0	0	0	3830	3865				1	1	1	1	1	242;180000	242;180000	242;180000	242;180000	242;180000	
436	83	147	1	0	0	0	0	3830					1	1	1	1	1	242;180000	242;180000	242;180000	242;180000	242;180000	
437	83	148	1	0	0	0	0	3830					1	1	1	1	1	242;180000	242;180000	242;180000	242;180000	242;180000	
438	83	149	1	0	0	0	0	3830					1	1	1	1	1	242;180000	242;180000	242;180000	242;180000	242;180000	
439	83	150	1	0	0	0	0	3830					1	1	1	1	1	242;180000	242;180000	242;180000	242;180000	242;180000	
440	83	151	1	0	0	0	0	3830					1	1	1	1	1	242;180000	242;180000	242;180000	242;180000	242;180000	
441	83	152	1	0	0	0	0	3830					1	1	1	1	1	242;180000	242;180000	242;180000	242;180000	242;180000	
450	84	147	13	5	11	0	0	3100;3101;3102;3103;3104;3135;3140/-1	3117	1			1	0	0	0	0	251;180000					
451	84	147	1	11	0	0	0	3117	1				2	0	0	0	0	251;11					
452	84	147	16	0	0	0	0	251					2	0	0	0	0	251;1					
453	84	209	5	13	11	0	0	3128	3112;3113;3114/-1	0.7			1	0	0	0	0	252;180000					
454	84	209	5	4	0	0	0	3128	252				3	0	0	0	0	252;3136					
455	84	147	15	0	0	0	0	251					1	1	1	1	1	251;180000	251;180000	251;180000	251;180000	251;180000	
456	84	209	16	0	0	0	0	252					2	0	0	0	0	252;1					
458	84	209	1	11	0	0	0	3135	1				2	0	0	0	0	252;3					
459	84	209	1	11	0	0	0	3140	1				2	0	0	0	0	252;3					
460	84	209	1	11	0	0	0	3141	1				2	0	0	0	0	252;3					
461	84	209	1	11	0	0	0	3142	1				2	0	0	0	0	252;3					
462	84	209	5	13	0	0	0	3122	3107				1	1	1	0	0	252;180000	252;180000	252;180000			
901	69	9000000	1	3	0	0	0	6710	300;1				2	0	0	0	0	300;1					
902	69	9000000	5	4	0	0	0	6709	300				3	0	0	0	0	300;6711					
950	63	124	5	6	0	0	0	6834	6834				1	0	0	0	0	302;6000					
951	63	124	5	4	0	0	0	6834	302				3	0	0	0	0	302;6843					
952	64	157	5	13	23	0	0	6423	6422/-1	10			1	0	0	0	0	303;90000					
953	64	157	1	24	0	0	0	6439;6440	Skill_Applause_EX_Attack_2;Skill_Punishment_EX_2				2	0	0	0	0	303;6					
962	64	157	5	4	0	0	0	6423	303				3	0	0	0	0	303;6441					
958	0	157	0	0	0	0	0						0	0	0	0	0						
1100	86	44	5	1	0	0	0	4108	4103				1	0	0	0	0	351;180000;1					
1101	86	44	1	0	0	0	0	4118					2	0	0	0	0	351;1					
1102	86	44	5	1	11	0	0	4107	4118	0.2			5	0	0	0	0	351;0;4120;0					
1103	86	147	5	20	11	0	0	4132	100	0.1			1	0	0	0	0	350;180000;1					
1104	86	147	5	13	0	0	0	4133	4100;4101;4102;4143;4106;4117				1	0	0	0	0	350;180000;1					
1105	86	147	0	0	0	0	0						0	0	0	0	0						
1106	86	147	19	16	0	0	0	4941;0	350				2	0	0	0	0	350;1					
1110	86	147	0	0	0	0	0						0	0	0	0	0						
1200	88	147	5	13	11	0	0	5800	5700;5702;5704;5706;5708;5711;5713;5801;5722	1			1	5	5	0	0	360;45000	360;10;5816;0	360;10;5818;0			
1201	88	147	5	4	0	0	0	5800	360				3	0	0	0	0	360;5817					
1202	88	209	5	1	11	0	0	5812	5712;5714	0.3			1	5	0	0	0	361;6000	361;1;5813;0				
1203	88	147	19	1	11	0	0	5721;0	5801	1			1	1	1	1	1	360;45000	360;45000	360;45000	360;45000	360;45000	
1204	88	147	16	0	0	0	0	360					2	0	0	0	0	360;10					
1256	90	100000000	5	13	0	0	0	6952	6910				5	0	0	0	0	364;0;6972;0					
1261	93	209	5	13	11	0	0	8000	7901;7902;7903;7904;7905;8104;8010/-1	0.1			1	0	0	0	0	376;60000					
1263	93	0	5	6	0	0	0	8102	8110				1	5	0	0	0	379;2000	379;1;8112;0				
1264	93	0	5	13	11	0	0	8108	7906;8101;8104	1			1	0	0	0	0	380;5000					
1265	93	0	3	13	11	0	0	380;1	7901;7902;7903;7904;7905;8104;8010;7011;8106;8107/-1	0.15			1	0	0	0	0	381;2500					
1266	93	0	4	0	0	0	0	381					3	0	0	0	0	381;8113					
1267	93	0	1	0	0	0	0	8109					2	0	0	0	0	381;1					
1268	93	209	19	1	0	0	0	8100;0	7901;7902;7903;7904;7905;8104				1	0	0	0	0	376;60000					
1269	93	209	0	0	0	0	0						0	0	0	0	0						
1270	93	147	1	11	0	0	0	8001	1				1	0	0	0	0	382;20000					
1271	93	147	4	0	0	0	0	382					3	0	0	0	0	382;8116					
1272	94	0	5	15	0	0	0	8200	377				1	0	0	0	0	377;60000					
1307	94	0	5	13	0	0	0	8200	7907;7908;7909;7911				1	0	0	0	0	377;60000					
1275	94	0	5	1	0	0	0	8200	8201				2	0	0	0	0	377;5					
1283	94	0	5	24	0	0	0	8200	Skill_Counterflare_EX_ComboL_Lv2				2	0	0	0	0	377;5					
1276	94	0	5	4	0	0	0	8200	377				3	0	0	0	0	377;8211					
1277	94	0	19	15	0	0	0	8300;0	377				1	0	0	0	0	377;60000;0					
1278	94	0	5	1	0	0	0	8207	7909				5	0	0	0	0	377;0;8213;0					
1281	94	0	5	24	1	23	0	8200	Skill_IronLance_EX_S2J_ComboL	7907	100		2	0	0	0	0	377;1					
1282	94	0	5	24	1	23	0	8200	Skill_IronLance_EX_S2J_ComboL_HeatUp	7907	100		2	0	0	0	0	377;2					
1492	94	0	5	24	1	23	0	8200	Skill_BangAndZunk_EX_S3J_ComboL	7908	100		2	0	0	0	0	377;1					
1493	94	0	5	24	1	23	0	8200	Skill_BangAndZunk_EX_S3J_ComboL_HeatUp	7908	100		2	0	0	0	0	377;2					
1305	94	0	5	24	1	23	0	8200	Skill_JusticeExecution_ComboL	8317	500		2	0	0	0	0	377;1					
1306	94	0	5	24	1	23	0	8200	Skill_JusticeExecution_ComboL_HeatUp	8317	500		2	0	0	0	0	377;2					
1285	96	208	5	13	11	23	12	10199	10101/-1	0.5	100	347	1	0	0	0	0	395;120000					
1286	96	208	5	13	11	23	12	10199	10251/-1	1	100	347	1	0	0	0	0	395;120000;1					
1287	96	208	5	13	11	23	12	10199	10103/-1	0.3	100	347	1	0	0	0	0	395;120000					
1288	96	208	5	13	11	23	12	10199	10250/-1	0.333	100	347	1	0	0	0	0	395;120000					
1289	96	208	5	13	11	23	12	10199	10102;10274/-1	0.5	100	347	1	0	0	0	0	395;120000					
1290	96	208	5	13	24	23	12	10199	10200/-1	Skill_Skipping_Attack;Skill_SkippingEX_Attack	100	347	1	0	0	0	0	395;120000;3					
1291	96	208	3	1	0	0	0	395;20	10201				2	0	0	0	0	395;20					
1292	96	207	26	0	0	0	0	1291					1	0	0	0	0	396;60000;2					
1293	96	207	5	1	23	0	0	10201	10273;10276	100			2	0	0	0	0	396;1					
1294	96	207	5	4	0	0	0	10201	396				3	0	0	0	0	396;10216					
1295	96	208	5	4	0	0	0	10199	395				3	0	0	0	0	395;10215					
1296	96	207	5	13	0	0	0	10255	10272				1	0	0	0	0	396;60000;2					
1297	96	100000000	5	1	0	0	0	10255	10272				1	0	0	0	0	399;30000;4					
1298	96	100000000	5	4	0	0	0	10255	399				3	0	0	0	0	399;10275					
1299	96	100000000	5	1	0	0	0	10255	10273;10276				2	0	0	0	0	399;1					
1300	95	100000000	5	1	0	0	0	10200	7706				1	0	0	0	0	398;3000;1					
1310	97	147	5	13	11	23	0	10309	10105;10106;10107;10108;10303;10370;10371/-1	0.3	1000		1	0	0	0	0	397;120000					
1311	97	147	5	1	0	0	0	10309	10373;10370				2	0	0	0	0	397;5					
1313	97	0	5	4	0	0	0	10309	397				3	0	0	0	0	397;10356					
1314	97	147	5	1	0	0	0	10352	10302				2	0	0	0	0	397;50					
1330	98	221	5	13	0	0	0	8400	8401;8402;8403;8404;8501;8502;8503;8504;8505;8506/-1				1	0	0	0	0	401;100000;1					
1331	98	221	5	13	0	0	0	8400	8403;8503/-1				1	0	0	0	0	401;100000;4					
1332	98	221	5	1	0	0	0	8400	8404;8504				1	0	0	0	0	401;100000;10					
1333	98	221	5	1	0	0	0	8405	8405;8508				1	0	0	0	0	401;100000;50					
1334	98	221	5	19	13	0	0	8400	8410;0	8401;8402;8403;8404;8501;8502;8503;8504;8505;8506/-1			1	0	0	0	0	401;100000;1					
1335	98	221	5	19	13	0	0	8400	8410;0	8403;8503/-1			1	0	0	0	0	401;100000;4					
1336	98	221	5	19	1	0	0	8400	8410;0	8404;8504			1	0	0	0	0	401;100000;10					
1337	98	221	19	15	0	0	0	8500;0	401				1	0	0	0	0	401;100000;4					
1338	99	221	5	6	0	0	0	8518	7014				1	0	0	0	0	401;100000;30					
1339	99	221	5	19	13	0	0	8400	8414;0	8401;8402;8403;8404;8501;8502;8503;8504;8505;8506/-1			1	0	0	0	0	401;100000;1					
1340	99	221	5	19	13	0	0	8400	8414;0	8403;8503/-1			1	0	0	0	0	401;100000;4					
1341	99	221	5	19	1	0	0	8400	8414;0	8404;8504			1	0	0	0	0	401;100000;10					
1347	99	221	5	1	0	0	0	8516	8405;8508				1	0	0	0	0	401;100000;50					
1350	48	100000000	5	1	0	0	0	7307	7304				1	0	0	0	0	419;1000;1					
1351	46	89	5	13	0	0	0	4220	30805;30806;30807;30808				1	0	0	0	0	418;90000					
1352	46	89	5	13	0	0	0	4616	30836;30837;30838;30839				1	0	0	0	0	418;90000;2					
1353	48	89	5	13	0	0	0	4356	261701;4772				1	0	0	0	0	418;90000;5					
1354	46	89	5	1	0	0	0	4220	4220;4815				2	0	0	0	0	418;70					
1355	48	89	5	13	0	0	0	4613	4814				1	0	0	0	0	418;90000;5					
1349	48	100000000	5	15	0	0	0	4362	435				1	5	0	0	0	435;600000;1	435;1;4367;0				
1356	44	209	5	1	0	0	0	3756	3401;3402;3408;3411;3425;3428;3553;3566;3751;3752;3757;3758;3763;3768				1	5	0	0	0	422;60000;1	422;15;3769;15				
1357	43	209	5	1	0	0	0	3718	3432				1	5	0	0	0	424;60000;1	424;30;3721;30				
1401	102	100000000	5	1	0	0	0	12135	12033				5	0	0	0	0	427;0;12139;0					
1402	102	243	5	13	0	0	0	12070	12030;12031;12032;12033;12072;12047;12143				1	0	0	0	0	427;120000;1					
1403	102	243	5	1	0	0	0	12070	12070				2	0	0	0	0	427;7					
1406	102	243	5	19	15	0	0	12137	12071;0	427			1	0	0	0	0	427;120000;1					
1407	102	243	5	1	0	0	0	12135	12138				1	0	0	0	0	427;120000;5					
1420	103	100000000	5	15	0	0	0	12100	428				1	0	0	0	0	428;120000;1					
1421	103	197	5	1	0	0	0	12102	12038				1	0	0	0	0	429;120000;2					
1422	103	197	5	1	0	0	0	12102	12117				1	0	0	0	0	429;120000;1					
1423	103	197	5	1	0	0	0	12102	12118				1	0	0	0	0	429;120000;1					
1424	103	197	5	1	0	0	0	12102	12102				2	0	0	0	0	429;10					
1425	103	197	5	1	0	0	0	12102	12039				1	0	0	0	0	429;120000;1					
1426	103	197	5	1	0	0	0	12102	12040				1	0	0	0	0	429;120000;1					
1427	103	197	5	1	0	0	0	12102	12150				1	0	0	0	0	429;120000;20					
1428	103	197	5	1	0	0	0	12102	12041;12163				1	0	0	0	0	429;120000;1					
1431	100	100000000	5	1	11	0	0	12050	12049	0.2			5	0	0	0	0	428;0;12115;0					
1501	79	209	5	13	0	0	0	10465	10419;10420;10424;10425;10422;10435;10485;10486;10502				1	0	0	0	0	431;90000;2					
1502	79	209	5	13	0	0	0	10465	10438/-1				1	0	0	0	0	431;90000;1					
1503	79	209	5	13	0	0	0	10464	10444;10452				1	0	0	0	0	431;90000;15					
1504	79	209	5	1	0	0	0	10465	10492;10494				2	0	0	0	0	431;15					
1505	79	209	1	3	0	0	0	10437	431;15				5	0	0	0	0	431;0;10495;0					
1506	79	209	5	19	15	0	0	10464	10497;0	431			1	0	0	0	0	431;90000;1					
1507	79	209	5	19	15	0	0	10464	10499;0	431			1	0	0	0	0	431;90000;1					
1508	78	209	5	6	0	0	0	10453	10426				1	5	0	0	0	432;10000;1	432;1;10505;1				
1509	78	209	5	1	0	0	0	10453	10428				1	5	0	0	0	432;10000;1	432;1;10505;1				
1510	78	209	5	1	0	0	0	10454	10423;10478				5	0	0	0	0	432;0;10506;0					
1521	36	209	5	1	0	0	0	2803	2800				1	0	0	0	0	434;20000;3					
1522	36	209	5	1	0	0	0	2803	2806				2	0	0	0	0	434;3					
1523	36	209	5	4	0	0	0	2803	434				3	0	0	0	0	434;2814					
