ROWID	_EquipType|INTEGER	_SkinName|INTEGER	_ActName|INTEGER	_AniName|INTEGER	_DecalName|INTEGER	_SimName|INTEGER	_Length|INTEGER	_Durability|INTEGER	_DurabilityRepairCoin|INTEGER	_Material1_Normal_Particle|INTEGER	_Material1_Critical_Particle|INTEGER	_Material1_Stun_Particle|INTEGER	_Material2_Normal_Particle|INTEGER	_Material2_Critical_Particle|INTEGER	_Material2_Stun_Particle|INTEGER	_Material3_Normal_Particle|INTEGER	_Material3_Critical_Particle|INTEGER	_Material3_Stun_Particle|INTEGER	_Defense_Particle|INTEGER	_Finish_Particle|INTEGER	_Material1_Normal_Sound|INTEGER	_Material2_Normal_Sound|INTEGER	_Material3_Normal_Sound|INTEGER	_Critical_Sound|INTEGER	_Stun_Sound|INTEGER	_Defense_Sound|INTEGER	_Finish_Sound|INTEGER	_Sound_Range|DOUBLE	_Sound_Rolloff|FLOAT	_EmptyDurabilitySound|INTEGER	_SetItemID|INTEGER	_SetEffect_ActName|INTEGER	_Grade_SetItem|BOOLEAN	_Material1_Normal_Action|INTEGER	_Material1_Critical_Action|INTEGER	_Material1_Stun_Action|INTEGER	_Material2_Normal_Action|INTEGER	_Material2_Critical_Action|INTEGER	_Material2_Stun_Action|INTEGER	_Material3_Normal_Action|INTEGER	_Material3_Critical_Action|INTEGER	_Material3_Stun_Action|INTEGER	_Defense_Action|INTEGER	_Finish_Action|INTEGER	_EquipTypeSub1|INTEGER	_SkinNameSub1|INTEGER	_ActNameSub1|INTEGER	_AniNameSub1|INTEGER	_SimNameSub1|INTEGER	_EquipTypeSub2|INTEGER	_SkinNameSub2|INTEGER	_ActNameSub2|INTEGER	_AniNameSub2|INTEGER	_SimNameSub2|INTEGER	_SetItemTextID|INTEGER	_Material4_Normal_Particle|INTEGER	_Material4_Critical_Particle|INTEGER	_Material4_Stun_Particle|INTEGER	_Material4_Normal_Sound|INTEGER	_Material4_Normal_Action|INTEGER	_Material4_Critical_Action|INTEGER	_Material4_Stun_Action|INTEGER	_OneType|BOOLEAN	_SetOverlap|BOOLEAN	_CloneParts|INTEGER	_CloneSetitemOn|INTEGER
1073917478	0	64408	10889	11084	0	0	0	0	1	736	10216	10215	10289	10289	10289	10293	10291	10293	10345	10290	10892	10893	10894	10217	10892	143	10892	20.0	0.3	10920	872416792	0	true	0	0	0	0	0	0	0	0	0	0	0	2	64408	10928	11084	0	3	64408	11068	11084	0	1000165333	10293	10291	10293	10895	0	0	0	false	false	0	0
1073917479	1	64409	10986	2567	0	0	0	0	1	736	10216	10215	10289	10289	10289	10293	10291	10293	10345	10290	10892	10893	10894	10217	10892	143	10892	20.0	0.3	10920	872416792	0	true	0	0	0	0	0	0	0	0	0	0	0	-1	0	0	0	0	-1	0	0	0	0	1000165333	10293	10291	10293	10895	0	0	0	false	false	0	0
1073917480	5	64410	9625	9587	0	0	0	0	1	736	10216	10215	10289	10289	10289	10293	10291	10293	10345	10290	10496	10496	10496	10217	10892	143	10892	20.0	0.3	10920	872416792	0	true	0	0	0	0	0	0	0	0	0	0	0	6	64410	9682	9707	0	4	64410	9749	9708	0	1000165333	10293	10291	10293	10496	0	0	0	false	false	0	0
1073917481	15	0	0	0	0	0	0	0	1	736	10216	10215	10289	10289	10289	10293	10291	10293	10345	10290	0	0	0	10217	10892	143	10892	20.0	0.3	10920	872416792	0	true	0	0	0	0	0	0	0	0	0	0	0	-1	0	0	0	0	-1	0	0	0	0	1000165333	10293	10291	10293	0	0	0	0	false	false	0	0
1073917482	7	64411	10864	0	0	0	0	0	1	736	10216	10215	10289	10289	10289	10293	10291	10293	10345	10290	10892	10893	10894	10217	10892	143	10892	20.0	0.3	10920	872416792	0	true	0	0	0	0	0	0	0	0	0	0	0	-1	0	0	0	0	-1	0	0	0	0	1000165333	10293	10291	10293	10895	0	0	0	false	false	0	0
1073917483	8	64412	10646	10665	0	0	0	0	1	736	10216	10215	10289	10289	10289	10293	10291	10293	10345	10290	10892	10893	10894	10217	10892	143	10892	20.0	0.3	10920	872416792	0	true	0	0	0	0	0	0	0	0	0	0	0	10	64412	10769	10667	0	9	64412	10711	10666	0	1000165333	10293	10291	10293	10895	0	0	0	false	false	0	0
1073917484	13	64413	10095	10096	0	0	0	0	1	736	10216	10215	10289	10289	10289	10293	10291	10293	10345	10290	10450	10451	10453	10217	10892	143	10892	20.0	0.3	10920	872416792	0	true	0	0	0	0	0	0	0	0	0	0	0	11	64413	9934	10096	0	12	64413	9918	10096	0	1000165333	10293	10291	10293	10454	0	0	0	false	false	0	0
1073917485	14	64414	9992	0	0	0	0	0	1	736	10216	10215	10289	10289	10289	10293	10291	10293	10345	10290	10450	10451	10453	10217	10892	143	10892	20.0	0.3	10920	872416792	0	true	0	0	0	0	0	0	0	0	0	0	0	-1	0	0	0	0	-1	0	0	0	0	1000165333	10293	10291	10293	10454	0	0	0	false	false	0	0
1073917486	17	64415	9442	9443	0	0	0	0	1	736	10216	10215	10289	10289	10289	10293	10291	10293	10345	10290	10450	10451	10453	10217	10892	143	10892	20.0	0.3	10920	872416792	0	true	0	0	0	0	0	0	0	0	0	0	0	16	64415	9503	9443	0	-1	0	0	0	0	1000165333	10293	10291	10293	10454	0	0	0	false	false	0	0
1073917487	18	64416	9339	9522	0	0	0	0	1	736	10216	10215	10289	10289	10289	10293	10291	10293	10345	10290	10450	10451	10453	10217	10892	143	10892	20.0	0.3	10920	872416792	0	true	0	0	0	0	0	0	0	0	0	0	0	-1	0	0	0	0	-1	0	0	0	0	1000165333	10293	10291	10293	10454	0	0	0	false	false	0	0
1073917488	20	64417	16328	18544	0	0	0	0	1	736	10216	10215	10289	10289	10289	10293	10292	10293	10345	10290	10450	10450	10453	10217	10892	143	10892	20.0	0.3	10920	872416792	0	true	0	0	0	0	0	0	0	0	0	0	0	19	64417	16327	18544	0	-1	0	0	0	0	1000165333	10293	10292	10293	10454	0	0	0	false	false	0	0
1073917489	21	64418	16329	0	0	0	0	0	1	736	10216	10215	10289	10289	10289	10293	10292	10293	10345	10290	10450	10450	10453	10217	10892	143	10892	20.0	0.3	10920	872416792	0	true	0	0	0	0	0	0	0	0	0	0	0	-1	0	0	0	0	-1	0	0	0	0	1000165333	10293	10292	10293	10454	0	0	0	false	false	0	0
1073917490	22	64419	21786	21788	0	0	0	0	1	736	10216	10215	10289	10289	10289	10293	10292	10293	10345	10290	10450	10450	10453	10217	10892	143	10892	20.0	0.3	10920	872416792	0	true	0	0	0	0	0	0	0	0	0	0	0	23	64419	23112	21788	0	-1	0	0	0	0	1000165333	10293	10292	10293	10454	0	0	0	false	false	0	0
1073917491	24	64420	21783	21785	0	0	0	0	1	736	10216	10215	10289	10289	10289	10293	10292	10293	10345	10290	10450	10450	10453	10217	10892	143	10892	20.0	0.3	10920	872416792	0	true	0	0	0	0	0	0	0	0	0	0	0	-1	0	0	0	0	-1	0	0	0	0	1000165333	10293	10292	10293	10454	0	0	0	false	false	0	0
1073917492	25	64421	29389	31052	0	0	0	0	1	736	10216	10215	10289	10289	10289	10293	10292	10293	10345	10290	10450	10450	10453	10217	10892	143	10892	20.0	0.3	10920	872416792	0	true	0	0	0	0	0	0	0	0	0	0	0	-1	0	0	0	0	-1	0	0	0	0	1000165333	10293	10292	10293	10454	0	0	0	false	false	0	0
1073917493	27	64422	32288	29369	0	0	0	0	1	736	10216	10215	10289	10289	10289	10293	10292	10293	10345	10290	10450	10450	10453	10217	10892	143	10892	20.0	0.3	10920	872416792	0	true	0	0	0	0	0	0	0	0	0	0	0	-1	0	0	0	0	-1	0	0	0	0	1000165333	10293	10292	10293	10454	0	0	0	false	false	0	0
1073917494	28	64423	37545	37728	0	0	0	0	1	736	10216	10215	10289	10289	10289	10293	10292	10293	10345	10290	10450	10450	10453	10217	10892	143	10892	20.0	0.3	10920	872416792	0	true	0	0	0	0	0	0	0	0	0	0	0	-1	0	0	0	0	-1	0	0	0	0	1000165333	10293	10292	10293	10454	0	0	0	false	false	0	0
1073917495	30	64424	37544	37728	0	0	0	0	1	736	10216	10215	10289	10289	10289	10293	10292	10293	10345	10290	10450	10450	10453	10217	10892	143	10892	20.0	0.3	10920	872416792	0	true	0	0	0	0	0	0	0	0	0	0	0	-1	0	0	0	0	-1	0	0	0	0	1000165333	10293	10292	10293	10454	0	0	0	false	false	0	0
1073917853	33	65011	63459	63067	0	0	0	0	1	736	10216	10215	10289	10289	10289	10293	10292	10293	10345	10290	10450	10450	10453	10217	10892	143	10892	20.0	0.3	10920	872416792	0	true	0	0	0	0	0	0	0	0	0	0	0	-1	0	0	0	0	-1	0	0	0	0	1000165333	10293	10292	10293	10454	0	0	0	false	false	0	0
1073917854	35	65012	63460	63423	0	0	0	0	1	736	10216	10215	10289	10289	10289	10293	10292	10293	10345	10290	10450	10450	10453	10217	10892	143	10892	20.0	0.3	10920	872416792	0	true	0	0	0	0	0	0	0	0	0	0	0	-1	0	0	0	0	-1	0	0	0	0	1000165333	10293	10292	10293	10454	0	0	0	false	false	0	0
1073914259	0	62275	10889	11084	0	0	0	0	1	736	10216	10215	10289	10289	10289	10293	10291	10293	10345	10290	10892	10893	10894	10217	10892	143	10892	20.0	0.3	10920	872416714	0	true	0	0	0	0	0	0	0	0	0	0	0	2	62275	10928	11084	0	3	62275	11068	11084	0	1000162906	10293	10291	10293	10895	0	0	0	false	false	0	0
1073914260	1	62276	10986	2567	0	0	0	0	1	736	10216	10215	10289	10289	10289	10293	10291	10293	10345	10290	10892	10893	10894	10217	10892	143	10892	20.0	0.3	10920	872416714	0	true	0	0	0	0	0	0	0	0	0	0	0	-1	0	0	0	0	-1	0	0	0	0	1000162906	10293	10291	10293	10895	0	0	0	false	false	0	0
1073914261	5	62277	9625	9587	0	0	0	0	1	736	10216	10215	10289	10289	10289	10293	10291	10293	10345	10290	10496	10496	10496	10217	10892	143	10892	20.0	0.3	10920	872416714	0	true	0	0	0	0	0	0	0	0	0	0	0	6	62277	9682	9707	0	4	62277	9749	9708	0	1000162906	10293	10291	10293	10496	0	0	0	false	false	0	0
1073914262	15	0	0	0	0	0	0	0	1	736	10216	10215	10289	10289	10289	10293	10291	10293	10345	10290	0	0	0	10217	10892	143	10892	20.0	0.3	10920	872416714	0	true	0	0	0	0	0	0	0	0	0	0	0	-1	0	0	0	0	-1	0	0	0	0	1000162906	10293	10291	10293	0	0	0	0	false	false	0	0
1073914263	7	62278	10864	0	0	0	0	0	1	736	10216	10215	10289	10289	10289	10293	10291	10293	10345	10290	10892	10893	10894	10217	10892	143	10892	20.0	0.3	10920	872416714	0	true	0	0	0	0	0	0	0	0	0	0	0	-1	0	0	0	0	-1	0	0	0	0	1000162906	10293	10291	10293	10895	0	0	0	false	false	0	0
1073914264	9	62279	10711	10712	0	0	0	0	1	736	10216	10215	10289	10289	10289	10293	10291	10293	10345	10290	10892	10893	10894	10217	10892	143	10892	20.0	0.3	10920	872416714	0	true	0	0	0	0	0	0	0	0	0	0	0	10	62279	10769	10841	0	8	62279	10646	10840	0	1000162906	10293	10291	10293	10895	0	0	0	false	false	0	0
1073914265	13	62280	10095	10096	0	0	0	0	1	736	10216	10215	10289	10289	10289	10293	10291	10293	10345	10290	10450	10451	10453	10217	10892	143	10892	20.0	0.3	10920	872416714	0	true	0	0	0	0	0	0	0	0	0	0	0	11	62280	9934	10096	0	12	62280	9918	10096	0	1000162906	10293	10291	10293	10454	0	0	0	false	false	0	0
1073914266	14	62281	9992	0	0	0	0	0	1	736	10216	10215	10289	10289	10289	10293	10291	10293	10345	10290	10450	10451	10453	10217	10892	143	10892	20.0	0.3	10920	872416714	0	true	0	0	0	0	0	0	0	0	0	0	0	-1	0	0	0	0	-1	0	0	0	0	1000162906	10293	10291	10293	10454	0	0	0	false	false	0	0
1073914267	17	62282	9442	9443	0	0	0	0	1	736	10216	10215	10289	10289	10289	10293	10291	10293	10345	10290	10450	10451	10453	10217	10892	143	10892	20.0	0.3	10920	872416714	0	true	0	0	0	0	0	0	0	0	0	0	0	16	62282	9503	9443	0	-1	0	0	0	0	1000162906	10293	10291	10293	10454	0	0	0	false	false	0	0
1073914268	18	62283	9339	9522	0	0	0	0	1	736	10216	10215	10289	10289	10289	10293	10291	10293	10345	10290	10450	10451	10453	10217	10892	143	10892	20.0	0.3	10920	872416714	0	true	0	0	0	0	0	0	0	0	0	0	0	-1	0	0	0	0	-1	0	0	0	0	1000162906	10293	10291	10293	10454	0	0	0	false	false	0	0
1073914269	20	62284	16328	18544	0	0	0	0	1	736	10216	10215	10289	10289	10289	10293	10292	10293	10345	10290	10450	10450	10453	10217	10892	143	10892	20.0	0.3	10920	872416714	0	true	0	0	0	0	0	0	0	0	0	0	0	19	62284	16327	18544	0	-1	0	0	0	0	1000162906	10293	10292	10293	10454	0	0	0	false	false	0	0
1073914270	21	62285	16329	0	0	0	0	0	1	736	10216	10215	10289	10289	10289	10293	10292	10293	10345	10290	10450	10450	10453	10217	10892	143	10892	20.0	0.3	10920	872416714	0	true	0	0	0	0	0	0	0	0	0	0	0	-1	0	0	0	0	-1	0	0	0	0	1000162906	10293	10292	10293	10454	0	0	0	false	false	0	0
1073914271	22	62431	21786	21788	0	0	0	0	1	736	10216	10215	10289	10289	10289	10293	10292	10293	10345	10290	10450	10450	10453	10217	10892	143	10892	20.0	0.3	10920	872416714	0	true	0	0	0	0	0	0	0	0	0	0	0	23	62431	23112	21788	0	-1	0	0	0	0	1000162906	10293	10292	10293	10454	0	0	0	false	false	0	0
1073914272	24	62432	21783	21785	0	0	0	0	1	736	10216	10215	10289	10289	10289	10293	10292	10293	10345	10290	10450	10450	10453	10217	10892	143	10892	20.0	0.3	10920	872416714	0	true	0	0	0	0	0	0	0	0	0	0	0	-1	0	0	0	0	-1	0	0	0	0	1000162906	10293	10292	10293	10454	0	0	0	false	false	0	0
1073914273	25	62286	29389	31052	0	0	0	0	1	736	10216	10215	10289	10289	10289	10293	10292	10293	10345	10290	10450	10450	10453	10217	10892	143	10892	20.0	0.3	10920	872416714	0	true	0	0	0	0	0	0	0	0	0	0	0	-1	0	0	0	0	-1	0	0	0	0	1000162906	10293	10292	10293	10454	0	0	0	false	false	0	0
1073914274	27	62287	32288	29369	0	0	0	0	1	736	10216	10215	10289	10289	10289	10293	10292	10293	10345	10290	10450	10450	10453	10217	10892	143	10892	20.0	0.3	10920	872416714	0	true	0	0	0	0	0	0	0	0	0	0	0	-1	0	0	0	0	-1	0	0	0	0	1000162906	10293	10292	10293	10454	0	0	0	false	false	0	0
1073914275	28	62433	37545	37728	0	0	0	0	1	736	10216	10215	10289	10289	10289	10293	10292	10293	10345	10290	10450	10450	10453	10217	10892	143	10892	20.0	0.3	10920	872416714	0	true	0	0	0	0	0	0	0	0	0	0	0	-1	0	0	0	0	-1	0	0	0	0	1000162906	10293	10292	10293	10454	0	0	0	false	false	0	0
1073914276	30	62434	37544	37728	0	0	0	0	1	736	10216	10215	10289	10289	10289	10293	10292	10293	10345	10290	10450	10450	10453	10217	10892	143	10892	20.0	0.3	10920	872416714	0	true	0	0	0	0	0	0	0	0	0	0	0	-1	0	0	0	0	-1	0	0	0	0	1000162906	10293	10292	10293	10454	0	0	0	false	false	0	0
1073916730	33	63960	63459	63067	0	0	0	0	1	736	10216	10215	10289	10289	10289	10293	10292	10293	10345	10290	10450	10450	10453	10217	10892	143	10892	20.0	0.3	10920	872416714	0	true	0	0	0	0	0	0	0	0	0	0	0	-1	0	0	0	0	-1	0	0	0	0	1000162906	10293	10292	10293	10454	0	0	0	false	false	0	0
1073916731	35	63961	63460	63423	0	0	0	0	1	736	10216	10215	10289	10289	10289	10293	10292	10293	10345	10290	10450	10450	10453	10217	10892	143	10892	20.0	0.3	10920	872416714	0	true	0	0	0	0	0	0	0	0	0	0	0	-1	0	0	0	0	-1	0	0	0	0	1000162906	10293	10292	10293	10454	0	0	0	false	false	0	0
1073916910	0	11101	10889	11084	0	0	0	0	1	736	10216	10215	10289	10289	10289	10293	10291	10293	10345	10290	10892	10893	10894	10217	10892	143	10892	20.0	0.3	10920	872416724	0	true	0	0	0	0	0	0	0	0	0	0	0	2	11101	10928	11084	0	3	11101	11068	11084	0	1000164780	10293	10291	10293	10895	0	0	0	false	false	0	0
1073916911	1	11002	10986	2567	0	0	0	0	1	736	10216	10215	10289	10289	10289	10293	10291	10293	10345	10290	10892	10893	10894	10217	10892	143	10892	20.0	0.3	10920	872416724	0	true	0	0	0	0	0	0	0	0	0	0	0	-1	0	0	0	0	-1	0	0	0	0	1000164780	10293	10291	10293	10895	0	0	0	false	false	0	0
1073916912	5	9619	9625	9587	0	0	0	0	1	736	10216	10215	10289	10289	10289	10293	10291	10293	10345	10290	10496	10496	10496	10217	10892	143	10892	20.0	0.3	10920	872416724	0	true	0	0	0	0	0	0	0	0	0	0	0	6	9619	9682	9707	0	4	9619	9749	9708	0	1000164780	10293	10291	10293	10496	0	0	0	false	false	0	0
1073916913	15	0	0	0	0	0	0	0	1	736	10216	10215	10289	10289	10289	10293	10291	10293	10345	10290	0	0	0	10217	10892	143	10892	20.0	0.3	10920	872416724	0	true	0	0	0	0	0	0	0	0	0	0	0	-1	0	0	0	0	-1	0	0	0	0	1000164780	10293	10291	10293	0	0	0	0	false	false	0	0
1073916914	7	10821	10864	0	0	0	0	0	1	736	10216	10215	10289	10289	10289	10293	10291	10293	10345	10290	10892	10893	10894	10217	10892	143	10892	20.0	0.3	10920	872416724	0	true	0	0	0	0	0	0	0	0	0	0	0	-1	0	0	0	0	-1	0	0	0	0	1000164780	10293	10291	10293	10895	0	0	0	false	false	0	0
1073916915	9	10687	10711	10712	0	0	0	0	1	736	10216	10215	10289	10289	10289	10293	10291	10293	10345	10290	10892	10893	10894	10217	10892	143	10892	20.0	0.3	10920	872416724	0	true	0	0	0	0	0	0	0	0	0	0	0	10	10687	10769	10841	0	8	10687	10646	10840	0	1000164780	10293	10291	10293	10895	0	0	0	false	false	0	0
1073916916	13	10183	10095	10096	0	0	0	0	1	736	10216	10215	10289	10289	10289	10293	10291	10293	10345	10290	10450	10451	10453	10217	10892	143	10892	20.0	0.3	10920	872416724	0	true	0	0	0	0	0	0	0	0	0	0	0	11	10183	9934	10096	0	12	10183	9918	10096	0	1000164780	10293	10291	10293	10454	0	0	0	false	false	0	0
1073916917	14	10068	9992	0	0	0	0	0	1	736	10216	10215	10289	10289	10289	10293	10291	10293	10345	10290	10450	10451	10453	10217	10892	143	10892	20.0	0.3	10920	872416724	0	true	0	0	0	0	0	0	0	0	0	0	0	-1	0	0	0	0	-1	0	0	0	0	1000164780	10293	10291	10293	10454	0	0	0	false	false	0	0
1073916918	17	9444	9442	9443	0	0	0	0	1	736	10216	10215	10289	10289	10289	10293	10291	10293	10345	10290	10450	10451	10453	10217	10892	143	10892	20.0	0.3	10920	872416724	0	true	0	0	0	0	0	0	0	0	0	0	0	16	9444	9503	9443	0	-1	0	0	0	0	1000164781	10293	10291	10293	10454	0	0	0	false	false	0	0
1073916919	18	9384	9339	9522	0	0	0	0	1	736	10216	10215	10289	10289	10289	10293	10291	10293	10345	10290	10450	10451	10453	10217	10892	143	10892	20.0	0.3	10920	872416724	0	true	0	0	0	0	0	0	0	0	0	0	0	-1	0	0	0	0	-1	0	0	0	0	1000164781	10293	10291	10293	10454	0	0	0	false	false	0	0
1073916920	20	16672	16328	18544	0	0	0	0	1	736	10216	10215	10289	10289	10289	10293	10292	10293	10345	10290	10450	10450	10453	10217	10892	143	10892	20.0	0.3	10920	872416724	0	true	0	0	0	0	0	0	0	0	0	0	0	19	16672	16327	18544	0	-1	0	0	0	0	1000164782	10293	10292	10293	10454	0	0	0	false	false	0	0
1073916921	21	16704	16329	0	0	0	0	0	1	736	10216	10215	10289	10289	10289	10293	10292	10293	10345	10290	10450	10450	10453	10217	10892	143	10892	20.0	0.3	10920	872416724	0	true	0	0	0	0	0	0	0	0	0	0	0	-1	0	0	0	0	-1	0	0	0	0	1000164782	10293	10292	10293	10454	0	0	0	false	false	0	0
1073916922	22	26026	21786	21788	0	0	0	0	1	736	10216	10215	10289	10289	10289	10293	10292	10293	10345	10290	10450	10450	10453	10217	10892	143	10892	20.0	0.3	10920	872416724	0	true	0	0	0	0	0	0	0	0	0	0	0	23	26026	23112	21788	0	-1	0	0	0	0	1000164780	10293	10292	10293	10454	0	0	0	false	false	0	0
1073916923	24	26025	21783	21785	0	0	0	0	1	736	10216	10215	10289	10289	10289	10293	10292	10293	10345	10290	10450	10450	10453	10217	10892	143	10892	20.0	0.3	10920	872416724	0	true	0	0	0	0	0	0	0	0	0	0	0	-1	0	0	0	0	-1	0	0	0	0	1000164780	10293	10292	10293	10454	0	0	0	false	false	0	0
1073916924	25	30468	29389	31052	0	0	0	0	1	736	10216	10215	10289	10289	10289	10293	10292	10293	10345	10290	10450	10450	10453	10217	10892	143	10892	20.0	0.3	10920	872416724	0	true	0	0	0	0	0	0	0	0	0	0	0	-1	0	0	0	0	-1	0	0	0	0	1000164783	10293	10292	10293	10454	0	0	0	false	false	0	0
1073916925	27	30796	32288	29369	0	0	0	0	1	736	10216	10215	10289	10289	10289	10293	10292	10293	10345	10290	10450	10450	10453	10217	10892	143	10892	20.0	0.3	10920	872416724	0	true	0	0	0	0	0	0	0	0	0	0	0	-1	0	0	0	0	-1	0	0	0	0	1000164783	10293	10292	10293	10454	0	0	0	false	false	0	0
1073916926	28	36931	37545	37728	0	0	0	0	1	736	10216	10215	10289	10289	10289	10293	10292	10293	10345	10290	10450	10450	10453	10217	10892	143	10892	20.0	0.3	10920	872416724	0	true	0	0	0	0	0	0	0	0	0	0	0	-1	0	0	0	0	-1	0	0	0	0	1000164784	10293	10292	10293	10454	0	0	0	false	false	0	0
1073916927	30	36930	37544	37728	0	0	0	0	1	736	10216	10215	10289	10289	10289	10293	10292	10293	10345	10290	10450	10450	10453	10217	10892	143	10892	20.0	0.3	10920	872416724	0	true	0	0	0	0	0	0	0	0	0	0	0	-1	0	0	0	0	-1	0	0	0	0	1000164784	10293	10292	10293	10454	0	0	0	false	false	0	0
1073916928	33	63184	63459	63067	0	0	0	0	1	736	10216	10215	10289	10289	10289	10293	10292	10293	10345	10290	10450	10450	10453	10217	10892	143	10892	20.0	0.3	10920	872416724	0	true	0	0	0	0	0	0	0	0	0	0	0	-1	0	0	0	0	-1	0	0	0	0	1000164785	10293	10292	10293	10454	0	0	0	false	false	0	0
1073916929	35	63732	63460	63423	0	0	0	0	1	736	10216	10215	10289	10289	10289	10293	10292	10293	10345	10290	10450	10450	10453	10217	10892	143	10892	20.0	0.3	10920	872416724	0	true	0	0	0	0	0	0	0	0	0	0	0	-1	0	0	0	0	-1	0	0	0	0	1000164785	10293	10292	10293	10454	0	0	0	false	false	0	0
1073914814	0	62709	62726	11084	0	0	0	0	1	736	10216	10215	10289	10289	10289	10293	10291	10293	10345	10290	10892	10893	10894	10217	10892	143	10892	20.0	0.3	10920	0	0	true	0	0	0	0	0	0	0	0	0	0	0	2	62709	62743	11084	0	3	62709	62750	11084	0	0	10293	10291	10293	10895	0	0	0	false	false	0	0
1073914815	1	62710	62727	2567	0	0	0	0	1	736	10216	10215	10289	10289	10289	10293	10291	10293	10345	10290	10892	10893	10894	10217	10892	143	10892	20.0	0.3	10920	0	0	true	0	0	0	0	0	0	0	0	0	0	0	-1	0	0	0	0	-1	0	0	0	0	0	10293	10291	10293	10895	0	0	0	false	false	0	0
1073914816	6	62711	62728	9643	0	0	0	0	1	736	10216	10215	10289	10289	10289	10293	10291	10293	10345	10290	10496	10496	10496	10217	10892	143	10892	20.0	0.3	10920	0	0	true	0	0	0	0	0	0	0	0	0	0	0	5	62711	62728	9766	0	4	62711	62728	9767	0	0	10293	10291	10293	10496	0	0	0	false	false	0	0
1073914817	15	0	0	0	0	0	0	0	1	736	10216	10215	10289	10289	10289	10293	10291	10293	10345	10290	0	0	0	10217	10892	143	10892	20.0	0.3	10920	0	0	true	0	0	0	0	0	0	0	0	0	0	0	-1	0	0	0	0	-1	0	0	0	0	0	10293	10291	10293	0	0	0	0	false	false	0	0
1073914818	7	62712	62729	0	0	0	0	0	1	736	10216	10215	10289	10289	10289	10293	10291	10293	10345	10290	10892	10893	10894	10217	10892	143	10892	20.0	0.3	10920	0	0	true	0	0	0	0	0	0	0	0	0	0	0	-1	0	0	0	0	-1	0	0	0	0	0	10293	10291	10293	10895	0	0	0	false	false	0	0
1073914819	10	62713	62730	10770	0	0	0	0	1	736	10216	10215	10289	10289	10289	10293	10291	10293	10345	10290	10892	10893	10894	10217	10892	143	10892	20.0	0.3	10920	0	0	true	0	0	0	0	0	0	0	0	0	0	0	8	62713	62745	10842	0	9	62713	62752	10843	0	0	10293	10291	10293	10895	0	0	0	false	false	0	0
1073914820	11	62714	62731	9935	0	0	0	0	1	736	10216	10215	10289	10289	10289	10293	10291	10293	10345	10290	10450	10451	10453	10217	10892	143	10892	20.0	0.3	10920	0	0	true	0	0	0	0	0	0	0	0	0	0	0	13	62714	62746	9935	0	12	62714	62753	9935	0	0	10293	10291	10293	10454	0	0	0	false	false	0	0
1073914821	14	62715	62732	0	0	0	0	0	1	736	10216	10215	10289	10289	10289	10293	10291	10293	10345	10290	10450	10451	10453	10217	10892	143	10892	20.0	0.3	10920	0	0	true	0	0	0	0	0	0	0	0	0	0	0	-1	0	0	0	0	-1	0	0	0	0	0	10293	10291	10293	10454	0	0	0	false	false	0	0
1073914822	17	62716	62733	9443	0	0	0	0	1	736	10216	10215	10289	10289	10289	10293	10291	10293	10345	10290	10450	10451	10453	10217	10892	143	10892	20.0	0.3	10920	0	0	true	0	0	0	0	0	0	0	0	0	0	0	16	62716	62747	9443	0	-1	0	0	0	0	0	10293	10291	10293	10454	0	0	0	false	false	0	0
1073914823	18	62717	62734	9522	0	0	0	0	1	736	10216	10215	10289	10289	10289	10293	10291	10293	10345	10290	10450	10451	10453	10217	10892	143	10892	20.0	0.3	10920	0	0	true	0	0	0	0	0	0	0	0	0	0	0	-1	0	0	0	0	-1	0	0	0	0	0	10293	10291	10293	10454	0	0	0	false	false	0	0
1073914824	19	62718	62735	18544	0	0	0	0	1	736	10216	10215	10289	10289	10289	10293	10292	10293	10345	10290	10450	10450	10453	10217	10892	143	10892	20.0	0.3	10920	0	0	true	0	0	0	0	0	0	0	0	0	0	0	20	62718	62748	18544	0	-1	0	0	0	0	0	10293	10292	10293	10454	0	0	0	false	false	0	0
1073914825	21	62719	62736	0	0	0	0	0	1	736	10216	10215	10289	10289	10289	10293	10292	10293	10345	10290	10450	10450	10453	10217	10892	143	10892	20.0	0.3	10920	0	0	true	0	0	0	0	0	0	0	0	0	0	0	-1	0	0	0	0	-1	0	0	0	0	0	10293	10292	10293	10454	0	0	0	false	false	0	0
1073914826	23	62720	62737	21788	0	0	0	0	1	736	10216	10215	10289	10289	10289	10293	10292	10293	10345	10290	10450	10450	10453	10217	10892	143	10892	20.0	0.3	10920	0	0	true	0	0	0	0	0	0	0	0	0	0	0	22	62720	62749	21788	0	-1	0	0	0	0	0	10293	10292	10293	10454	0	0	0	false	false	0	0
1073914827	24	62721	62738	21785	0	0	0	0	1	736	10216	10215	10289	10289	10289	10293	10292	10293	10345	10290	10450	10450	10453	10217	10892	143	10892	20.0	0.3	10920	0	0	true	0	0	0	0	0	0	0	0	0	0	0	-1	0	0	0	0	-1	0	0	0	0	0	10293	10292	10293	10454	0	0	0	false	false	0	0
1073914828	25	62722	62739	31052	0	0	0	0	1	736	10216	10215	10289	10289	10289	10293	10292	10293	10345	10290	10450	10450	10453	10217	10892	143	10892	20.0	0.3	10920	0	0	true	0	0	0	0	0	0	0	0	0	0	0	-1	0	0	0	0	-1	0	0	0	0	0	10293	10292	10293	10454	0	0	0	false	false	0	0
1073914829	27	62723	62740	29369	0	0	0	0	1	736	10216	10215	10289	10289	10289	10293	10292	10293	10345	10290	10450	10450	10453	10217	10892	143	10892	20.0	0.3	10920	0	0	true	0	0	0	0	0	0	0	0	0	0	0	-1	0	0	0	0	-1	0	0	0	0	0	10293	10292	10293	10454	0	0	0	false	false	0	0
1073914830	28	62724	62741	37728	0	0	0	0	1	736	10216	10215	10289	10289	10289	10293	10292	10293	10345	10290	10450	10450	10453	10217	10892	143	10892	20.0	0.3	10920	0	0	true	0	0	0	0	0	0	0	0	0	0	0	-1	0	0	0	0	-1	0	0	0	0	0	10293	10292	10293	10454	0	0	0	false	false	0	0
1073914831	30	62725	62742	37728	0	0	0	0	1	736	10216	10215	10289	10289	10289	10293	10292	10293	10345	10290	10450	10450	10453	10217	10892	143	10892	20.0	0.3	10920	0	0	true	0	0	0	0	0	0	0	0	0	0	0	-1	0	0	0	0	-1	0	0	0	0	0	10293	10292	10293	10454	0	0	0	false	false	0	0
1073926318	33	70287	70289	63067	0	0	0	0	1	736	10216	10215	10289	10289	10289	10293	10292	10293	10345	10290	10450	10450	10453	10217	10892	143	10892	20.0	0.3	10920	0	0	true	0	0	0	0	0	0	0	0	0	0	0	-1	0	0	0	0	-1	0	0	0	0	0	10293	10292	10293	10454	0	0	0	false	false	0	0
1073926319	35	70288	70290	63423	0	0	0	0	1	736	10216	10215	10289	10289	10289	10293	10292	10293	10345	10290	10450	10450	10453	10217	10892	143	10892	20.0	0.3	10920	0	0	true	0	0	0	0	0	0	0	0	0	0	0	-1	0	0	0	0	-1	0	0	0	0	0	10293	10292	10293	10454	0	0	0	false	false	0	0
1073915525	0	21740	10889	11084	0	0	0	0	1	736	10216	10215	10289	10289	10289	10293	10291	10293	10345	10290	10892	10893	10894	10217	10892	143	10892	20.0	0.3	10920	872416694	0	true	0	0	0	0	0	0	0	0	0	0	0	2	21740	10928	11084	0	3	21740	11068	11084	0	1000162119	10293	10291	10293	10895	0	0	0	false	false	0	0
1073915526	1	21741	10986	2567	0	0	0	0	1	736	10216	10215	10289	10289	10289	10293	10291	10293	10345	10290	10892	10893	10894	10217	10892	143	10892	20.0	0.3	10920	872416694	0	true	0	0	0	0	0	0	0	0	0	0	0	-1	0	0	0	0	-1	0	0	0	0	1000162119	10293	10291	10293	10895	0	0	0	false	false	0	0
1073915527	5	21711	9625	9587	0	0	0	0	1	736	10216	10215	10289	10289	10289	10293	10291	10293	10345	10290	10496	10496	10496	10217	10892	143	10892	20.0	0.3	10920	872416694	0	true	0	0	0	0	0	0	0	0	0	0	0	6	21711	9682	9707	0	4	21711	9749	9708	0	1000162119	10293	10291	10293	10496	0	0	0	false	false	0	0
1073915528	15	0	0	0	0	0	0	0	1	736	10216	10215	10289	10289	10289	10293	10291	10293	10345	10290	0	0	0	10217	10892	143	10892	20.0	0.3	10920	872416694	0	true	0	0	0	0	0	0	0	0	0	0	0	-1	0	0	0	0	-1	0	0	0	0	1000162119	10293	10291	10293	0	0	0	0	false	false	0	0
1073915529	7	21754	10864	0	0	0	0	0	1	736	10216	10215	10289	10289	10289	10293	10291	10293	10345	10290	10892	10893	10894	10217	10892	143	10892	20.0	0.3	10920	872416694	0	true	0	0	0	0	0	0	0	0	0	0	0	-1	0	0	0	0	-1	0	0	0	0	1000162119	10293	10291	10293	10895	0	0	0	false	false	0	0
1073915530	10	21812	10769	10770	0	0	0	0	1	736	10216	10215	10289	10289	10289	10293	10291	10293	10345	10290	10892	10893	10894	10217	10892	143	10892	20.0	0.3	10920	872416694	0	true	0	0	0	0	0	0	0	0	0	0	0	8	21812	10646	10842	0	9	21812	10711	10843	0	1000162119	10293	10291	10293	10895	0	0	0	false	false	0	0
1073915531	11	21849	9934	9935	0	0	0	0	1	736	10216	10215	10289	10289	10289	10293	10291	10293	10345	10290	10450	10451	10453	10217	10892	143	10892	20.0	0.3	10920	872416694	0	true	0	0	0	0	0	0	0	0	0	0	0	13	21849	10095	9935	0	12	21849	9918	9935	0	1000162119	10293	10291	10293	10454	0	0	0	false	false	0	0
1073915532	14	21715	9992	0	0	0	0	0	1	736	10216	10215	10289	10289	10289	10293	10291	10293	10345	10290	10450	10451	10453	10217	10892	143	10892	20.0	0.3	10920	872416694	0	true	0	0	0	0	0	0	0	0	0	0	0	-1	0	0	0	0	-1	0	0	0	0	1000162119	10293	10291	10293	10454	0	0	0	false	false	0	0
1073915533	16	21716	9503	9504	0	0	0	0	1	736	10216	10215	10289	10289	10289	10293	10291	10293	10345	10290	10450	10451	10453	10217	10892	143	10892	20.0	0.3	10920	872416694	0	true	0	0	0	0	0	0	0	0	0	0	0	17	21716	9442	9504	0	-1	0	0	0	0	1000162119	10293	10291	10293	10454	0	0	0	false	false	0	0
1073915534	18	21717	9339	9522	0	0	0	0	1	736	10216	10215	10289	10289	10289	10293	10291	10293	10345	10290	10450	10451	10453	10217	10892	143	10892	20.0	0.3	10920	872416694	0	true	0	0	0	0	0	0	0	0	0	0	0	-1	0	0	0	0	-1	0	0	0	0	1000162119	10293	10291	10293	10454	0	0	0	false	false	0	0
1073915535	19	21749	16327	18544	0	0	0	0	1	736	10216	10215	10289	10289	10289	10293	10292	10293	10345	10290	10450	10450	10453	10217	10892	143	10892	20.0	0.3	10920	872416694	0	true	0	0	0	0	0	0	0	0	0	0	0	20	21749	16328	18544	0	-1	0	0	0	0	1000162119	10293	10292	10293	10454	0	0	0	false	false	0	0
1073915536	21	21750	16329	0	0	0	0	0	1	736	10216	10215	10289	10289	10289	10293	10292	10293	10345	10290	10450	10450	10453	10217	10892	143	10892	20.0	0.3	10920	872416694	0	true	0	0	0	0	0	0	0	0	0	0	0	-1	0	0	0	0	-1	0	0	0	0	1000162119	10293	10292	10293	10454	0	0	0	false	false	0	0
1073915537	22	29703	21786	21788	0	0	0	0	1	736	10216	10215	10289	10289	10289	10293	10292	10293	10345	10290	10450	10450	10453	10217	10892	143	10892	20.0	0.3	10920	872416694	0	true	0	0	0	0	0	0	0	0	0	0	0	23	29703	23112	21788	0	-1	0	0	0	0	1000162119	10293	10292	10293	10454	0	0	0	false	false	0	0
1073915538	24	29700	21783	21785	0	0	0	0	1	736	10216	10215	10289	10289	10289	10293	10292	10293	10345	10290	10450	10450	10453	10217	10892	143	10892	20.0	0.3	10920	872416694	0	true	0	0	0	0	0	0	0	0	0	0	0	-1	0	0	0	0	-1	0	0	0	0	1000162119	10293	10292	10293	10454	0	0	0	false	false	0	0
1073915539	25	56799	29389	31052	0	0	0	0	1	736	10216	10215	10289	10289	10289	10293	10292	10293	10345	10290	10450	10450	10453	10217	10892	143	10892	20.0	0.3	10920	872416694	0	true	0	0	0	0	0	0	0	0	0	0	0	-1	0	0	0	0	-1	0	0	0	0	1000162119	10293	10292	10293	10454	0	0	0	false	false	0	0
1073915540	27	56802	32288	29369	0	0	0	0	1	736	10216	10215	10289	10289	10289	10293	10292	10293	10345	10290	10450	10450	10453	10217	10892	143	10892	20.0	0.3	10920	872416694	0	true	0	0	0	0	0	0	0	0	0	0	0	-1	0	0	0	0	-1	0	0	0	0	1000162119	10293	10292	10293	10454	0	0	0	false	false	0	0
1073915541	28	56849	37545	37728	0	0	0	0	1	736	10216	10215	10289	10289	10289	10293	10292	10293	10345	10290	10450	10450	10453	10217	10892	143	10892	20.0	0.3	10920	872416694	0	true	0	0	0	0	0	0	0	0	0	0	0	-1	0	0	0	0	-1	0	0	0	0	1000162119	10293	10292	10293	10454	0	0	0	false	false	0	0
1073915542	30	56850	37544	37728	0	0	0	0	1	736	10216	10215	10289	10289	10289	10293	10292	10293	10345	10290	10450	10450	10453	10217	10892	143	10892	20.0	0.3	10920	872416694	0	true	0	0	0	0	0	0	0	0	0	0	0	-1	0	0	0	0	-1	0	0	0	0	1000162119	10293	10292	10293	10454	0	0	0	false	false	0	0
1073915543	0	21709	10889	11084	0	0	0	0	1	736	10216	10215	10289	10289	10289	10293	10291	10293	10345	10290	10892	10893	10894	10217	10892	143	10892	20.0	0.3	10920	872416694	0	true	0	0	0	0	0	0	0	0	0	0	0	2	21709	10928	11084	0	3	21709	11068	11084	0	1000162119	10293	10291	10293	10895	0	0	0	false	false	0	0
1073915544	1	21710	10986	2567	0	0	0	0	1	736	10216	10215	10289	10289	10289	10293	10291	10293	10345	10290	10892	10893	10894	10217	10892	143	10892	20.0	0.3	10920	872416694	0	true	0	0	0	0	0	0	0	0	0	0	0	-1	0	0	0	0	-1	0	0	0	0	1000162119	10293	10291	10293	10895	0	0	0	false	false	0	0
1073915545	5	21711	9625	9587	0	0	0	0	1	736	10216	10215	10289	10289	10289	10293	10291	10293	10345	10290	10496	10496	10496	10217	10892	143	10892	20.0	0.3	10920	872416694	0	true	0	0	0	0	0	0	0	0	0	0	0	6	21711	9682	9707	0	4	21711	9749	9708	0	1000162119	10293	10291	10293	10496	0	0	0	false	false	0	0
1073915546	15	0	0	0	0	0	0	0	1	736	10216	10215	10289	10289	10289	10293	10291	10293	10345	10290	0	0	0	10217	10892	143	10892	20.0	0.3	10920	872416694	0	true	0	0	0	0	0	0	0	0	0	0	0	-1	0	0	0	0	-1	0	0	0	0	1000162119	10293	10291	10293	0	0	0	0	false	false	0	0
1073915547	7	21743	10864	0	0	0	0	0	1	736	10216	10215	10289	10289	10289	10293	10291	10293	10345	10290	10892	10893	10894	10217	10892	143	10892	20.0	0.3	10920	872416694	0	true	0	0	0	0	0	0	0	0	0	0	0	-1	0	0	0	0	-1	0	0	0	0	1000162119	10293	10291	10293	10895	0	0	0	false	false	0	0
1073915548	10	21813	10769	10770	0	0	0	0	1	736	10216	10215	10289	10289	10289	10293	10291	10293	10345	10290	10892	10893	10894	10217	10892	143	10892	20.0	0.3	10920	872416694	0	true	0	0	0	0	0	0	0	0	0	0	0	8	21813	10646	10842	0	9	21813	10711	10843	0	1000162119	10293	10291	10293	10895	0	0	0	false	false	0	0
1073915549	11	21851	9934	9935	0	0	0	0	1	736	10216	10215	10289	10289	10289	10293	10291	10293	10345	10290	10450	10451	10453	10217	10892	143	10892	20.0	0.3	10920	872416694	0	true	0	0	0	0	0	0	0	0	0	0	0	13	21851	10095	9935	0	12	21851	9918	9935	0	1000162119	10293	10291	10293	10454	0	0	0	false	false	0	0
1073915550	14	21746	9992	0	0	0	0	0	1	736	10216	10215	10289	10289	10289	10293	10291	10293	10345	10290	10450	10451	10453	10217	10892	143	10892	20.0	0.3	10920	872416694	0	true	0	0	0	0	0	0	0	0	0	0	0	-1	0	0	0	0	-1	0	0	0	0	1000162119	10293	10291	10293	10454	0	0	0	false	false	0	0
1073915551	16	21758	9503	9504	0	0	0	0	1	736	10216	10215	10289	10289	10289	10293	10291	10293	10345	10290	10450	10451	10453	10217	10892	143	10892	20.0	0.3	10920	872416694	0	true	0	0	0	0	0	0	0	0	0	0	0	17	21758	9442	9504	0	-1	0	0	0	0	1000162119	10293	10291	10293	10454	0	0	0	false	false	0	0
1073915552	18	21748	9339	9522	0	0	0	0	1	736	10216	10215	10289	10289	10289	10293	10291	10293	10345	10290	10450	10451	10453	10217	10892	143	10892	20.0	0.3	10920	872416694	0	true	0	0	0	0	0	0	0	0	0	0	0	-1	0	0	0	0	-1	0	0	0	0	1000162119	10293	10291	10293	10454	0	0	0	false	false	0	0
1073915553	19	21718	16327	18544	0	0	0	0	1	736	10216	10215	10289	10289	10289	10293	10292	10293	10345	10290	10450	10450	10453	10217	10892	143	10892	20.0	0.3	10920	872416694	0	true	0	0	0	0	0	0	0	0	0	0	0	20	21718	16328	18544	0	-1	0	0	0	0	1000162119	10293	10292	10293	10454	0	0	0	false	false	0	0
1073915554	21	21719	16329	0	0	0	0	0	1	736	10216	10215	10289	10289	10289	10293	10292	10293	10345	10290	10450	10450	10453	10217	10892	143	10892	20.0	0.3	10920	872416694	0	true	0	0	0	0	0	0	0	0	0	0	0	-1	0	0	0	0	-1	0	0	0	0	1000162119	10293	10292	10293	10454	0	0	0	false	false	0	0
1073915555	22	29704	21786	21788	0	0	0	0	1	736	10216	10215	10289	10289	10289	10293	10292	10293	10345	10290	10450	10450	10453	10217	10892	143	10892	20.0	0.3	10920	872416694	0	true	0	0	0	0	0	0	0	0	0	0	0	23	29704	23112	21788	0	-1	0	0	0	0	1000162119	10293	10292	10293	10454	0	0	0	false	false	0	0
1073915556	24	29701	21783	21785	0	0	0	0	1	736	10216	10215	10289	10289	10289	10293	10292	10293	10345	10290	10450	10450	10453	10217	10892	143	10892	20.0	0.3	10920	872416694	0	true	0	0	0	0	0	0	0	0	0	0	0	-1	0	0	0	0	-1	0	0	0	0	1000162119	10293	10292	10293	10454	0	0	0	false	false	0	0
1073915557	25	56800	29389	31052	0	0	0	0	1	736	10216	10215	10289	10289	10289	10293	10292	10293	10345	10290	10450	10450	10453	10217	10892	143	10892	20.0	0.3	10920	872416694	0	true	0	0	0	0	0	0	0	0	0	0	0	-1	0	0	0	0	-1	0	0	0	0	1000162119	10293	10292	10293	10454	0	0	0	false	false	0	0
1073915558	27	56803	32288	29369	0	0	0	0	1	736	10216	10215	10289	10289	10289	10293	10292	10293	10345	10290	10450	10450	10453	10217	10892	143	10892	20.0	0.3	10920	872416694	0	true	0	0	0	0	0	0	0	0	0	0	0	-1	0	0	0	0	-1	0	0	0	0	1000162119	10293	10292	10293	10454	0	0	0	false	false	0	0
1073915559	28	56854	37545	37728	0	0	0	0	1	736	10216	10215	10289	10289	10289	10293	10292	10293	10345	10290	10450	10450	10453	10217	10892	143	10892	20.0	0.3	10920	872416694	0	true	0	0	0	0	0	0	0	0	0	0	0	-1	0	0	0	0	-1	0	0	0	0	1000162119	10293	10292	10293	10454	0	0	0	false	false	0	0
1073915560	30	56855	37544	37728	0	0	0	0	1	736	10216	10215	10289	10289	10289	10293	10292	10293	10345	10290	10450	10450	10453	10217	10892	143	10892	20.0	0.3	10920	872416694	0	true	0	0	0	0	0	0	0	0	0	0	0	-1	0	0	0	0	-1	0	0	0	0	1000162119	10293	10292	10293	10454	0	0	0	false	false	0	0
1073915561	0	21751	10889	11084	0	0	0	0	1	736	10216	10215	10289	10289	10289	10293	10291	10293	10345	10290	10892	10893	10894	10217	10892	143	10892	20.0	0.3	10920	872416694	0	true	0	0	0	0	0	0	0	0	0	0	0	2	21751	10928	11084	0	3	21751	11068	11084	0	1000162119	10293	10291	10293	10895	0	0	0	false	false	0	0
1073915562	1	21752	10986	2567	0	0	0	0	1	736	10216	10215	10289	10289	10289	10293	10291	10293	10345	10290	10892	10893	10894	10217	10892	143	10892	20.0	0.3	10920	872416694	0	true	0	0	0	0	0	0	0	0	0	0	0	-1	0	0	0	0	-1	0	0	0	0	1000162119	10293	10291	10293	10895	0	0	0	false	false	0	0
1073915563	5	21742	9625	9587	0	0	0	0	1	736	10216	10215	10289	10289	10289	10293	10291	10293	10345	10290	10496	10496	10496	10217	10892	143	10892	20.0	0.3	10920	872416694	0	true	0	0	0	0	0	0	0	0	0	0	0	6	21742	9682	9707	0	4	21742	9749	9708	0	1000162119	10293	10291	10293	10496	0	0	0	false	false	0	0
1073915564	15	0	0	0	0	0	0	0	1	736	10216	10215	10289	10289	10289	10293	10291	10293	10345	10290	0	0	0	10217	10892	143	10892	20.0	0.3	10920	872416694	0	true	0	0	0	0	0	0	0	0	0	0	0	-1	0	0	0	0	-1	0	0	0	0	1000162119	10293	10291	10293	0	0	0	0	false	false	0	0
1073915565	7	21712	10864	0	0	0	0	0	1	736	10216	10215	10289	10289	10289	10293	10291	10293	10345	10290	10892	10893	10894	10217	10892	143	10892	20.0	0.3	10920	872416694	0	true	0	0	0	0	0	0	0	0	0	0	0	-1	0	0	0	0	-1	0	0	0	0	1000162119	10293	10291	10293	10895	0	0	0	false	false	0	0
1073915566	10	21811	10769	10770	0	0	0	0	1	736	10216	10215	10289	10289	10289	10293	10291	10293	10345	10290	10892	10893	10894	10217	10892	143	10892	20.0	0.3	10920	872416694	0	true	0	0	0	0	0	0	0	0	0	0	0	8	21811	10646	10842	0	9	21811	10711	10843	0	1000162119	10293	10291	10293	10895	0	0	0	false	false	0	0
1073915567	11	21850	9934	9935	0	0	0	0	1	736	10216	10215	10289	10289	10289	10293	10291	10293	10345	10290	10450	10451	10453	10217	10892	143	10892	20.0	0.3	10920	872416694	0	true	0	0	0	0	0	0	0	0	0	0	0	13	21850	10095	9935	0	12	21850	9918	9935	0	1000162119	10293	10291	10293	10454	0	0	0	false	false	0	0
1073915568	14	21757	9992	0	0	0	0	0	1	736	10216	10215	10289	10289	10289	10293	10291	10293	10345	10290	10450	10451	10453	10217	10892	143	10892	20.0	0.3	10920	872416694	0	true	0	0	0	0	0	0	0	0	0	0	0	-1	0	0	0	0	-1	0	0	0	0	1000162119	10293	10291	10293	10454	0	0	0	false	false	0	0
1073915569	16	21747	9503	9504	0	0	0	0	1	736	10216	10215	10289	10289	10289	10293	10291	10293	10345	10290	10450	10451	10453	10217	10892	143	10892	20.0	0.3	10920	872416694	0	true	0	0	0	0	0	0	0	0	0	0	0	17	21747	9442	9504	0	-1	0	0	0	0	1000162119	10293	10291	10293	10454	0	0	0	false	false	0	0
1073915570	18	21759	9339	9522	0	0	0	0	1	736	10216	10215	10289	10289	10289	10293	10291	10293	10345	10290	10450	10451	10453	10217	10892	143	10892	20.0	0.3	10920	872416694	0	true	0	0	0	0	0	0	0	0	0	0	0	-1	0	0	0	0	-1	0	0	0	0	1000162119	10293	10291	10293	10454	0	0	0	false	false	0	0
1073915571	19	21760	16327	18544	0	0	0	0	1	736	10216	10215	10289	10289	10289	10293	10292	10293	10345	10290	10450	10450	10453	10217	10892	143	10892	20.0	0.3	10920	872416694	0	true	0	0	0	0	0	0	0	0	0	0	0	20	21760	16328	18544	0	-1	0	0	0	0	1000162119	10293	10292	10293	10454	0	0	0	false	false	0	0
1073915572	21	21761	16329	0	0	0	0	0	1	736	10216	10215	10289	10289	10289	10293	10292	10293	10345	10290	10450	10450	10453	10217	10892	143	10892	20.0	0.3	10920	872416694	0	true	0	0	0	0	0	0	0	0	0	0	0	-1	0	0	0	0	-1	0	0	0	0	1000162119	10293	10292	10293	10454	0	0	0	false	false	0	0
1073915573	22	29705	21786	21788	0	0	0	0	1	736	10216	10215	10289	10289	10289	10293	10292	10293	10345	10290	10450	10450	10453	10217	10892	143	10892	20.0	0.3	10920	872416694	0	true	0	0	0	0	0	0	0	0	0	0	0	23	29705	23112	21788	0	-1	0	0	0	0	1000162119	10293	10292	10293	10454	0	0	0	false	false	0	0
1073915574	24	29702	21783	21785	0	0	0	0	1	736	10216	10215	10289	10289	10289	10293	10292	10293	10345	10290	10450	10450	10453	10217	10892	143	10892	20.0	0.3	10920	872416694	0	true	0	0	0	0	0	0	0	0	0	0	0	-1	0	0	0	0	-1	0	0	0	0	1000162119	10293	10292	10293	10454	0	0	0	false	false	0	0
1073915575	25	56801	29389	31052	0	0	0	0	1	736	10216	10215	10289	10289	10289	10293	10292	10293	10345	10290	10450	10450	10453	10217	10892	143	10892	20.0	0.3	10920	872416694	0	true	0	0	0	0	0	0	0	0	0	0	0	-1	0	0	0	0	-1	0	0	0	0	1000162119	10293	10292	10293	10454	0	0	0	false	false	0	0
1073915576	27	56804	32288	29369	0	0	0	0	1	736	10216	10215	10289	10289	10289	10293	10292	10293	10345	10290	10450	10450	10453	10217	10892	143	10892	20.0	0.3	10920	872416694	0	true	0	0	0	0	0	0	0	0	0	0	0	-1	0	0	0	0	-1	0	0	0	0	1000162119	10293	10292	10293	10454	0	0	0	false	false	0	0
1073915577	28	56858	37545	37728	0	0	0	0	1	736	10216	10215	10289	10289	10289	10293	10292	10293	10345	10290	10450	10450	10453	10217	10892	143	10892	20.0	0.3	10920	872416694	0	true	0	0	0	0	0	0	0	0	0	0	0	-1	0	0	0	0	-1	0	0	0	0	1000162119	10293	10292	10293	10454	0	0	0	false	false	0	0
1073915578	30	56859	37544	37728	0	0	0	0	1	736	10216	10215	10289	10289	10289	10293	10292	10293	10345	10290	10450	10450	10453	10217	10892	143	10892	20.0	0.3	10920	872416694	0	true	0	0	0	0	0	0	0	0	0	0	0	-1	0	0	0	0	-1	0	0	0	0	1000162119	10293	10292	10293	10454	0	0	0	false	false	0	0
1073916095	0	63264	63294	11084	0	0	0	0	1	736	10216	10215	10289	10289	10289	10293	10291	10293	10345	10290	10892	10893	10894	10217	10892	143	10892	20.0	0.3	10920	872416749	0	true	0	0	0	0	0	0	0	0	0	0	0	-1	0	0	0	0	-1	0	0	0	0	1000165459	10293	10291	10293	10895	0	0	0	true	false	0	0
1073916096	2	63265	63295	10929	0	0	0	0	1	736	10216	10215	10289	10289	10289	10293	10291	10293	10345	10290	10892	10893	10894	10217	10892	143	10892	20.0	0.3	10920	872416749	0	true	0	0	0	0	0	0	0	0	0	0	0	-1	0	0	0	0	-1	0	0	0	0	1000165459	10293	10291	10293	10895	0	0	0	true	false	0	0
1073916097	3	63266	63296	11045	0	0	0	0	1	736	10216	10215	10289	10289	10289	10293	10291	10293	10345	10290	10892	10893	10894	10217	10892	143	10892	20.0	0.3	10920	872416749	0	true	0	0	0	0	0	0	0	0	0	0	0	-1	0	0	0	0	-1	0	0	0	0	1000165459	10293	10291	10293	10895	0	0	0	true	false	0	0
1073916098	1	63267	63297	2567	0	0	0	0	1	736	10216	10215	10289	10289	10289	10293	10291	10293	10345	10290	10892	10893	10894	10217	10892	143	10892	20.0	0.3	10920	872416749	0	true	0	0	0	0	0	0	0	0	0	0	0	-1	0	0	0	0	-1	0	0	0	0	1000165459	10293	10291	10293	10895	0	0	0	true	false	0	0
1073916099	5	63268	63298	9587	0	0	0	0	1	736	10216	10215	10289	10289	10289	10293	10291	10293	10345	10290	10496	10496	10496	10217	10892	143	10892	20.0	0.3	10920	872416749	0	true	0	0	0	0	0	0	0	0	0	0	0	-1	0	0	0	0	-1	0	0	0	0	1000165459	10293	10291	10293	10496	0	0	0	true	false	0	0
1073916100	4	63269	63299	9711	0	0	0	0	1	736	10216	10215	10289	10289	10289	10293	10291	10293	10345	10290	10496	10496	10496	10217	10892	143	10892	20.0	0.3	10920	872416749	0	true	0	0	0	0	0	0	0	0	0	0	0	-1	0	0	0	0	-1	0	0	0	0	1000165459	10293	10291	10293	10496	0	0	0	true	false	0	0
1073916101	6	63270	63300	9643	0	0	0	0	1	736	10216	10215	10289	10289	10289	10293	10291	10293	10345	10290	10496	10496	10496	10217	10892	143	10892	20.0	0.3	10920	872416749	0	true	0	0	0	0	0	0	0	0	0	0	0	-1	0	0	0	0	-1	0	0	0	0	1000165459	10293	10291	10293	10496	0	0	0	true	false	0	0
1073916102	15	0	0	0	0	0	0	0	1	736	10216	10215	10289	10289	10289	10293	10291	10293	10345	10290	0	0	0	10217	10892	143	10892	20.0	0.3	10920	872416749	0	true	0	0	0	0	0	0	0	0	0	0	0	-1	0	0	0	0	-1	0	0	0	0	1000165459	10293	10291	10293	0	0	0	0	true	false	0	0
1073916103	7	63271	63301	0	0	0	0	0	1	736	10216	10215	10289	10289	10289	10293	10291	10293	10345	10290	10892	10893	10894	10217	10892	143	10892	20.0	0.3	10920	872416749	0	true	0	0	0	0	0	0	0	0	0	0	0	-1	0	0	0	0	-1	0	0	0	0	1000165459	10293	10291	10293	10895	0	0	0	true	false	0	0
1073916104	8	63272	63302	10665	0	0	0	0	1	736	10216	10215	10289	10289	10289	10293	10291	10293	10345	10290	10892	10893	10894	10217	10892	143	10892	20.0	0.3	10920	872416749	0	true	0	0	0	0	0	0	0	0	0	0	0	-1	0	0	0	0	-1	0	0	0	0	1000165459	10293	10291	10293	10895	0	0	0	true	false	0	0
1073916105	10	63273	63303	10770	0	0	0	0	1	736	10216	10215	10289	10289	10289	10293	10291	10293	10345	10290	10892	10893	10894	10217	10892	143	10892	20.0	0.3	10920	872416749	0	true	0	0	0	0	0	0	0	0	0	0	0	-1	0	0	0	0	-1	0	0	0	0	1000165459	10293	10291	10293	10895	0	0	0	true	false	0	0
1073916106	9	63274	63304	10712	0	0	0	0	1	736	10216	10215	10289	10289	10289	10293	10291	10293	10345	10290	10892	10893	10894	10217	10892	143	10892	20.0	0.3	10920	872416749	0	true	0	0	0	0	0	0	0	0	0	0	0	-1	0	0	0	0	-1	0	0	0	0	1000165459	10293	10291	10293	10895	0	0	0	true	false	0	0
1073916107	11	63275	63305	9935	0	0	0	0	1	736	10216	10215	10289	10289	10289	10293	10291	10293	10345	10290	10450	10451	10453	10217	10892	143	10892	20.0	0.3	10920	872416749	0	true	0	0	0	0	0	0	0	0	0	0	0	-1	0	0	0	0	-1	0	0	0	0	1000165459	10293	10291	10293	10454	0	0	0	true	false	0	0
1073916108	13	63276	63306	10096	0	0	0	0	1	736	10216	10215	10289	10289	10289	10293	10291	10293	10345	10290	10450	10451	10453	10217	10892	143	10892	20.0	0.3	10920	872416749	0	true	0	0	0	0	0	0	0	0	0	0	0	-1	0	0	0	0	-1	0	0	0	0	1000165459	10293	10291	10293	10454	0	0	0	true	false	0	0
1073916109	12	63277	63307	9884	0	9885	0	0	1	736	10216	10215	10289	10289	10289	10293	10291	10293	10345	10290	10450	10451	10453	10217	10892	143	10892	20.0	0.3	10920	872416749	0	true	0	0	0	0	0	0	0	0	0	0	0	-1	0	0	0	0	-1	0	0	0	0	1000165459	10293	10291	10293	10454	0	0	0	true	false	0	0
1073916110	14	63278	63308	0	0	0	0	0	1	736	10216	10215	10289	10289	10289	10293	10291	10293	10345	10290	10450	10451	10453	10217	10892	143	10892	20.0	0.3	10920	872416749	0	true	0	0	0	0	0	0	0	0	0	0	0	-1	0	0	0	0	-1	0	0	0	0	1000165459	10293	10291	10293	10454	0	0	0	true	false	0	0
1073916111	16	63279	63309	9504	0	0	0	0	1	736	10216	10215	10289	10289	10289	10293	10291	10293	10345	10290	10450	10451	10453	10217	10892	143	10892	20.0	0.3	10920	872416749	0	true	0	0	0	0	0	0	0	0	0	0	0	-1	0	0	0	0	-1	0	0	0	0	1000165459	10293	10291	10293	10454	0	0	0	true	false	0	0
1073916112	17	63280	63310	9443	0	0	0	0	1	736	10216	10215	10289	10289	10289	10293	10291	10293	10345	10290	10450	10451	10453	10217	10892	143	10892	20.0	0.3	10920	872416749	0	true	0	0	0	0	0	0	0	0	0	0	0	-1	0	0	0	0	-1	0	0	0	0	1000165459	10293	10291	10293	10454	0	0	0	true	false	0	0
1073916113	18	63281	63311	9522	0	0	0	0	1	736	10216	10215	10289	10289	10289	10293	10291	10293	10345	10290	10450	10451	10453	10217	10892	143	10892	20.0	0.3	10920	872416749	0	true	0	0	0	0	0	0	0	0	0	0	0	-1	0	0	0	0	-1	0	0	0	0	1000165459	10293	10291	10293	10454	0	0	0	true	false	0	0
1073916114	19	63282	63312	18544	0	0	0	0	1	736	10216	10215	10289	10289	10289	10293	10291	10293	10345	10290	10450	10451	10453	10217	10892	143	10892	20.0	0.3	10920	872416749	0	true	0	0	0	0	0	0	0	0	0	0	0	-1	0	0	0	0	-1	0	0	0	0	1000165459	10293	10291	10293	10454	0	0	0	true	false	0	0
1073916115	20	63283	63313	18544	0	0	0	0	1	736	10216	10215	10289	10289	10289	10293	10291	10293	10345	10290	10450	10451	10453	10217	10892	143	10892	20.0	0.3	10920	872416749	0	true	0	0	0	0	0	0	0	0	0	0	0	-1	0	0	0	0	-1	0	0	0	0	1000165459	10293	10291	10293	10454	0	0	0	true	false	0	0
1073916116	21	63284	63314	0	0	0	0	0	1	736	10216	10215	10289	10289	10289	10293	10291	10293	10345	10290	10450	10451	10453	10217	10892	143	10892	20.0	0.3	10920	872416749	0	true	0	0	0	0	0	0	0	0	0	0	0	-1	0	0	0	0	-1	0	0	0	0	1000165459	10293	10291	10293	10454	0	0	0	true	false	0	0
1073916117	22	63285	63315	21788	0	0	0	0	1	736	10216	10215	10289	10289	10289	10293	10291	10293	10345	10290	10450	10451	10453	10217	10892	143	10892	20.0	0.3	10920	872416749	0	true	0	0	0	0	0	0	0	0	0	0	0	-1	0	0	0	0	-1	0	0	0	0	1000165459	10293	10291	10293	10454	0	0	0	true	false	0	0
1073916118	23	63286	63316	21788	0	0	0	0	1	736	10216	10215	10289	10289	10289	10293	10291	10293	10345	10290	10450	10451	10453	10217	10892	143	10892	20.0	0.3	10920	872416749	0	true	0	0	0	0	0	0	0	0	0	0	0	-1	0	0	0	0	-1	0	0	0	0	1000165459	10293	10291	10293	10454	0	0	0	true	false	0	0
1073916119	24	63287	63317	21785	0	0	0	0	1	736	10216	10215	10289	10289	10289	10293	10291	10293	10345	10290	10450	10451	10453	10217	10892	143	10892	20.0	0.3	10920	872416749	0	true	0	0	0	0	0	0	0	0	0	0	0	-1	0	0	0	0	-1	0	0	0	0	1000165459	10293	10291	10293	10454	0	0	0	true	false	0	0
1073916120	25	63288	63318	31052	0	0	0	0	1	736	10216	10215	10289	10289	10289	10293	10291	10293	10345	10290	10450	10451	10453	10217	10892	143	10892	20.0	0.3	10920	872416749	0	true	0	0	0	0	0	0	0	0	0	0	0	-1	0	0	0	0	-1	0	0	0	0	1000165459	10293	10291	10293	10454	0	0	0	true	false	0	0
1073916121	26	63289	63319	31052	0	0	0	0	1	736	10216	10215	10289	10289	10289	10293	10291	10293	10345	10290	10450	10451	10453	10217	10892	143	10892	20.0	0.3	10920	872416749	0	true	0	0	0	0	0	0	0	0	0	0	0	-1	0	0	0	0	-1	0	0	0	0	1000165459	10293	10291	10293	10454	0	0	0	true	false	0	0
1073916122	27	63290	63320	29369	0	0	0	0	1	736	10216	10215	10289	10289	10289	10293	10291	10293	10345	10290	10450	10451	10453	10217	10892	143	10892	20.0	0.3	10920	872416749	0	true	0	0	0	0	0	0	0	0	0	0	0	-1	0	0	0	0	-1	0	0	0	0	1000165459	10293	10291	10293	10454	0	0	0	true	false	0	0
1073916123	28	63291	63321	37728	0	0	0	0	1	736	10216	10215	10289	10289	10289	10293	10291	10293	10345	10290	10450	10451	10453	10217	10892	143	10892	20.0	0.3	10920	872416749	0	true	0	0	0	0	0	0	0	0	0	0	0	-1	0	0	0	0	-1	0	0	0	0	1000165459	10293	10291	10293	10454	0	0	0	true	false	0	0
1073916124	29	63292	63322	37728	0	0	0	0	1	736	10216	10215	10289	10289	10289	10293	10291	10293	10345	10290	10450	10451	10453	10217	10892	143	10892	20.0	0.3	10920	872416749	0	true	0	0	0	0	0	0	0	0	0	0	0	-1	0	0	0	0	-1	0	0	0	0	1000165459	10293	10291	10293	10454	0	0	0	true	false	0	0
1073916125	30	63293	63323	37728	0	0	0	0	1	736	10216	10215	10289	10289	10289	10293	10291	10293	10345	10290	10450	10451	10453	10217	10892	143	10892	20.0	0.3	10920	872416749	0	true	0	0	0	0	0	0	0	0	0	0	0	-1	0	0	0	0	-1	0	0	0	0	1000165459	10293	10291	10293	10454	0	0	0	true	false	0	0
1073916619	33	63776	63777	63067	0	0	0	0	1	736	10216	10215	10289	10289	10289	10293	10291	10293	10345	10290	10450	10451	10453	10217	10892	143	10892	20.0	0.3	10920	872416749	0	true	0	0	0	0	0	0	0	0	0	0	0	-1	0	0	0	0	-1	0	0	0	0	1000165459	10293	10291	10293	10454	0	0	0	true	false	0	0
1073916620	35	63778	63779	63423	0	0	0	0	1	736	10216	10215	10289	10289	10289	10293	10291	10293	10345	10290	10450	10451	10453	10217	10892	143	10892	20.0	0.3	10920	872416749	0	true	0	0	0	0	0	0	0	0	0	0	0	-1	0	0	0	0	-1	0	0	0	0	1000165459	10293	10291	10293	10454	0	0	0	true	false	0	0
1073916552	0	63611	10889	11084	0	0	0	0	1	736	10216	10215	10289	10289	10289	10293	10291	10293	10345	10290	10892	10893	10894	10217	10892	143	10892	20.0	0.3	10920	872416747	0	true	0	0	0	0	0	0	0	0	0	0	0	2	63611	10928	11084	0	3	63611	11068	11084	0	1000164690	10293	10291	10293	10895	0	0	0	false	false	0	0
1073916553	1	63612	10986	2567	0	0	0	0	1	736	10216	10215	10289	10289	10289	10293	10291	10293	10345	10290	10892	10893	10894	10217	10892	143	10892	20.0	0.3	10920	872416747	0	true	0	0	0	0	0	0	0	0	0	0	0	-1	0	0	0	0	-1	0	0	0	0	1000164690	10293	10291	10293	10895	0	0	0	false	false	0	0
1073916554	5	63613	9625	9587	0	0	0	0	1	736	10216	10215	10289	10289	10289	10293	10291	10293	10345	10290	10496	10496	10496	10217	10892	143	10892	20.0	0.3	10920	872416747	0	true	0	0	0	0	0	0	0	0	0	0	0	6	63613	9682	9707	0	4	63613	9749	9708	0	1000164690	10293	10291	10293	10496	0	0	0	false	false	0	0
1073916555	15	0	0	0	0	0	0	0	1	736	10216	10215	10289	10289	10289	10293	10291	10293	10345	10290	0	0	0	10217	10892	143	10892	20.0	0.3	10920	872416747	0	true	0	0	0	0	0	0	0	0	0	0	0	-1	0	0	0	0	-1	0	0	0	0	1000164690	10293	10291	10293	0	0	0	0	false	false	0	0
1073916556	7	63614	10864	0	0	0	0	0	1	736	10216	10215	10289	10289	10289	10293	10291	10293	10345	10290	10892	10893	10894	10217	10892	143	10892	20.0	0.3	10920	872416747	0	true	0	0	0	0	0	0	0	0	0	0	0	-1	0	0	0	0	-1	0	0	0	0	1000164690	10293	10291	10293	10895	0	0	0	false	false	0	0
1073916557	8	63615	10646	10665	0	0	0	0	1	736	10216	10215	10289	10289	10289	10293	10291	10293	10345	10290	10892	10893	10894	10217	10892	143	10892	20.0	0.3	10920	872416747	0	true	0	0	0	0	0	0	0	0	0	0	0	10	63615	10769	10667	0	9	63615	10711	10666	0	1000164690	10293	10291	10293	10895	0	0	0	false	false	0	0
1073916558	11	63616	9934	9935	0	0	0	0	1	736	10216	10215	10289	10289	10289	10293	10291	10293	10345	10290	10450	10451	10453	10217	10892	143	10892	20.0	0.3	10920	872416747	0	true	0	0	0	0	0	0	0	0	0	0	0	13	63616	10095	9935	0	12	63616	9918	9935	0	1000164690	10293	10291	10293	10454	0	0	0	false	false	0	0
1073916559	14	63617	9992	0	0	0	0	0	1	736	10216	10215	10289	10289	10289	10293	10291	10293	10345	10290	10450	10451	10453	10217	10892	143	10892	20.0	0.3	10920	872416747	0	true	0	0	0	0	0	0	0	0	0	0	0	-1	0	0	0	0	-1	0	0	0	0	1000164690	10293	10291	10293	10454	0	0	0	false	false	0	0
1073916560	17	63618	9442	9443	0	0	0	0	1	736	10216	10215	10289	10289	10289	10293	10291	10293	10345	10290	10450	10451	10453	10217	10892	143	10892	20.0	0.3	10920	872416747	0	true	0	0	0	0	0	0	0	0	0	0	0	16	63618	9503	9443	0	-1	0	0	0	0	1000164690	10293	10291	10293	10454	0	0	0	false	false	0	0
1073916561	18	63619	9339	9522	0	0	0	0	1	736	10216	10215	10289	10289	10289	10293	10291	10293	10345	10290	10450	10451	10453	10217	10892	143	10892	20.0	0.3	10920	872416747	0	true	0	0	0	0	0	0	0	0	0	0	0	-1	0	0	0	0	-1	0	0	0	0	1000164690	10293	10291	10293	10454	0	0	0	false	false	0	0
1073916562	20	63620	16328	18544	0	0	0	0	1	736	10216	10215	10289	10289	10289	10293	10292	10293	10345	10290	10450	10450	10453	10217	10892	143	10892	20.0	0.3	10920	872416747	0	true	0	0	0	0	0	0	0	0	0	0	0	19	63620	16327	18544	0	-1	0	0	0	0	1000164690	10293	10292	10293	10454	0	0	0	false	false	0	0
1073916563	21	63621	16329	0	0	0	0	0	1	736	10216	10215	10289	10289	10289	10293	10292	10293	10345	10290	10450	10450	10453	10217	10892	143	10892	20.0	0.3	10920	872416747	0	true	0	0	0	0	0	0	0	0	0	0	0	-1	0	0	0	0	-1	0	0	0	0	1000164690	10293	10292	10293	10454	0	0	0	false	false	0	0
1073916564	23	63622	23112	21788	0	0	0	0	1	736	10216	10215	10289	10289	10289	10293	10292	10293	10345	10290	10450	10450	10453	10217	10892	143	10892	20.0	0.3	10920	872416747	0	true	0	0	0	0	0	0	0	0	0	0	0	22	63622	21786	21788	0	-1	0	0	0	0	1000164690	10293	10292	10293	10454	0	0	0	false	false	0	0
1073916565	24	63623	21783	21785	0	0	0	0	1	736	10216	10215	10289	10289	10289	10293	10292	10293	10345	10290	10450	10450	10453	10217	10892	143	10892	20.0	0.3	10920	872416747	0	true	0	0	0	0	0	0	0	0	0	0	0	-1	0	0	0	0	-1	0	0	0	0	1000164690	10293	10292	10293	10454	0	0	0	false	false	0	0
1073916566	26	63624	29389	31052	0	0	0	0	1	736	10216	10215	10289	10289	10289	10293	10292	10293	10345	10290	10450	10450	10453	10217	10892	143	10892	20.0	0.3	10920	872416747	0	true	0	0	0	0	0	0	0	0	0	0	0	-1	0	0	0	0	-1	0	0	0	0	1000164690	10293	10292	10293	10454	0	0	0	false	false	0	0
1073916567	27	63625	32288	29369	0	0	0	0	1	736	10216	10215	10289	10289	10289	10293	10292	10293	10345	10290	10450	10450	10453	10217	10892	143	10892	20.0	0.3	10920	872416747	0	true	0	0	0	0	0	0	0	0	0	0	0	-1	0	0	0	0	-1	0	0	0	0	1000164690	10293	10292	10293	10454	0	0	0	false	false	0	0
1073916568	28	63626	37545	37728	0	0	0	0	1	736	10216	10215	10289	10289	10289	10293	10292	10293	10345	10290	10450	10450	10453	10217	10892	143	10892	20.0	0.3	10920	872416747	0	true	0	0	0	0	0	0	0	0	0	0	0	-1	0	0	0	0	-1	0	0	0	0	1000164690	10293	10292	10293	10454	0	0	0	false	false	0	0
1073916569	30	63627	37544	37728	0	0	0	0	1	736	10216	10215	10289	10289	10289	10293	10292	10293	10345	10290	10450	10450	10453	10217	10892	143	10892	20.0	0.3	10920	872416747	0	true	0	0	0	0	0	0	0	0	0	0	0	-1	0	0	0	0	-1	0	0	0	0	1000164690	10293	10292	10293	10454	0	0	0	false	false	0	0
1073916755	33	63984	63459	63067	0	0	0	0	1	736	10216	10215	10289	10289	10289	10293	10292	10293	10345	10290	10450	10450	10453	10217	10892	143	10892	20.0	0.3	10920	872416747	0	true	0	0	0	0	0	0	0	0	0	0	0	-1	0	0	0	0	-1	0	0	0	0	1000164690	10293	10292	10293	10454	0	0	0	false	false	0	0
1073916756	35	63985	63460	63423	0	0	0	0	1	736	10216	10215	10289	10289	10289	10293	10292	10293	10345	10290	10450	10450	10453	10217	10892	143	10892	20.0	0.3	10920	872416747	0	true	0	0	0	0	0	0	0	0	0	0	0	-1	0	0	0	0	-1	0	0	0	0	1000164690	10293	10292	10293	10454	0	0	0	false	false	0	0
1073918191	2	28225	10928	10929	0	0	0	0	1	736	10216	10215	10289	10289	10289	10293	10291	10293	10345	10290	10892	10893	10894	10217	10892	143	10892	20.0	0.3	10920	0	0	true	0	0	0	0	0	0	0	0	0	0	0	0	28225	10889	10929	0	3	28225	11068	10929	0	0	10293	10291	10293	10895	0	0	0	false	false	0	0
1073918192	1	28226	10986	2567	0	0	0	0	1	736	10216	10215	10289	10289	10289	10293	10291	10293	10345	10290	10892	10893	10894	10217	10892	143	10892	20.0	0.3	10920	0	0	true	0	0	0	0	0	0	0	0	0	0	0	-1	0	0	0	0	-1	0	0	0	0	0	10293	10291	10293	10895	0	0	0	false	false	0	0
1073918193	5	28231	9625	9587	0	0	0	0	1	736	10216	10215	10289	10289	10289	10293	10291	10293	10345	10290	10496	10496	10496	10217	10892	143	10892	20.0	0.3	10920	0	0	true	0	0	0	0	0	0	0	0	0	0	0	6	28231	9682	9707	0	4	28231	9749	9708	0	0	10293	10291	10293	10496	0	0	0	false	false	0	0
1073918194	15	0	0	0	0	0	0	0	1	736	10216	10215	10289	10289	10289	10293	10291	10293	10345	10290	0	0	0	10217	10892	143	10892	20.0	0.3	10920	0	0	true	0	0	0	0	0	0	0	0	0	0	0	-1	0	0	0	0	-1	0	0	0	0	0	10293	10291	10293	0	0	0	0	false	false	0	0
1073918195	7	28223	10864	0	0	0	0	0	1	736	10216	10215	10289	10289	10289	10293	10291	10293	10345	10290	10892	10893	10894	10217	10892	143	10892	20.0	0.3	10920	0	0	true	0	0	0	0	0	0	0	0	0	0	0	-1	0	0	0	0	-1	0	0	0	0	0	10293	10291	10293	10895	0	0	0	false	false	0	0
1073918196	8	28224	10646	10665	0	0	0	0	1	736	10216	10215	10289	10289	10289	10293	10291	10293	10345	10290	10892	10893	10894	10217	10892	143	10892	20.0	0.3	10920	0	0	true	0	0	0	0	0	0	0	0	0	0	0	10	28224	10769	10667	0	9	28224	10711	10666	0	0	10293	10291	10293	10895	0	0	0	false	false	0	0
1073918197	11	28229	9934	9935	0	0	0	0	1	736	10216	10215	10289	10289	10289	10293	10291	10293	10345	10290	10450	10451	10453	10217	10892	143	10892	20.0	0.3	10920	0	0	true	0	0	0	0	0	0	0	0	0	0	0	13	28229	10095	9935	0	12	28229	9918	9935	0	0	10293	10291	10293	10454	0	0	0	false	false	0	0
1073918198	14	28230	9992	0	0	0	0	0	1	736	10216	10215	10289	10289	10289	10293	10291	10293	10345	10290	10450	10451	10453	10217	10892	143	10892	20.0	0.3	10920	0	0	true	0	0	0	0	0	0	0	0	0	0	0	-1	0	0	0	0	-1	0	0	0	0	0	10293	10291	10293	10454	0	0	0	false	false	0	0
1073918199	16	28219	9503	9504	0	0	0	0	1	736	10216	10215	10289	10289	10289	10293	10291	10293	10345	10290	10450	10451	10453	10217	10892	143	10892	20.0	0.3	10920	0	0	true	0	0	0	0	0	0	0	0	0	0	0	17	28219	9442	9504	0	-1	0	0	0	0	0	10293	10291	10293	10454	0	0	0	false	false	0	0
1073918200	18	28220	9339	9522	0	0	0	0	1	736	10216	10215	10289	10289	10289	10293	10291	10293	10345	10290	10450	10451	10453	10217	10892	143	10892	20.0	0.3	10920	0	0	true	0	0	0	0	0	0	0	0	0	0	0	-1	0	0	0	0	-1	0	0	0	0	0	10293	10291	10293	10454	0	0	0	false	false	0	0
1073918201	20	28221	16328	18544	0	0	0	0	1	736	10216	10215	10289	10289	10289	10293	10292	10293	10345	10290	10450	10450	10453	10217	10892	143	10892	20.0	0.3	10920	0	0	true	0	0	0	0	0	0	0	0	0	0	0	19	28221	16327	18544	0	-1	0	0	0	0	0	10293	10292	10293	10454	0	0	0	false	false	0	0
1073918202	21	28222	16329	0	0	0	0	0	1	736	10216	10215	10289	10289	10289	10293	10292	10293	10345	10290	10450	10450	10453	10217	10892	143	10892	20.0	0.3	10920	0	0	true	0	0	0	0	0	0	0	0	0	0	0	-1	0	0	0	0	-1	0	0	0	0	0	10293	10292	10293	10454	0	0	0	false	false	0	0
1073918203	22	28227	21786	21788	0	0	0	0	1	736	10216	10215	10289	10289	10289	10293	10292	10293	10345	10290	10450	10450	10453	10217	10892	143	10892	20.0	0.3	10920	0	0	true	0	0	0	0	0	0	0	0	0	0	0	23	28227	23112	21788	0	-1	0	0	0	0	0	10293	10292	10293	10454	0	0	0	false	false	0	0
1073918204	24	28228	21783	21785	0	0	0	0	1	736	10216	10215	10289	10289	10289	10293	10292	10293	10345	10290	10450	10450	10453	10217	10892	143	10892	20.0	0.3	10920	0	0	true	0	0	0	0	0	0	0	0	0	0	0	-1	0	0	0	0	-1	0	0	0	0	0	10293	10292	10293	10454	0	0	0	false	false	0	0
1073918205	25	56797	29389	31052	0	0	0	0	1	736	10216	10215	10289	10289	10289	10293	10292	10293	10345	10290	10450	10450	10453	10217	10892	143	10892	20.0	0.3	10920	0	0	true	0	0	0	0	0	0	0	0	0	0	0	-1	0	0	0	0	-1	0	0	0	0	0	10293	10292	10293	10454	0	0	0	false	false	0	0
1073918206	27	56798	32288	29369	0	0	0	0	1	736	10216	10215	10289	10289	10289	10293	10292	10293	10345	10290	10450	10450	10453	10217	10892	143	10892	20.0	0.3	10920	0	0	true	0	0	0	0	0	0	0	0	0	0	0	-1	0	0	0	0	-1	0	0	0	0	0	10293	10292	10293	10454	0	0	0	false	false	0	0
1073918207	28	56896	37545	37728	0	0	0	0	1	736	10216	10215	10289	10289	10289	10293	10292	10293	10345	10290	10450	10450	10453	10217	10892	143	10892	20.0	0.3	10920	0	0	true	0	0	0	0	0	0	0	0	0	0	0	-1	0	0	0	0	-1	0	0	0	0	0	10293	10292	10293	10454	0	0	0	false	false	0	0
1073918208	30	56897	37544	37728	0	0	0	0	1	736	10216	10215	10289	10289	10289	10293	10292	10293	10345	10290	10450	10450	10453	10217	10892	143	10892	20.0	0.3	10920	0	0	true	0	0	0	0	0	0	0	0	0	0	0	-1	0	0	0	0	-1	0	0	0	0	0	10293	10292	10293	10454	0	0	0	false	false	0	0
1073918209	33	65191	63459	63067	0	0	0	0	1	736	10216	10215	10289	10289	10289	10293	10292	10293	10345	10290	10450	10450	10453	10217	10892	143	10892	20.0	0.3	10920	0	0	true	0	0	0	0	0	0	0	0	0	0	0	-1	0	0	0	0	-1	0	0	0	0	0	10293	10292	10293	10454	0	0	0	false	false	0	0
1073918210	35	65192	63460	63423	0	0	0	0	1	736	10216	10215	10289	10289	10289	10293	10292	10293	10345	10290	10450	10450	10453	10217	10892	143	10892	20.0	0.3	10920	0	0	true	0	0	0	0	0	0	0	0	0	0	0	-1	0	0	0	0	-1	0	0	0	0	0	10293	10292	10293	10454	0	0	0	false	false	0	0
1073917626	2	64613	64682	10929	0	0	0	0	1	736	10216	10215	10289	10289	10289	10293	10291	10293	10345	10290	10892	10893	10894	10217	10892	143	10892	20.0	0.3	10920	0	0	true	0	0	0	0	0	0	0	0	0	0	0	0	64613	64701	10929	0	3	64613	64708	10929	0	0	10293	10291	10293	10895	0	0	0	false	false	0	0
1073917627	1	64614	64683	2567	0	0	0	0	1	736	10216	10215	10289	10289	10289	10293	10291	10293	10345	10290	10892	10893	10894	10217	10892	143	10892	20.0	0.3	10920	0	0	true	0	0	0	0	0	0	0	0	0	0	0	-1	0	0	0	0	-1	0	0	0	0	0	10293	10291	10293	10895	0	0	0	false	false	0	0
1073917628	5	64615	64684	9587	0	0	0	0	1	736	10216	10215	10289	10289	10289	10293	10291	10293	10345	10290	10496	10496	10496	10217	10892	143	10892	20.0	0.3	10920	0	0	true	0	0	0	0	0	0	0	0	0	0	0	6	64615	64702	9707	0	4	64615	64709	9708	0	0	10293	10291	10293	10496	0	0	0	false	false	0	0
1073917629	15	0	0	0	0	0	0	0	1	736	10216	10215	10289	10289	10289	10293	10291	10293	10345	10290	0	0	0	10217	10892	143	10892	20.0	0.3	10920	0	0	true	0	0	0	0	0	0	0	0	0	0	0	-1	0	0	0	0	-1	0	0	0	0	0	10293	10291	10293	0	0	0	0	false	false	0	0
1073917630	7	64616	64685	0	0	0	0	0	1	736	10216	10215	10289	10289	10289	10293	10291	10293	10345	10290	10892	10893	10894	10217	10892	143	10892	20.0	0.3	10920	0	0	true	0	0	0	0	0	0	0	0	0	0	0	-1	0	0	0	0	-1	0	0	0	0	0	10293	10291	10293	10895	0	0	0	false	false	0	0
1073917631	8	64617	64686	10665	0	0	0	0	1	736	10216	10215	10289	10289	10289	10293	10291	10293	10345	10290	10892	10893	10894	10217	10892	143	10892	20.0	0.3	10920	0	0	true	0	0	0	0	0	0	0	0	0	0	0	10	64617	64703	10667	0	9	64617	64710	10666	0	0	10293	10291	10293	10895	0	0	0	false	false	0	0
1073917632	11	64618	64687	9935	0	0	0	0	1	736	10216	10215	10289	10289	10289	10293	10291	10293	10345	10290	10450	10451	10453	10217	10892	143	10892	20.0	0.3	10920	0	0	true	0	0	0	0	0	0	0	0	0	0	0	13	64618	64704	9935	0	12	64618	64711	9935	0	0	10293	10291	10293	10454	0	0	0	false	false	0	0
1073917633	14	64619	64688	0	0	0	0	0	1	736	10216	10215	10289	10289	10289	10293	10291	10293	10345	10290	10450	10451	10453	10217	10892	143	10892	20.0	0.3	10920	0	0	true	0	0	0	0	0	0	0	0	0	0	0	-1	0	0	0	0	-1	0	0	0	0	0	10293	10291	10293	10454	0	0	0	false	false	0	0
1073917634	16	64620	64689	9504	0	0	0	0	1	736	10216	10215	10289	10289	10289	10293	10291	10293	10345	10290	10450	10451	10453	10217	10892	143	10892	20.0	0.3	10920	0	0	true	0	0	0	0	0	0	0	0	0	0	0	17	64620	64705	9504	0	-1	0	0	0	0	0	10293	10291	10293	10454	0	0	0	false	false	0	0
1073917635	18	64621	64690	9522	0	0	0	0	1	736	10216	10215	10289	10289	10289	10293	10291	10293	10345	10290	10450	10451	10453	10217	10892	143	10892	20.0	0.3	10920	0	0	true	0	0	0	0	0	0	0	0	0	0	0	-1	0	0	0	0	-1	0	0	0	0	0	10293	10291	10293	10454	0	0	0	false	false	0	0
1073917636	20	64622	64691	18544	0	0	0	0	1	736	10216	10215	10289	10289	10289	10293	10292	10293	10345	10290	10450	10450	10453	10217	10892	143	10892	20.0	0.3	10920	0	0	true	0	0	0	0	0	0	0	0	0	0	0	19	64622	64706	18544	0	-1	0	0	0	0	0	10293	10292	10293	10454	0	0	0	false	false	0	0
1073917637	21	64623	64692	0	0	0	0	0	1	736	10216	10215	10289	10289	10289	10293	10292	10293	10345	10290	10450	10450	10453	10217	10892	143	10892	20.0	0.3	10920	0	0	true	0	0	0	0	0	0	0	0	0	0	0	-1	0	0	0	0	-1	0	0	0	0	0	10293	10292	10293	10454	0	0	0	false	false	0	0
1073917638	22	64624	64693	21788	0	0	0	0	1	736	10216	10215	10289	10289	10289	10293	10292	10293	10345	10290	10450	10450	10453	10217	10892	143	10892	20.0	0.3	10920	0	0	true	0	0	0	0	0	0	0	0	0	0	0	23	64624	64707	21788	0	-1	0	0	0	0	0	10293	10292	10293	10454	0	0	0	false	false	0	0
1073917639	24	64625	64694	21785	0	0	0	0	1	736	10216	10215	10289	10289	10289	10293	10292	10293	10345	10290	10450	10450	10453	10217	10892	143	10892	20.0	0.3	10920	0	0	true	0	0	0	0	0	0	0	0	0	0	0	-1	0	0	0	0	-1	0	0	0	0	0	10293	10292	10293	10454	0	0	0	false	false	0	0
1073917640	25	64626	64695	31052	0	0	0	0	1	736	10216	10215	10289	10289	10289	10293	10292	10293	10345	10290	10450	10450	10453	10217	10892	143	10892	20.0	0.3	10920	0	0	true	0	0	0	0	0	0	0	0	0	0	0	-1	0	0	0	0	-1	0	0	0	0	0	10293	10292	10293	10454	0	0	0	false	false	0	0
1073917641	27	64627	64696	29369	0	0	0	0	1	736	10216	10215	10289	10289	10289	10293	10292	10293	10345	10290	10450	10450	10453	10217	10892	143	10892	20.0	0.3	10920	0	0	true	0	0	0	0	0	0	0	0	0	0	0	-1	0	0	0	0	-1	0	0	0	0	0	10293	10292	10293	10454	0	0	0	false	false	0	0
1073917642	28	64628	64697	37728	0	0	0	0	1	736	10216	10215	10289	10289	10289	10293	10292	10293	10345	10290	10450	10450	10453	10217	10892	143	10892	20.0	0.3	10920	0	0	true	0	0	0	0	0	0	0	0	0	0	0	-1	0	0	0	0	-1	0	0	0	0	0	10293	10292	10293	10454	0	0	0	false	false	0	0
1073917643	30	64629	64698	37728	0	0	0	0	1	736	10216	10215	10289	10289	10289	10293	10292	10293	10345	10290	10450	10450	10453	10217	10892	143	10892	20.0	0.3	10920	0	0	true	0	0	0	0	0	0	0	0	0	0	0	-1	0	0	0	0	-1	0	0	0	0	0	10293	10292	10293	10454	0	0	0	false	false	0	0
1073917644	33	64630	64699	63067	0	0	0	0	1	736	10216	10215	10289	10289	10289	10293	10292	10293	10345	10290	10450	10450	10453	10217	10892	143	10892	20.0	0.3	10920	0	0	true	0	0	0	0	0	0	0	0	0	0	0	-1	0	0	0	0	-1	0	0	0	0	0	10293	10292	10293	10454	0	0	0	false	false	0	0
1073917645	35	64631	64700	63423	0	0	0	0	1	736	10216	10215	10289	10289	10289	10293	10292	10293	10345	10290	10450	10450	10453	10217	10892	143	10892	20.0	0.3	10920	0	0	true	0	0	0	0	0	0	0	0	0	0	0	-1	0	0	0	0	-1	0	0	0	0	0	10293	10292	10293	10454	0	0	0	false	false	0	0
1073918559	2	65774	65852	10929	0	0	0	0	1	736	10216	10215	10289	10289	10289	10293	10291	10293	10345	10290	10892	10893	10894	10217	10892	143	10892	20.0	0.3	10920	872416763	0	true	0	0	0	0	0	0	0	0	0	0	0	0	65774	65885	10929	0	3	65774	65884	10929	0	1000168398	10293	10291	10293	10895	0	0	0	false	false	0	0
1073918560	1	65775	65853	2567	0	0	0	0	1	736	10216	10215	10289	10289	10289	10293	10291	10293	10345	10290	10892	10893	10894	10217	10892	143	10892	20.0	0.3	10920	872416763	0	true	0	0	0	0	0	0	0	0	0	0	0	-1	0	0	0	0	-1	0	0	0	0	1000168398	10293	10291	10293	10895	0	0	0	false	false	0	0
1073918561	5	65776	65854	9587	0	0	0	0	1	736	10216	10215	10289	10289	10289	10293	10291	10293	10345	10290	10496	10496	10496	10217	10892	143	10892	20.0	0.3	10920	872416763	0	true	0	0	0	0	0	0	0	0	0	0	0	6	65776	65876	9707	0	4	65776	65877	9708	0	1000168398	10293	10291	10293	10496	0	0	0	false	false	0	0
1073918562	15	0	0	0	0	0	0	0	1	736	10216	10215	10289	10289	10289	10293	10291	10293	10345	10290	0	0	0	10217	10892	143	10892	20.0	0.3	10920	872416763	0	true	0	0	0	0	0	0	0	0	0	0	0	-1	0	0	0	0	-1	0	0	0	0	1000168398	10293	10291	10293	0	0	0	0	false	false	0	0
1073918563	7	65778	65856	0	0	0	0	0	1	736	10216	10215	10289	10289	10289	10293	10291	10293	10345	10290	10892	10893	10894	10217	10892	143	10892	20.0	0.3	10920	872416763	0	true	0	0	0	0	0	0	0	0	0	0	0	-1	0	0	0	0	-1	0	0	0	0	1000168398	10293	10291	10293	10895	0	0	0	false	false	0	0
1073918564	9	65777	65855	10712	0	0	0	0	1	736	10216	10215	10289	10289	10289	10293	10291	10293	10345	10290	10892	10893	10894	10217	10892	143	10892	20.0	0.3	10920	872416763	0	true	0	0	0	0	0	0	0	0	0	0	0	10	65777	65883	10841	0	8	65777	65882	10840	0	1000168398	10293	10291	10293	10895	0	0	0	false	false	0	0
1073918565	11	65779	65857	9935	0	0	0	0	1	736	10216	10215	10289	10289	10289	10293	10291	10293	10345	10290	10450	10451	10453	10217	10892	143	10892	20.0	0.3	10920	872416763	0	true	0	0	0	0	0	0	0	0	0	0	0	13	65779	65880	9935	0	12	65779	65879	9935	0	1000168398	10293	10291	10293	10454	0	0	0	false	false	0	0
1073918566	14	65780	65858	0	0	0	0	0	1	736	10216	10215	10289	10289	10289	10293	10291	10293	10345	10290	10450	10451	10453	10217	10892	143	10892	20.0	0.3	10920	872416763	0	true	0	0	0	0	0	0	0	0	0	0	0	-1	0	0	0	0	-1	0	0	0	0	1000168398	10293	10291	10293	10454	0	0	0	false	false	0	0
1073918567	17	65781	65859	9443	0	0	0	0	1	736	10216	10215	10289	10289	10289	10293	10291	10293	10345	10290	10450	10451	10453	10217	10892	143	10892	20.0	0.3	10920	872416763	0	true	0	0	0	0	0	0	0	0	0	0	0	16	65781	65875	9443	0	-1	0	0	0	0	1000168398	10293	10291	10293	10454	0	0	0	false	false	0	0
1073918568	18	65782	65860	9522	0	0	0	0	1	736	10216	10215	10289	10289	10289	10293	10291	10293	10345	10290	10450	10451	10453	10217	10892	143	10892	20.0	0.3	10920	872416763	0	true	0	0	0	0	0	0	0	0	0	0	0	-1	0	0	0	0	-1	0	0	0	0	1000168398	10293	10291	10293	10454	0	0	0	false	false	0	0
1073918569	20	65783	65861	18544	0	0	0	0	1	736	10216	10215	10289	10289	10289	10293	10292	10293	10345	10290	10450	10450	10453	10217	10892	143	10892	20.0	0.3	10920	872416763	0	true	0	0	0	0	0	0	0	0	0	0	0	19	65783	65881	18544	0	-1	0	0	0	0	1000168398	10293	10292	10293	10454	0	0	0	false	false	0	0
1073918570	21	65784	65862	0	0	0	0	0	1	736	10216	10215	10289	10289	10289	10293	10292	10293	10345	10290	10450	10450	10453	10217	10892	143	10892	20.0	0.3	10920	872416763	0	true	0	0	0	0	0	0	0	0	0	0	0	-1	0	0	0	0	-1	0	0	0	0	1000168398	10293	10292	10293	10454	0	0	0	false	false	0	0
1073918571	22	65786	65864	21788	0	0	0	0	1	736	10216	10215	10289	10289	10289	10293	10292	10293	10345	10290	10450	10450	10453	10217	10892	143	10892	20.0	0.3	10920	872416763	0	true	0	0	0	0	0	0	0	0	0	0	0	23	65786	65878	21788	0	-1	0	0	0	0	1000168398	10293	10292	10293	10454	0	0	0	false	false	0	0
1073918572	24	65785	65863	21785	0	0	0	0	1	736	10216	10215	10289	10289	10289	10293	10292	10293	10345	10290	10450	10450	10453	10217	10892	143	10892	20.0	0.3	10920	872416763	0	true	0	0	0	0	0	0	0	0	0	0	0	-1	0	0	0	0	-1	0	0	0	0	1000168398	10293	10292	10293	10454	0	0	0	false	false	0	0
1073918573	25	65787	65865	31052	0	0	0	0	1	736	10216	10215	10289	10289	10289	10293	10292	10293	10345	10290	10450	10450	10453	10217	10892	143	10892	20.0	0.3	10920	872416763	0	true	0	0	0	0	0	0	0	0	0	0	0	-1	0	0	0	0	-1	0	0	0	0	1000168398	10293	10292	10293	10454	0	0	0	false	false	0	0
1073918574	27	65788	65866	29369	0	0	0	0	1	736	10216	10215	10289	10289	10289	10293	10292	10293	10345	10290	10450	10450	10453	10217	10892	143	10892	20.0	0.3	10920	872416763	0	true	0	0	0	0	0	0	0	0	0	0	0	-1	0	0	0	0	-1	0	0	0	0	1000168398	10293	10292	10293	10454	0	0	0	false	false	0	0
1073918575	28	65789	65867	37728	0	0	0	0	1	736	10216	10215	10289	10289	10289	10293	10292	10293	10345	10290	10450	10450	10453	10217	10892	143	10892	20.0	0.3	10920	872416763	0	true	0	0	0	0	0	0	0	0	0	0	0	-1	0	0	0	0	-1	0	0	0	0	1000168398	10293	10292	10293	10454	0	0	0	false	false	0	0
1073918576	30	65790	65868	37728	0	0	0	0	1	736	10216	10215	10289	10289	10289	10293	10292	10293	10345	10290	10450	10450	10453	10217	10892	143	10892	20.0	0.3	10920	872416763	0	true	0	0	0	0	0	0	0	0	0	0	0	-1	0	0	0	0	-1	0	0	0	0	1000168398	10293	10292	10293	10454	0	0	0	false	false	0	0
1073918577	33	65791	65869	63067	0	0	0	0	1	736	10216	10215	10289	10289	10289	10293	10292	10293	10345	10290	10450	10450	10453	10217	10892	143	10892	20.0	0.3	10920	872416763	0	true	0	0	0	0	0	0	0	0	0	0	0	-1	0	0	0	0	-1	0	0	0	0	1000168398	10293	10292	10293	10454	0	0	0	false	false	0	0
1073918578	35	65792	65870	63423	0	0	0	0	1	736	10216	10215	10289	10289	10289	10293	10292	10293	10345	10290	10450	10450	10453	10217	10892	143	10892	20.0	0.3	10920	872416763	0	true	0	0	0	0	0	0	0	0	0	0	0	-1	0	0	0	0	-1	0	0	0	0	1000168398	10293	10292	10293	10454	0	0	0	false	false	0	0
1073919131	0	66177	66196	11084	0	0	0	0	1	736	10216	10215	10289	10289	10289	10293	10291	10293	10345	10290	10892	10893	10894	10217	10892	143	10892	20.0	0.3	10920	872416776	0	true	0	0	0	0	0	0	0	0	0	0	0	2	66177	66275	11084	0	3	66177	66282	11084	0	1000169997	10293	10291	10293	10895	0	0	0	false	false	0	0
1073919132	1	66178	66197	2567	0	0	0	0	1	736	10216	10215	10289	10289	10289	10293	10291	10293	10345	10290	10892	10893	10894	10217	10892	143	10892	20.0	0.3	10920	872416776	0	true	0	0	0	0	0	0	0	0	0	0	0	-1	0	0	0	0	-1	0	0	0	0	1000169997	10293	10291	10293	10895	0	0	0	false	false	0	0
1073919133	5	66179	66198	9587	0	0	0	0	1	736	10216	10215	10289	10289	10289	10293	10291	10293	10345	10290	10496	10496	10496	10217	10892	143	10892	20.0	0.3	10920	872416776	0	true	0	0	0	0	0	0	0	0	0	0	0	6	66179	66276	9707	0	4	66179	66283	9708	0	1000169997	10293	10291	10293	10496	0	0	0	false	false	0	0
1073919134	15	0	0	0	0	0	0	0	1	736	10216	10215	10289	10289	10289	10293	10291	10293	10345	10290	0	0	0	10217	10892	143	10892	20.0	0.3	10920	872416776	0	true	0	0	0	0	0	0	0	0	0	0	0	-1	0	0	0	0	-1	0	0	0	0	1000169997	10293	10291	10293	0	0	0	0	false	false	0	0
1073919135	7	66180	66199	0	0	0	0	0	1	736	10216	10215	10289	10289	10289	10293	10291	10293	10345	10290	10892	10893	10894	10217	10892	143	10892	20.0	0.3	10920	872416776	0	true	0	0	0	0	0	0	0	0	0	0	0	-1	0	0	0	0	-1	0	0	0	0	1000169997	10293	10291	10293	10895	0	0	0	false	false	0	0
1073919136	8	66181	66200	10665	0	0	0	0	1	736	10216	10215	10289	10289	10289	10293	10291	10293	10345	10290	10892	10893	10894	10217	10892	143	10892	20.0	0.3	10920	872416776	0	true	0	0	0	0	0	0	0	0	0	0	0	10	66181	66277	10667	0	9	66181	66284	10666	0	1000169997	10293	10291	10293	10895	0	0	0	false	false	0	0
1073919137	13	66182	66201	10096	0	0	0	0	1	736	10216	10215	10289	10289	10289	10293	10291	10293	10345	10290	10450	10451	10453	10217	10892	143	10892	20.0	0.3	10920	872416776	0	true	0	0	0	0	0	0	0	0	0	0	0	11	66182	66278	10096	0	12	66182	66285	10096	0	1000169997	10293	10291	10293	10454	0	0	0	false	false	0	0
1073919138	14	66183	66202	0	0	0	0	0	1	736	10216	10215	10289	10289	10289	10293	10291	10293	10345	10290	10450	10451	10453	10217	10892	143	10892	20.0	0.3	10920	872416776	0	true	0	0	0	0	0	0	0	0	0	0	0	-1	0	0	0	0	-1	0	0	0	0	1000169997	10293	10291	10293	10454	0	0	0	false	false	0	0
1073919139	17	66184	66203	9443	0	0	0	0	1	736	10216	10215	10289	10289	10289	10293	10291	10293	10345	10290	10450	10451	10453	10217	10892	143	10892	20.0	0.3	10920	872416776	0	true	0	0	0	0	0	0	0	0	0	0	0	16	66184	66279	9443	0	-1	0	0	0	0	1000169997	10293	10291	10293	10454	0	0	0	false	false	0	0
1073919140	18	66185	66204	9522	0	0	0	0	1	736	10216	10215	10289	10289	10289	10293	10291	10293	10345	10290	10450	10451	10453	10217	10892	143	10892	20.0	0.3	10920	872416776	0	true	0	0	0	0	0	0	0	0	0	0	0	-1	0	0	0	0	-1	0	0	0	0	1000169997	10293	10291	10293	10454	0	0	0	false	false	0	0
1073919141	20	66186	66205	18544	0	0	0	0	1	736	10216	10215	10289	10289	10289	10293	10292	10293	10345	10290	10450	10450	10453	10217	10892	143	10892	20.0	0.3	10920	872416776	0	true	0	0	0	0	0	0	0	0	0	0	0	19	66186	66280	18544	0	-1	0	0	0	0	1000169997	10293	10292	10293	10454	0	0	0	false	false	0	0
1073919142	21	66187	66206	0	0	0	0	0	1	736	10216	10215	10289	10289	10289	10293	10292	10293	10345	10290	10450	10450	10453	10217	10892	143	10892	20.0	0.3	10920	872416776	0	true	0	0	0	0	0	0	0	0	0	0	0	-1	0	0	0	0	-1	0	0	0	0	1000169997	10293	10292	10293	10454	0	0	0	false	false	0	0
1073919143	23	66188	66207	21788	0	0	0	0	1	736	10216	10215	10289	10289	10289	10293	10292	10293	10345	10290	10450	10450	10453	10217	10892	143	10892	20.0	0.3	10920	872416776	0	true	0	0	0	0	0	0	0	0	0	0	0	22	66188	66281	21788	0	-1	0	0	0	0	1000169997	10293	10292	10293	10454	0	0	0	false	false	0	0
1073919144	24	66189	66208	21785	0	0	0	0	1	736	10216	10215	10289	10289	10289	10293	10292	10293	10345	10290	10450	10450	10453	10217	10892	143	10892	20.0	0.3	10920	872416776	0	true	0	0	0	0	0	0	0	0	0	0	0	-1	0	0	0	0	-1	0	0	0	0	1000169997	10293	10292	10293	10454	0	0	0	false	false	0	0
1073919145	25	66190	66209	31052	0	0	0	0	1	736	10216	10215	10289	10289	10289	10293	10292	10293	10345	10290	10450	10450	10453	10217	10892	143	10892	20.0	0.3	10920	872416776	0	true	0	0	0	0	0	0	0	0	0	0	0	-1	0	0	0	0	-1	0	0	0	0	1000169997	10293	10292	10293	10454	0	0	0	false	false	0	0
1073919146	27	66191	66210	29369	0	0	0	0	1	736	10216	10215	10289	10289	10289	10293	10292	10293	10345	10290	10450	10450	10453	10217	10892	143	10892	20.0	0.3	10920	872416776	0	true	0	0	0	0	0	0	0	0	0	0	0	-1	0	0	0	0	-1	0	0	0	0	1000169997	10293	10292	10293	10454	0	0	0	false	false	0	0
1073919147	29	66192	66211	37728	0	0	0	0	1	736	10216	10215	10289	10289	10289	10293	10292	10293	10345	10290	10450	10450	10453	10217	10892	143	10892	20.0	0.3	10920	872416776	0	true	0	0	0	0	0	0	0	0	0	0	0	-1	0	0	0	0	-1	0	0	0	0	1000169997	10293	10292	10293	10454	0	0	0	false	false	0	0
1073919148	30	66193	66212	37728	0	0	0	0	1	736	10216	10215	10289	10289	10289	10293	10292	10293	10345	10290	10450	10450	10453	10217	10892	143	10892	20.0	0.3	10920	872416776	0	true	0	0	0	0	0	0	0	0	0	0	0	-1	0	0	0	0	-1	0	0	0	0	1000169997	10293	10292	10293	10454	0	0	0	false	false	0	0
1073919149	33	66194	66213	63067	0	0	0	0	1	736	10216	10215	10289	10289	10289	10293	10292	10293	10345	10290	10450	10450	10453	10217	10892	143	10892	20.0	0.3	10920	872416776	0	true	0	0	0	0	0	0	0	0	0	0	0	-1	0	0	0	0	-1	0	0	0	0	1000169997	10293	10292	10293	10454	0	0	0	false	false	0	0
1073919150	35	66195	66214	63423	0	0	0	0	1	736	10216	10215	10289	10289	10289	10293	10292	10293	10345	10290	10450	10450	10453	10217	10892	143	10892	20.0	0.3	10920	872416776	0	true	0	0	0	0	0	0	0	0	0	0	0	-1	0	0	0	0	-1	0	0	0	0	1000169997	10293	10292	10293	10454	0	0	0	false	false	0	0
1073919380	0	66372	10889	11084	0	0	0	0	1	736	10216	10215	10289	10289	10289	10293	10291	10293	10345	10290	10892	10893	10894	10217	10892	143	10892	20.0	0.3	10920	872416786	0	true	0	0	0	0	0	0	0	0	0	0	0	2	66372	10928	11084	0	3	66372	11068	11084	0	1000169881	10293	10291	10293	10895	0	0	0	false	false	0	0
1073919381	1	66373	10986	2567	0	0	0	0	1	736	10216	10215	10289	10289	10289	10293	10291	10293	10345	10290	10892	10893	10894	10217	10892	143	10892	20.0	0.3	10920	872416786	0	true	0	0	0	0	0	0	0	0	0	0	0	-1	0	0	0	0	-1	0	0	0	0	1000169881	10293	10291	10293	10895	0	0	0	false	false	0	0
1073919382	5	66111	9625	9587	0	0	0	0	1	736	10216	10215	10289	10289	10289	10293	10291	10293	10345	10290	10496	10496	10496	10217	10892	143	10892	20.0	0.3	10920	872416786	0	true	0	0	0	0	0	0	0	0	0	0	0	6	66111	9682	9707	0	4	66111	9749	9708	0	1000169881	10293	10291	10293	10496	0	0	0	false	false	0	0
1073919383	15	0	0	0	0	0	0	0	1	736	10216	10215	10289	10289	10289	10293	10291	10293	10345	10290	0	0	0	10217	10892	143	10892	20.0	0.3	10920	872416786	0	true	0	0	0	0	0	0	0	0	0	0	0	-1	0	0	0	0	-1	0	0	0	0	1000169881	10293	10291	10293	0	0	0	0	false	false	0	0
1073919384	7	66113	10864	0	0	0	0	0	1	736	10216	10215	10289	10289	10289	10293	10291	10293	10345	10290	10892	10893	10894	10217	10892	143	10892	20.0	0.3	10920	872416786	0	true	0	0	0	0	0	0	0	0	0	0	0	-1	0	0	0	0	-1	0	0	0	0	1000169881	10293	10291	10293	10895	0	0	0	false	false	0	0
1073919385	8	66112	10646	10665	0	0	0	0	1	736	10216	10215	10289	10289	10289	10293	10291	10293	10345	10290	10892	10893	10894	10217	10892	143	10892	20.0	0.3	10920	872416786	0	true	0	0	0	0	0	0	0	0	0	0	0	10	66112	10769	10667	0	9	66112	10711	10666	0	1000169881	10293	10291	10293	10895	0	0	0	false	false	0	0
1073919386	12	66114	9918	9884	0	9885	0	0	1	736	10216	10215	10289	10289	10289	10293	10291	10293	10345	10290	10450	10451	10453	10217	10892	143	10892	20.0	0.3	10920	872416786	0	true	0	0	0	0	0	0	0	0	0	0	0	11	66114	14068	9884	9885	13	66114	14069	9884	9885	1000169881	10293	10291	10293	10454	0	0	0	false	false	0	0
1073919387	14	66115	9992	0	0	0	0	0	1	736	10216	10215	10289	10289	10289	10293	10291	10293	10345	10290	10450	10451	10453	10217	10892	143	10892	20.0	0.3	10920	872416786	0	true	0	0	0	0	0	0	0	0	0	0	0	-1	0	0	0	0	-1	0	0	0	0	1000169881	10293	10291	10293	10454	0	0	0	false	false	0	0
1073919388	17	66341	9442	9443	0	0	0	0	1	736	10216	10215	10289	10289	10289	10293	10291	10293	10345	10290	10450	10451	10453	10217	10892	143	10892	20.0	0.3	10920	872416786	0	true	0	0	0	0	0	0	0	0	0	0	0	16	66341	9503	9443	0	-1	0	0	0	0	1000169881	10293	10291	10293	10454	0	0	0	false	false	0	0
1073919389	18	66342	9339	9522	0	0	0	0	1	736	10216	10215	10289	10289	10289	10293	10291	10293	10345	10290	10450	10451	10453	10217	10892	143	10892	20.0	0.3	10920	872416786	0	true	0	0	0	0	0	0	0	0	0	0	0	-1	0	0	0	0	-1	0	0	0	0	1000169881	10293	10291	10293	10454	0	0	0	false	false	0	0
1073919390	19	66117	16327	18544	0	0	0	0	1	736	10216	10215	10289	10289	10289	10293	10292	10293	10345	10290	10450	10450	10453	10217	10892	143	10892	20.0	0.3	10920	872416786	0	true	0	0	0	0	0	0	0	0	0	0	0	20	66117	16328	18544	0	-1	0	0	0	0	1000169881	10293	10292	10293	10454	0	0	0	false	false	0	0
1073919391	21	66116	16329	0	0	0	0	0	1	736	10216	10215	10289	10289	10289	10293	10292	10293	10345	10290	10450	10450	10453	10217	10892	143	10892	20.0	0.3	10920	872416786	0	true	0	0	0	0	0	0	0	0	0	0	0	-1	0	0	0	0	-1	0	0	0	0	1000169881	10293	10292	10293	10454	0	0	0	false	false	0	0
1073919392	23	66343	23112	21788	0	0	0	0	1	736	10216	10215	10289	10289	10289	10293	10292	10293	10345	10290	10450	10450	10453	10217	10892	143	10892	20.0	0.3	10920	872416786	0	true	0	0	0	0	0	0	0	0	0	0	0	22	66343	21786	21788	0	-1	0	0	0	0	1000169881	10293	10292	10293	10454	0	0	0	false	false	0	0
1073919393	24	66344	21783	21785	0	0	0	0	1	736	10216	10215	10289	10289	10289	10293	10292	10293	10345	10290	10450	10450	10453	10217	10892	143	10892	20.0	0.3	10920	872416786	0	true	0	0	0	0	0	0	0	0	0	0	0	-1	0	0	0	0	-1	0	0	0	0	1000169881	10293	10292	10293	10454	0	0	0	false	false	0	0
1073919394	25	66119	29389	31052	0	0	0	0	1	736	10216	10215	10289	10289	10289	10293	10292	10293	10345	10290	10450	10450	10453	10217	10892	143	10892	20.0	0.3	10920	872416786	0	true	0	0	0	0	0	0	0	0	0	0	0	-1	0	0	0	0	-1	0	0	0	0	1000169881	10293	10292	10293	10454	0	0	0	false	false	0	0
1073919395	27	66118	32288	29369	0	0	0	0	1	736	10216	10215	10289	10289	10289	10293	10292	10293	10345	10290	10450	10450	10453	10217	10892	143	10892	20.0	0.3	10920	872416786	0	true	0	0	0	0	0	0	0	0	0	0	0	-1	0	0	0	0	-1	0	0	0	0	1000169881	10293	10292	10293	10454	0	0	0	false	false	0	0
1073919396	28	66121	37545	37728	0	0	0	0	1	736	10216	10215	10289	10289	10289	10293	10292	10293	10345	10290	10450	10450	10453	10217	10892	143	10892	20.0	0.3	10920	872416786	0	true	0	0	0	0	0	0	0	0	0	0	0	-1	0	0	0	0	-1	0	0	0	0	1000169881	10293	10292	10293	10454	0	0	0	false	false	0	0
1073919397	30	66120	37544	37728	0	0	0	0	1	736	10216	10215	10289	10289	10289	10293	10292	10293	10345	10290	10450	10450	10453	10217	10892	143	10892	20.0	0.3	10920	872416786	0	true	0	0	0	0	0	0	0	0	0	0	0	-1	0	0	0	0	-1	0	0	0	0	1000169881	10293	10292	10293	10454	0	0	0	false	false	0	0
1073919398	33	66122	63459	63067	0	0	0	0	1	736	10216	10215	10289	10289	10289	10293	10292	10293	10345	10290	10450	10450	10453	10217	10892	143	10892	20.0	0.3	10920	872416786	0	true	0	0	0	0	0	0	0	0	0	0	0	-1	0	0	0	0	-1	0	0	0	0	1000169881	10293	10292	10293	10454	0	0	0	false	false	0	0
1073919399	35	66123	63460	63423	0	0	0	0	1	736	10216	10215	10289	10289	10289	10293	10292	10293	10345	10290	10450	10450	10453	10217	10892	143	10892	20.0	0.3	10920	872416786	0	true	0	0	0	0	0	0	0	0	0	0	0	-1	0	0	0	0	-1	0	0	0	0	1000169881	10293	10292	10293	10454	0	0	0	false	false	0	0
1073919425	33	66370	63459	63067	0	0	0	0	1	736	10216	10215	10289	10289	10289	10293	10292	10293	10345	10290	10450	10450	10453	10217	10892	143	10892	20.0	0.3	10920	0	0	true	0	0	0	0	0	0	0	0	0	0	0	-1	0	0	0	0	-1	0	0	0	0	0	10293	10292	10293	10454	0	0	0	false	false	0	0
1073919426	35	66371	63460	63423	0	0	0	0	1	736	10216	10215	10289	10289	10289	10293	10292	10293	10345	10290	10450	10450	10453	10217	10892	143	10892	20.0	0.3	10920	0	0	true	0	0	0	0	0	0	0	0	0	0	0	-1	0	0	0	0	-1	0	0	0	0	0	10293	10292	10293	10454	0	0	0	false	false	0	0
1073919477	33	66459	66466	63067	0	0	0	0	1	736	10216	10215	10289	10289	10289	10293	10292	10293	10345	10290	10450	10450	10453	10217	10892	143	10892	20.0	0.3	10920	0	0	true	0	0	0	0	0	0	0	0	0	0	0	-1	0	0	0	0	-1	0	0	0	0	0	10293	10292	10293	10454	0	0	0	false	false	0	0
1073919478	35	66460	66467	63423	0	0	0	0	1	736	10216	10215	10289	10289	10289	10293	10292	10293	10345	10290	10450	10450	10453	10217	10892	143	10892	20.0	0.3	10920	0	0	true	0	0	0	0	0	0	0	0	0	0	0	-1	0	0	0	0	-1	0	0	0	0	0	10293	10292	10293	10454	0	0	0	false	false	0	0
